ph,Hardness,Solids,Chloramines,Sulfate,Conductivity,Organic_carbon,Trihalomethanes,Turbidity,ph_deviation,organic_turbidity_ratio,chloramine_organic_ratio,Potability
7.822491882508682,208.63671975933647,22308.82172880119,5.850327619082905,400.3224341668411,502.789395890753,16.135732332906514,60.393981704989955,3.835332168411456,0.8224918825086824,4.207126636560161,0.3625696767776895,0
6.037428193759539,227.03399369193497,12988.791228835704,8.47690539073455,392.38052852102254,306.38628263043836,7.122391112549337,41.19050735980774,3.5942173638562394,0.9625718062404607,1.9816244845256754,1.1901767351166501,1
8.445219158974174,228.5228602396304,28966.569326843928,6.179855164933626,333.073545745888,361.7053539670713,14.554220040506436,60.612230200646,4.400705861502303,1.445219158974174,3.30724597173872,0.4246091321365962,0
6.745306715080959,218.42463701923356,21871.838700042495,7.165509192468924,333.073545745888,373.05010163921327,16.826619464762302,74.08607997264363,3.9023525898765015,0.25469328491904086,4.311915636864372,0.4258436331570366,0
6.506487766502467,202.28593794959164,17087.076901837234,6.201982767323312,326.66236831259846,481.77193425228,16.535185927180066,46.20574791071063,3.5487755887477364,0.49351223349753326,4.659404590192833,0.37507787451308877,0
7.740453870226316,182.5410725181184,19713.504368329777,8.85438613128691,382.3415895837468,489.047044090182,8.866966526343731,57.87745539989074,3.5413166704565295,0.7404538702263164,2.503860808736948,0.9985810938159589,0
6.775631133267148,154.3725427775486,15525.393963108943,6.084132842086124,343.03216098405863,597.979273674631,17.11854324946762,56.12402405384072,3.0175443059239453,0.22436886673285183,5.673002892735715,0.35541181267649774,1
6.883015402442057,210.5022172113451,14298.410462069063,7.243682989120733,316.75388888064873,570.424258610733,15.958333509435874,70.61583215486607,4.102291769099022,0.1169845975579431,3.8901010746097406,0.45391221651843894,0
7.036752103833548,219.07464565263655,31044.73818002603,6.7723267260528495,267.1579598616741,411.47115105478895,16.208927936228747,70.85267244163853,1.984614866576952,0.03675210383354788,8.167287286776439,0.41781457323290194,0
7.036752103833548,161.8264761362667,29299.123352787596,7.028796693518548,350.43094029709073,375.78071638776333,19.762576497699683,86.69845684819254,3.4975773906550995,0.03675210383354788,5.650359846258695,0.35566194208911683,1
7.036752103833548,233.99317189415805,27197.3024410022,7.29745250363261,301.84878612891976,490.76619055917985,16.022780228681597,58.52466717651293,3.1983438599807616,0.03675210383354788,5.009710000058585,0.45544231051284634,0
6.373288071168332,180.95890483421687,17502.87944209258,6.4716394042567735,367.7325204343055,411.58131001502375,11.598645594155528,66.62248509808484,4.538108781438108,0.6267119288316678,2.55583186673813,0.5579650480529155,1
8.659113026830287,117.1251603715048,23514.63664741336,8.735315343467212,333.0272047391256,318.64067926297173,16.559076271475135,52.86637311712821,2.89577427975715,1.659113026830287,5.7183568031784,0.5275242817131345,1
7.036752103833548,215.57846419863796,25338.61934219312,5.787190934365635,267.1579598616741,429.3502679728248,11.85446067629846,71.1653521626358,3.1340001497974344,0.03675210383354788,3.782532331573864,0.48818673444585114,0
8.285395274908012,196.55206780599016,19096.82236947592,7.3578572545432035,342.9368809897122,388.94116300743104,14.1514730717181,73.18701322910556,5.438487906597953,1.2853952749080122,2.6020965225376465,0.5199357478418433,0
6.798097459929966,198.1163807723567,35883.78011032254,7.051813574611174,333.073545745888,470.4935448476128,10.888638899272792,58.47380387821696,3.5716225992273714,0.2019025400700336,3.0486524116450195,0.6476303413323584,0
6.5480205581308315,276.39283372089034,25508.38694882565,6.749377795488941,366.8715020205729,497.3217528000844,16.563166510560848,79.32367839549264,3.6118603716661046,0.4519794418691685,4.5857702736028525,0.4074931797426711,1
8.567043820038332,160.21786704107768,23683.110189971605,4.286930404603043,360.28628191117775,490.51253888233583,9.02716717199712,67.47622913468437,2.8049268236561344,1.5670438200383323,3.2183242277623005,0.47489205063237766,0
6.9417194379777,173.33438935151418,20111.82125592225,6.697194091092364,333.073545745888,374.48533241563973,19.93748613178775,66.62248509808484,4.563183171238155,0.0582805620222997,4.369204788501446,0.3359096383021385,1
7.744098531468294,219.6587223115468,30809.705704277247,6.790681061804655,333.073545745888,405.03224707684046,12.758777113920187,70.37182369356944,5.104188246479326,0.7440985314682944,2.4996677234725775,0.5322360026306775,0
7.036752103833548,222.82121305829864,23879.22675685417,5.082356627955027,333.073545745888,382.75796556357153,15.856062237972026,66.2704766771235,4.235174415004401,0.03675210383354788,3.743897403115131,0.3205307995861056,0
5.7085174353319905,187.08175785273477,12193.611261347412,8.288504922252073,351.5732574738831,577.4028099868964,14.35764827631749,66.62248509808484,3.3442848536661556,1.2914825646680095,4.2931881138623345,0.5772884378728844,0
7.920794564373236,173.35715056714022,13454.634777245552,6.947895137367302,356.76811934454196,471.3686945543212,16.47783972341182,68.00050835002364,3.3743265226271983,0.920794564373236,4.883295890193383,0.42165082512878577,0
7.744130993509203,185.5676184157631,30586.592663308227,8.04076015860187,333.073545745888,314.42583386967436,17.13236900538567,59.87160947492036,5.207683455238749,0.7441309935092031,3.2898247105104654,0.46933145595584297,1
7.036752103833548,205.66601573534132,27044.959810452743,4.033933563716921,298.21381596939113,515.7549358993447,9.057548784739652,48.02968966325686,4.067414044403119,0.03675210383354788,2.226856292229902,0.44536697667545555,1
7.036752103833548,145.76818060217258,13224.935638976958,7.906444720606137,304.0019927974152,298.99066649993244,12.729524720542258,49.536848802021865,4.004871127571583,0.03675210383354788,3.178509654005109,0.6211107070428493,0
7.036752103833548,171.4349804706243,39207.58924844238,4.71050999238572,354.44460935071714,381.6854171697269,20.21208839821287,97.41888566320009,2.8125036354500903,0.03675210383354788,7.186508474848537,0.23305408459168095,0
8.064652809050983,214.81668099928447,27172.89357293617,6.369175394060361,267.1579598616741,490.2803525532353,12.45883036899926,65.39948446652211,3.3241126143010953,1.0646528090509833,3.7480158064990703,0.5112177222262184,1
5.896432475240334,165.1356577675441,23022.16894532676,7.536805720810975,356.75619100725004,401.74092136204655,18.363572810707865,80.12474608825285,4.280792929244013,1.103567524759666,4.2897586555751035,0.41042151154783585,1
4.916740541260801,191.46711027690293,23425.331315980828,6.857582643361026,333.073545745888,316.422251309072,18.281754024014333,43.433240093063915,3.613212411606139,2.0832594587391986,5.059693945918285,0.37510526939854094,0
7.036752103833548,220.9851580503777,26492.71618087877,4.949787419534001,333.073545745888,388.969020976625,21.08555041089761,70.26635472632745,4.875382904979997,0.03675210383354788,4.324900525138055,0.23474782912131054,0
5.923739954690041,200.561212598199,33306.01253765967,7.430037412770904,333.073545745888,399.9483324962554,13.7978696801174,63.46340880072283,3.8844603708206806,1.076260045309959,3.5520676775844175,0.5384915966401626,0
4.758439424671477,183.3494541059977,21568.428779035887,4.731348984614181,333.073545745888,403.9441682092025,18.66822945752125,66.91240003430596,4.542801461749175,2.2415605753285233,4.10940814942087,0.25344389203787476,0
7.036752103833548,190.92925578314413,20661.411062730385,10.175483776027445,299.34557629198434,471.0626398509,9.225985272690082,60.02352277328647,4.969149725035601,0.03675210383354788,1.8566523301874653,1.1029155556136019,0
8.246919870565435,119.02821548640011,7747.577263386112,9.12422522149445,333.073545745888,579.2476735847932,13.00122856266978,72.80373390612665,4.09661966700433,1.246919870565435,3.173647164206927,0.7017971013828331,1
7.362736501949787,185.692181022348,16268.44860625852,5.3170192746088984,316.9186484987878,419.25844805495296,16.024246090841586,64.67891377195397,4.408513182397498,0.36273650194978657,3.6348405444228518,0.3318108641527226,0
8.828326657522403,189.9755526527983,13527.989885696586,7.145967391374083,400.3224341668411,338.51245900048895,18.543500286509527,66.62248509808484,3.052822147979249,1.8283266575224033,6.07421373189731,0.38536235854082224,0
5.375895978926893,153.71287427649622,44831.86987314955,7.894086171432456,333.073545745888,493.8884637727761,15.116022810250795,57.71299203911127,4.174219639817962,1.6241040210731068,3.6212802615316484,0.5222329807445232,0
7.945909068934832,213.0664066766147,16769.89054626555,4.745340496708158,292.41924692255157,478.1667104571711,14.189856463396096,82.05440433794729,3.5854312498873027,0.9459090689348324,3.957641777736035,0.3344177705060924,0
5.602158585181398,264.57351508085407,29860.275777016297,7.014528281846648,333.073545745888,530.204760125255,16.030179980745345,29.850948197421545,4.067048744823668,1.3978414148186022,3.941476250972276,0.4375826006126911,0
6.901710202557188,173.15391505725697,10323.957841371875,7.436807555796994,376.8117079769051,538.6207869603159,10.401972967008817,36.75189767253448,3.0356705967120168,0.09828979744281163,3.4265804569490834,0.7149419503820886,0
7.036752103833548,256.9363777094222,13766.330789042637,5.083865924715691,290.31103360347373,384.90651624541937,17.7315232008296,58.3548558852614,3.9792968666884017,0.03675210383354788,4.4559426800552355,0.2867134188316328,1
8.31595907145097,221.2702227529179,16123.304450528043,9.47580112878229,348.1773307361863,501.6739825863527,22.159747227563287,75.36497409259994,2.7602125735682415,1.3159590714509708,8.028272681420253,0.427613212545252,0
8.5759391744694,215.1367210669539,15778.729395634698,7.532773070641205,316.95948955885405,359.8300725546534,14.944675006363752,79.46399242049523,4.002128659925306,1.5759391744694007,3.7341806178869956,0.5040439195492491,0
7.040394956072289,199.07921689768295,22505.518596929374,7.953572278990136,333.073545745888,531.4766664656818,14.690953877230015,58.41286016654179,3.93191655326223,0.040394956072288934,3.736333144890395,0.5413924653269226,1
7.036752103833548,181.6891637214258,27776.180257279146,7.589868762328599,298.2267188011107,417.63120188596497,8.630090797509979,72.92328887809563,3.8079200615963944,0.03675210383354788,2.266352337118035,0.8794655885953019,1
9.809996386872031,139.11870265383985,16819.42317944786,7.7919819834792445,361.0280385830217,438.1792466789875,10.951138010235638,34.53740890850377,5.538200508227339,2.8099963868720312,1.9773816452808821,0.7115225161689901,0
6.280978206755163,205.12312348625665,25972.80375060046,8.417895728135505,383.6714590785622,456.54394505538016,13.95471046154131,32.79902868490234,4.599432013730158,0.7190217932448366,3.034006674275703,0.603229651242516,1
5.685216462878775,154.570002031332,17628.04305899483,6.664443788811873,390.09473084486194,324.42777201529094,17.35258560884438,67.40730004769044,4.066156997388842,1.314783537121225,4.267563045997637,0.3840605403124797,1
7.036752103833548,188.53660845841853,24711.41492737806,7.129520268469129,333.073545745888,555.5485339351901,16.959268901127814,56.03870185281002,4.3316909034515,0.03675210383354788,3.91516046827214,0.42039075443896357,1
9.913703796778616,160.09824748433667,32129.99630738752,6.10951591378841,400.3224341668411,541.2207701977802,11.54632376450212,46.08191023994968,5.554666740402974,2.9137037967786164,2.0786704631345727,0.52913078736287,0
9.436637164251444,143.7884118270435,20724.930359306745,7.700100188125377,333.073545745888,469.7613276654225,14.215764667502071,66.07797803536592,4.411117439774963,2.4366371642514437,3.222712076673983,0.5416591950251529,0
7.036752103833548,137.2534265502834,20593.933717750395,3.961110718748797,393.68458721642264,520.410505321842,19.24955045178001,50.02993328945,3.302419289577298,0.03675210383354788,5.828922052269703,0.2057767802367422,0
7.022952113429302,264.52560648586996,15978.355249095192,10.95620545551429,267.1579598616741,412.709423376704,5.328026018267515,76.02449071926586,4.971907098518464,0.02295211342930159,1.0716260060911358,2.0563344401126664,1
7.440825031061319,183.362712601924,17259.852302409414,4.6102446924534215,335.6264426329922,452.9952927870204,9.700906282901087,80.53706529171714,2.496342612338434,0.4408250310613191,3.8860460695207837,0.47523850687445324,0
6.3194315449597305,180.96562086209,36278.71830879708,9.960552065163297,275.5917457297022,307.69136061472153,18.1969309465336,93.59424603033952,2.6531266883388063,0.6805684550402695,6.858671381145316,0.5473753539568915,1
6.791696906894755,175.89434585427836,21467.950865982875,7.101223816321487,349.49217731774996,427.2397403288587,12.556983190453082,55.25391162576403,2.817391373961896,0.2083030931052452,4.456952218123279,0.5655198500385514,0
7.145771545218821,238.68992851166007,28780.340431632725,6.81402870120907,385.9756504867898,332.0327063306858,11.093163397452656,66.13804474710018,5.182590703980226,0.14577154521882107,2.1404663981021534,0.6142547299464695,0
6.728975147762138,187.20271221036072,26376.062287461536,8.457661649744294,337.8619223503955,488.9763941943218,17.689784660897033,77.13188934450497,4.59378713275743,0.2710248522378622,3.850805511633099,0.4781098997960054,1
7.3764491048464,168.75000723384676,37191.11414053757,4.184943038274488,333.073545745888,439.31285329801904,15.900985054562284,63.3348946717681,5.767354666497637,0.37644910484640004,2.757066838608643,0.26318764282380785,1
7.557963629790507,156.4618716375418,32833.43116851585,3.3116072571688484,267.1579598616741,277.23415452450695,17.857213765482925,62.55313609613756,3.2922701527035314,0.5579636297905068,5.423980266880212,0.18544925962194364,1
7.061845519716819,211.0916870824707,11300.238108793832,8.866359287204885,299.93807105083397,353.5104246491603,16.895753682783038,67.5771086755158,3.958248504440257,0.06184551971681884,4.26849132775229,0.5247684672079077,1
6.739849727999298,197.374481802656,34702.41784804427,5.869684683498216,267.1579598616741,390.0465725578727,17.75791679343456,91.38460524076667,4.3796304394525105,0.2601502720007023,4.054660087026511,0.3305390165545394,0
7.103348375140523,249.589358731504,4425.426440298955,8.211762261710513,293.07866601232297,268.4408502490151,18.422985406844305,68.47419413026635,4.417193560665691,0.10334837514052264,4.170743478428054,0.4457345883216724,0
7.036752103833548,158.7629591628545,26210.116012222665,4.088762946636395,333.073545745888,354.8470532822727,16.00671093326133,85.33805330104508,5.010163393323611,0.03675210383354788,3.194847449435267,0.25544052792879357,1
7.036752103833548,186.8730136696725,26004.528876604727,8.493528783857071,320.6934845979114,534.1302716281098,19.890025324659916,54.37395592223601,5.14411422012617,0.03675210383354788,3.8665590628376463,0.4270245119447973,0
7.036752103833548,204.852186950213,13286.156575345676,9.09384342143146,332.84554447775605,365.6875203930603,8.589895534507548,76.3063756515083,4.26852451986332,0.03675210383354788,2.012380034870355,1.0586673989493873,1
6.0395677903078,246.69285470996635,39489.009736300795,3.1949687604769608,333.073545745888,357.98631255710114,13.239355515057184,78.40453380500972,4.206835504487218,0.9604322096921996,3.1471048377885467,0.24132356862233503,0
3.889106956840228,179.35057672479883,28584.17580970699,5.246381746649555,292.44053636393704,500.866018456054,8.95640145961113,77.3609852692872,3.349571655135964,3.110893043159772,2.673893771457116,0.5857688698456884,1
7.521920636411117,198.35462637165563,20139.430347085523,7.177654989327613,333.073545745888,603.0549558574759,13.773609840263248,84.81677108441426,3.110932391139892,0.5219206364111173,4.427484651227583,0.5211164358111363,0
6.583064855827969,163.36160354126406,17977.69393789565,6.542088000055957,333.073545745888,383.12450352000405,18.09454383092805,44.13646886798645,3.772858553084088,0.41693514417203126,4.795975990184113,0.36155029381418374,0
7.611609817181437,222.2522694745392,25063.683013317812,8.561123755060423,287.9481232044328,505.2654826373972,18.2737569562791,68.39541320826186,2.873261209549148,0.6116098171814368,6.3599336306819305,0.46849278487453694,0
7.362912867202151,180.86780067633327,20430.90669671211,6.664786369078298,333.073545745888,437.3895262513467,9.675166667451435,69.03511345372613,3.2494398781740013,0.36291286720215066,2.977486598521627,0.6888548703398222,1
8.227083130096286,274.351886995951,40546.956331528825,7.130161148170633,267.1579598616741,417.67370224607464,9.809669141814254,79.39710488560058,3.619181847561858,1.2270831300962861,2.7104651947670324,0.7268502452266904,1
6.095511874689899,200.04581758026208,16404.941420255524,6.392094599132991,366.01733577725304,444.45421125632566,16.029988922768496,72.30170199888433,4.302015722703906,0.9044881253101007,3.7261568134243133,0.3987584914232454,0
7.287286375124328,219.6951233348875,18085.502817623244,6.010568765994018,277.32971312716325,406.56479354776894,16.13676600085148,53.67744855356023,3.504265054731857,0.287286375124328,4.6048917944063605,0.37247664080895887,0
7.781663759793227,216.78288125009544,35055.61648989219,7.784203339169811,306.6433363106741,447.16710098702663,10.609544908906004,36.87208588905685,4.822967485351244,0.7816637597932274,2.199795611588646,0.7336980683250066,1
7.31344675557596,158.70747178060148,23154.062319200497,4.143329384036738,276.5501613116038,436.5172742085938,10.890084808165966,87.9125301524647,2.2206399231442355,0.3134467555759599,4.904027794257951,0.3804680199057614,1
8.237091873714283,212.81856287357425,24414.97348497344,5.4139779404918595,333.073545745888,445.55590080286686,12.409910386646004,48.56091384496764,3.6860744730197146,1.2370918737142826,3.366700024858561,0.4362624173382661,0
6.04738085652663,230.58628450087167,20278.38298493814,9.360799140816216,305.77658252916325,333.53076836291507,12.593848073959975,55.30183585746891,2.216729691055614,0.9526191434733704,5.681271128141752,0.7432834144543891,0
5.412762497595831,226.58648764549457,44831.86987314955,7.0701852477538,307.62146151677103,420.12476097328585,21.940189616356463,58.8517359976568,4.091205592856339,1.587237502404169,5.362767466855929,0.32224812315363205,0
6.87645104288265,190.84451360492767,21979.031670782228,5.630557592180706,363.83170570613646,349.1860854870372,9.551732340250794,68.41085132767444,4.54534092739007,0.12354895711735026,2.1014331799093906,0.5894801908312977,1
7.171593554534841,250.22529650833337,22431.026986889177,7.697674850198626,333.073545745888,462.7669762065741,7.92339763408296,79.69776399691365,4.62273611029743,0.17159355453484082,1.7140056734857596,0.9715117471291461,1
8.581042820709179,153.7090924780523,19970.434294477825,7.661687284296819,312.88512715213324,520.8083590715345,14.781584491433136,74.12779298715347,2.883145376777557,1.581042820709179,5.126893525244548,0.5183264872863098,1
5.651933841463073,139.0499167222506,16575.821260333363,7.857856269657003,390.5376556752136,418.5432377730668,13.269004048834518,66.0762228920849,3.8720271369929233,1.348066158536927,3.426887300240393,0.5921963433382821,0
7.49984423195288,210.98503367329377,23707.465304244637,7.148518353215487,333.073545745888,484.8433398184718,18.081956598862632,52.96746903029262,4.454476672661552,0.4998442319528804,4.059276514020253,0.3953398471449316,0
4.252985000876296,149.93865467860903,20497.82222494166,3.2711440240210687,302.81982256988954,427.113755709961,16.086949496694956,68.20087711530671,3.58830042034225,2.747014999123704,4.483165601835252,0.20334146143441673,0
8.151248961954652,205.8473007177256,15661.940335043397,7.009437062121737,335.62277893328366,555.5902835214793,14.861132683102936,72.76258491130193,2.7998833209288145,1.1512489619546518,5.3077666716505645,0.47166233825696935,1
7.16447829539951,213.0024411117785,32751.928962729904,6.292148346850519,333.073545745888,490.9331209497434,12.683766620009692,58.25261283212678,4.998203434951813,0.1644782953995101,2.5376646323855243,0.49607880996843046,1
7.30955640748172,244.83977006285775,22277.62602183729,7.7155717774252,369.0388410331244,477.2353812842728,12.475118719828004,60.806902070210526,3.707413724281805,0.3095564074817201,3.3649104962878584,0.6184767722238401,0
6.971577181951132,185.90693756838783,27959.987873012346,7.214510211890976,349.7438791134752,414.0673542810895,19.882916973878764,36.17900285842046,3.2263485005753423,0.028422818048867704,6.162666806659701,0.36284966931760504,0
9.61022034489963,156.9295461583656,33954.43547084092,4.6390275445754945,333.073545745888,485.3791563016299,11.047843903005514,66.62248509808484,4.961971972367872,2.6102203448996306,2.2265022329884725,0.4199033915939089,0
9.106916914695542,209.60961797001823,16879.524769770767,3.1462213405647073,333.073545745888,294.31008075234655,8.06429605288173,70.19062481642287,4.186726398762156,2.1069169146955424,1.9261574219678148,0.39014204461136803,0
7.44518902590451,150.77572348289786,4168.196993742783,10.573402909396457,400.3224341668411,355.57848095397867,15.35242481672509,74.76097575082576,2.745803764968096,0.4451890259045097,5.591229577789545,0.6887121967316516,1
8.550525459441477,209.682466228215,22377.2729499167,3.1462213405647073,322.15603714649086,413.6735860767769,12.99676072996226,42.989849180469655,4.591997454258289,1.5505254594414772,2.8303059897396086,0.24207732710152896,0
6.444555170207262,166.63518046655352,24855.83004230354,9.492361328958149,287.41237996919233,479.47940901768453,10.697067555976956,65.65532568230017,3.551905359086965,0.5554448297927381,3.0116412074350656,0.8873796853114791,1
7.83398048233436,203.1694080740336,11174.274760041037,6.246502454638379,394.89080921262985,338.2311222952338,16.27659187441759,47.93163884172695,4.254477177044036,0.8339804823343604,3.8257551683403825,0.38377211390819965,0
6.347271760539316,186.73288066057617,41065.23476453935,9.629596276480584,364.4876872467604,516.743281893657,11.53978119153942,75.07161728663777,4.376348290691898,0.6527282394606839,2.6368510429648517,0.8344695000864644,0
6.3571667199938755,191.1355119691727,14782.804221441487,6.154447915075089,333.073545745888,527.9326363981594,18.863094355771068,69.6263249929547,5.222077291311566,0.6428332800061245,3.612181454107126,0.32626924685466147,0
4.291687729728828,124.0073498023252,18038.474365997183,8.603296502045868,333.073545745888,548.5744616651789,15.682821064266989,91.86095966811126,4.61608855445448,2.708312270271172,3.3974256520073842,0.5485808910405428,1
7.678966888683203,205.47991835519747,7472.506480020473,7.181868527775382,333.073545745888,395.235784311772,7.918150337664485,76.37830906277955,3.7189815585763064,0.6789668886832034,2.129117362867035,0.9070132940770144,1
6.638411449233408,180.82666743692937,9772.504814179669,8.295983092416883,333.073545745888,401.1111433997851,12.601517331439425,61.05188924791957,5.164056620303689,0.3615885507665917,2.4402356166386756,0.6583320258892378,1
7.683156515101875,221.57534727835315,25475.884843892596,9.914965569441655,333.073545745888,372.8039093210936,12.05443923959774,51.89250007728792,4.78132309399482,0.6831565151018753,2.52115083659309,0.822515635099496,0
8.218171065854822,117.1251603715048,22465.68755654167,5.000450605792122,333.073545745888,408.3601989119179,6.732793597705609,90.99326781101426,4.24644617230064,1.218171065854822,1.5855121527528424,0.742700602732804,0
5.2140091940446665,192.64884626109335,34184.30840188933,5.783357385747603,282.9698785014731,380.4284147077699,15.867750761299874,80.49849792090869,4.453525556196591,1.7859908059553335,3.562963094768493,0.3644723885744628,0
7.036752103833548,161.03897105056376,25583.492008523008,6.796914143516417,333.073545745888,467.4799009842726,14.105554082441074,52.3314622505262,4.514174613415019,0.03675210383354788,3.124724266491281,0.48186080617113575,1
7.372611795824961,220.3871636355989,17606.885689078066,9.426339354029771,274.2068036850766,551.1452068352077,14.826441473857985,67.30542126001993,3.1825211188828444,0.3726117958249606,4.658708068637866,0.6357789045248254,1
6.7680600489552045,179.80599239273965,23793.031357731652,5.332099116893181,333.1981906695688,461.5304455961213,13.557381201060023,60.57124100127845,4.145806701539799,0.23193995104479548,3.2701423165441708,0.3932985762160099,0
7.3401708843321565,210.11881256065905,12810.42316025056,8.867293830473216,309.661577518229,412.7065583079045,12.389229184122314,73.51332057205724,3.919139532735149,0.3401708843321565,3.161210750326407,0.7157259731792931,1
7.036752103833548,212.70533217236488,25626.4810500146,8.590184463502979,338.66353475458294,330.2533753598524,11.05283836852584,64.47200138337337,4.219225568669436,0.03675210383354788,2.619636132034368,0.7771925545181143,1
7.036752103833548,166.696694784928,14807.413553773438,6.801860754371991,269.70758575702087,536.3369828392506,13.839296508541224,77.55032727034518,3.434798594981862,0.03675210383354788,4.029142349020891,0.4914888743575369,0
6.512900833266178,169.21747977107242,25151.41157350047,4.613310782608283,375.6123180118668,296.07438204919237,15.088699520791636,74.07592557290796,4.404040364778451,0.48709916673382203,3.4261030428697357,0.3057460631716643,1
8.860324241725671,233.62514504456945,19550.299680482232,6.5190628944638975,333.073545745888,285.4124362483411,13.093262346397353,26.619225158022296,2.4766744197524457,1.860324241725671,5.286628292901651,0.4978944302878958,0
8.305063984234739,177.17439355102374,8451.319110908964,5.807121707735631,335.87171849939585,361.69143675502175,14.359351178497208,50.92667057016855,4.461210732047676,1.3050639842347387,3.2187109783077545,0.4044139063899874,0
8.311271181077604,206.10775844471195,20562.513390890872,9.820473297478564,333.073545745888,479.03232034037813,21.7411436011252,80.01264402000064,4.4620457379771805,1.311271181077604,4.872459854820191,0.45169992094023936,1
5.455599351643056,152.38673465827236,37620.24846932248,5.783579818643897,333.073545745888,343.4175877984175,14.401654088327348,41.109869374951785,4.4763487151197605,1.5444006483569437,3.2172763534723168,0.40159132982788437,0
8.742229881827978,179.40980374490414,9694.35489610499,6.577127953867105,368.50432101032777,323.7440124682411,13.925009993742549,85.7793244470867,2.8423931855932016,1.7422298818279778,4.899042527008416,0.4723247943446978,0
3.889106956840228,207.39747285508693,44831.86987314955,5.667433467359569,301.97501115806807,351.52039257622175,15.987370336181527,86.63918585754533,3.721765768518896,3.110893043159772,4.2956400361820135,0.35449439111565645,0
8.027247869950068,193.3524163571854,7714.746969262334,6.087237734755403,333.073545745888,440.9389779950403,22.504679439914412,62.00704373230644,3.480640836854313,1.0272478699500684,6.46566940660961,0.2704876326063732,1
3.889106956840228,216.4800247293341,23039.328505396858,6.769267636869141,344.0142562201914,341.07837903416186,11.498236895261924,78.73344130370165,3.923093197436791,3.110893043159772,2.93091022458101,0.588722176261334,0
7.490786675734917,202.45806075548336,26551.370104695576,7.12077230286162,312.9340248000838,306.34556250687916,17.99816009986307,67.35607867941563,4.354535490634887,0.49078667573491686,4.13319767524533,0.39563888018069765,1
7.277143966771516,194.88086103221565,18270.10506128632,6.121931341619024,344.87975373027217,402.6645820622835,15.459751597829268,76.98723151169938,4.931353521983009,0.27714396677151587,3.134990909477859,0.39599154662271996,0
6.7588516972065955,218.15347702100297,22540.77516736364,7.196435142502073,304.6805991847949,382.5026997574068,18.838735399443067,53.815434821713,3.639971875965875,0.2411483027934045,5.17551532425751,0.38200200851660215,1
6.84605994179889,177.82912709058905,16515.670391024454,6.147209936934442,308.9016958958331,542.9970993819688,12.62647377081356,60.90025424796456,4.709374128291764,0.15394005820111012,2.6811356978040464,0.48685084701106646,0
7.036752103833548,229.48569367886049,35729.692708630326,8.810843045016396,384.94377894842074,296.3975472430137,16.92709217980689,66.62248509808484,3.855602211916699,0.03675210383354788,4.390257827229085,0.5205171940287572,0
7.399724707648925,258.01994705795937,18535.046451649418,5.497159162658319,339.8389767993214,354.6673118033933,14.979000065338653,73.00849575658609,3.795124079678799,0.3997247076489252,3.946905503996301,0.36699103890036583,0
7.036752103833548,184.0200288412756,13361.226016338913,9.25865630203082,335.0899933800422,467.4441542325624,19.58192561067142,80.08423298984718,4.411057599911063,0.03675210383354788,4.439280314948942,0.4728164131196977,0
4.150214299745359,174.92674117052437,41489.639814162794,5.5698686581115195,333.073545745888,425.2500464971023,12.534008729084915,86.68363454098444,3.502370872206418,2.8497857002546407,3.5787201320768833,0.4443804320006831,0
6.985192202008131,133.43213240057406,21944.64182966756,8.577654500763229,341.2399070951627,536.2771526649758,16.176686474433325,91.70881336600598,4.246201594896596,0.014807797991869265,3.809683149333401,0.5302478961975314,1
7.4132883405347805,196.45230247043963,17465.345582051854,6.309195827173505,355.16479233181985,300.93349153001304,13.178068884095296,80.60477634414252,3.290105906261202,0.4132883405347805,4.005361910586223,0.4787647874586033,0
7.9653373053048,151.54188891672248,25274.610304821013,7.106043485706114,352.3161820063584,527.6882417154604,15.79262497378926,52.26848971307088,3.3909821110531904,0.9653373053048,4.657240822672307,0.4499595885763323,0
8.896418988301798,222.25629288902,8870.902965942287,6.011342433002107,332.0026304057902,425.2268617079815,10.84773684727412,66.62248509808484,3.7009457327147457,1.8964189883017983,2.931070785587073,0.5541563151355718,0
6.397905013801276,249.96924347628504,22057.051786181903,4.892716651174616,375.4944742675054,334.2698796287448,14.150363083793138,97.03045733687998,3.9585434513762294,0.6020949861987237,3.574637914921889,0.3457661316840886,1
7.036752103833548,129.88329651550774,8906.975623139486,6.827900879738104,327.5517886889327,525.2247169516716,17.65741087353132,32.185378220561205,3.842113986103595,0.03675210383354788,4.5957528437841555,0.38668752411972745,1
5.226895232238513,127.11755515602354,7907.330440971365,6.7619285106595175,335.4618419553903,475.3323570992948,12.725009697368137,79.42001293915777,5.13805579043723,1.7731047677614873,2.4766191220485294,0.531388827206099,1
6.189699260391608,224.4329492970915,15229.70286870656,5.879183845348483,366.5011179434794,649.8057645659717,10.257514712309728,71.78094925825795,3.027371480146623,0.8103007396083921,3.3882565754885015,0.5731586487645401,1
6.195086857984779,195.4431596237088,19331.1940423265,9.112558175692884,342.87180667804705,425.5028736721689,17.212455066655195,85.11419625334946,4.196558262262504,0.8049131420152209,4.101563683715357,0.5294164958449,1
8.065339036104211,174.1205842541131,21366.283597986225,7.490944013599902,315.18040538058506,497.0192344659093,11.417018608003389,46.21319792414968,3.75639170748219,1.065339036104211,3.039357036675729,0.6561207977911077,1
5.699873488404511,159.43560108087215,31977.37013682092,5.249974384483521,333.073545745888,501.7432180670225,8.008011415089925,55.87024536465181,2.416402097988852,1.3001265115954892,3.314021332680343,0.6555901904685756,1
3.889106956840228,188.80412573040883,34798.25258680311,6.79643915408815,333.073545745888,468.0802666084355,13.1707632092033,49.523769983067695,4.765205370159007,3.110893043159772,2.763943927314907,0.5160246623608234,0
7.036752103833548,229.7253483727581,22444.55941199828,5.702174922988176,320.9900505180545,389.030888830567,15.501543001708969,34.24621224423042,3.8511542403564745,0.03675210383354788,4.025167004245224,0.3678456108862149,0
7.571684493181063,173.00833849223753,8835.555875821101,9.566105409835142,400.3224341668411,305.8344870063121,11.009592033927447,92.48188501756862,3.920287688012938,0.5716844931810634,2.8083625748255385,0.8688881941735707,1
7.036752103833548,226.76564648171785,39942.95389779411,8.594714508739044,333.073545745888,538.6218031101072,13.74474872214762,66.62248509808484,4.863377535184865,0.03675210383354788,2.8261729212951665,0.6253089130382593,0
8.518531795246274,128.26346576732436,32018.289631213174,6.058740241409308,400.3224341668411,554.1390374266267,15.976195725254968,87.47182130405598,4.147168618141657,1.5185317952462736,3.8523130704294384,0.37923545544677284,0
7.291957039597602,202.32904415934777,21891.677158572624,7.628746941681399,339.82901389730023,379.27012223679986,7.65495568277089,64.02152285002973,4.237643894270578,0.29195703959760166,1.8064174497303014,0.9965761085038559,0
8.288765459923367,211.4527442696999,11234.04147072334,6.385510463793114,360.8433114643932,525.0886107113272,15.09857050087345,62.9999988960557,3.5805234612779113,1.2887654599233667,4.21686003381881,0.42292149713790567,0
6.001382440647675,186.88442213446453,22554.830087428574,8.391882653872475,331.21486749826903,444.8910438582651,5.328026018267515,65.95476555947411,4.0367197620943704,0.9986175593523248,1.3198896659632153,1.575045063604279,0
7.610509210594297,208.8178120262024,34538.54403773854,5.6006199545881366,301.7872407090358,470.7403122826415,15.668907691165655,35.36505392135586,4.692217919448618,0.6105092105942971,3.339338585891663,0.3574352282584838,0
5.588129750721398,220.81752245556856,8730.312435580889,8.321896839642253,300.220427519446,412.7085568227779,6.478625963896491,80.63780586935808,3.1656184818533246,1.4118702492786017,2.0465586596982757,1.2845155132434343,0
7.50757529645138,172.5040208489629,18328.695899359172,6.907736146953917,351.4186342314689,377.07513261025207,10.678254946054892,68.85219615143549,3.7030010473243737,0.50757529645138,2.8836751396803924,0.6468974130092844,0
6.002414611941971,196.0029378293756,16136.433268527604,5.687754930947671,301.9809379319386,336.9141570845037,11.988323913721048,43.9126338097687,4.315308015041465,0.9975853880580292,2.7780916434801033,0.47444117271444997,1
7.860106421505122,182.0419861625088,34591.67814811829,6.18785720964272,287.22377860889384,285.22866098963453,14.365624861057768,74.88842167357646,3.499774683747187,0.8601064215051224,4.104727319459682,0.430740523906913,1
6.32304031407478,227.5539717205093,24463.137417859292,6.261933698765704,333.073545745888,399.9474526601608,17.912652389297705,71.15122246346905,4.749424236071901,0.6769596859252198,3.7715410810661987,0.3495815813924602,0
8.246369053777844,207.1721680535752,31080.43207563619,6.096360029402541,332.7661559909496,369.02921276876,17.53395378837547,55.030175011088104,4.433256610390339,1.246369053777844,3.9550947247641766,0.34768881880796565,0
7.780868679242907,221.8444932555149,40483.73038912539,6.1460984395154945,302.32967382496975,563.7199666725719,11.753045758326325,51.55946461543819,4.602026774692102,0.7808686792429071,2.553884142759799,0.5229366108972003,1
8.862112709633287,131.63517654759482,17433.60185279686,7.639572886949698,340.13316533016723,399.4628435734118,16.71220632420807,53.594103522317155,4.955081792660148,1.862112709633287,3.3727400779182704,0.4571253059961491,1
7.036752103833548,160.3259716092888,37795.763317883866,9.15222467032826,390.2766084356859,441.98610614652114,16.450990050021232,26.619225158022296,4.4419798358481835,0.03675210383354788,3.703525669731973,0.5563327244237026,1
10.258615434291345,217.2668424334475,10676.508475429378,3.445514571005745,397.7549459751925,492.20647361771086,12.812732207582542,72.28192021570328,3.4073494284238364,3.258615434291345,3.760321245710387,0.26891331577611394,0
5.632040991917971,203.73048066757823,19345.922475256382,8.047798068058006,267.1579598616741,655.8791400416264,15.75225239673398,69.19592633111915,3.5119848366395887,1.3679590080820292,4.48528357728412,0.510898210266641,0
5.230003189525934,176.71402344076833,27971.891806145053,7.597980582839567,400.3224341668411,440.35537377319184,14.423614126988523,72.83737020556842,3.045612105934353,1.7699968104740664,4.735865530288212,0.5267736636027346,0
7.036752103833548,199.57052513598097,25305.10293017566,5.956792225706756,329.13325487354865,287.5960624748225,13.786141492621937,33.78155731671326,4.1330693385738035,0.03675210383354788,3.335569047532618,0.4320854966423501,0
7.333003447205329,189.4479647438605,32358.538595071623,6.346378213674078,341.34644310357527,490.62529134689737,12.537466280049216,61.58137808693837,2.642003806281338,0.3330034472053294,4.745436590516991,0.5061930030934578,0
7.754884394437196,210.7207686977881,18857.058497252703,5.693751919932961,376.48462222349855,375.6726908435242,14.708599014306005,43.299820101900025,5.128390054528116,0.7548843944371963,2.8680728239939968,0.387103593434797,1
8.581428693706043,186.60162110778467,20590.71211413799,3.924182928425397,366.1318999181253,384.3056982945817,9.999397816120336,66.69397283949574,3.3884482219420073,1.5814286937060427,2.9510248379609547,0.3924418858160855,1
5.895948983187193,187.1536165953963,37118.25543610952,4.600729970888528,267.1579598616741,531.1691008772798,11.410183554311573,77.28655066652708,3.659652967576408,1.1040510168128073,3.1178312636666914,0.40321258161858986,1
5.813546487993315,184.03177581948404,10112.207322290684,6.536992176124827,309.45118665243217,441.59402675603786,11.438175280709345,77.50819277379296,3.721425933150612,1.1864535120066853,3.073599317191383,0.571506507304802,0
9.130768886836288,266.74495922740317,9929.194809860886,6.011964238184745,352.15321440224255,542.8067817707314,10.974207361682431,65.782453044405,4.771443754534465,2.1307688868362877,2.2999757780394026,0.5478266896386014,1
8.663974819761108,206.9231635199248,29551.334147772337,6.030275706989537,339.03226620069626,329.7108394287311,9.13990334215805,63.76576126137178,3.6892413611092696,1.6639748197611084,2.4774472500120304,0.6597744879204842,0
3.889106956840228,276.39283372089034,38969.38899204324,8.925515312294525,333.073545745888,514.7629184568123,10.160302764453265,71.09999884197954,3.965993969608624,3.110893043159772,2.561854677656314,0.8784693370606933,1
4.700392723840931,195.35280730935835,35216.534274067046,7.9190831602624785,335.27937623584404,539.4646482053535,9.852784882147375,64.72133077045876,3.481943696005759,2.299607276159069,2.8296787405755737,0.8037405110580305,0
8.275795629701165,163.35596081730125,22013.96490500964,5.742828934596181,307.66712287388225,351.6313150451818,20.05761944433556,78.50149244782142,4.721339549520147,1.2757956297011646,4.248289068318555,0.2863165623526396,1
6.649705311159435,190.5319471341491,16191.42609113293,5.254959291073438,333.073545745888,564.2031775243212,18.443031191549608,42.81536638088436,3.085178509021315,0.3502946888405649,5.977944277673532,0.2849292478858873,0
7.036752103833548,170.55008775515626,17561.272835697117,8.320209558082848,349.2919541577504,374.46384790951623,10.989145667060312,73.70144876048604,3.716659340751803,0.03675210383354788,2.956725839746076,0.7571297217301199,0
7.865756954092344,184.912917120698,16147.001950433065,7.321343442882046,333.073545745888,505.9128644709307,11.092841670393,88.04898896235098,3.738618342932626,0.865756954092344,2.9670957786495635,0.660006065210214,0
6.703486853784561,182.1295143139358,24316.87514580952,7.009805809226096,341.33395170270643,479.53749686692225,20.088643381265346,53.92504533654803,4.223883710835095,0.2965131462154389,4.755963942324,0.3489436955618287,0
7.261550522070718,179.88978823788457,24964.777703096523,5.837086492837437,349.26927130145657,501.18278074341,17.287713278296337,50.993006453081094,3.636364182680497,0.26155052207071794,4.754119129903486,0.3376436236087925,0
6.957802749302861,219.23995225195375,20215.632849284608,7.054093205452201,306.6473844661239,431.3706621886607,17.427144621297202,56.43564638967577,4.587745468810144,0.04219725069713931,3.7986285292301742,0.40477616694908436,0
7.691486298425762,155.18531929611436,36578.22374530493,7.690727720492953,400.3224341668411,536.8895891431413,16.214965646843382,77.58205050309272,4.042497483266329,0.6914862984257617,4.011124732381279,0.47429809064640477,0
6.415108471708082,192.4279651042001,19310.0620106098,6.84530049098707,333.073545745888,529.7303121271815,16.02143865575721,62.533556792473505,6.073006014096297,0.5848915282919176,2.638139330082974,0.4272587631366356,1
7.036752103833548,117.1251603715048,14476.335695268315,5.398162017711099,281.198274407849,512.2323064106689,15.013793389990155,86.6714587149138,3.895572062268123,0.03675210383354788,3.85406540963415,0.35954681924444815,1
6.376576427120522,177.50998975353576,41243.03802854971,6.669920257654474,333.073545745888,486.80605077046766,13.4907876828986,65.36639188729397,4.161585514695004,0.6234235728794779,3.241741493361053,0.49440550989502197,0
6.681553567542745,238.51244061504585,26132.21181192403,6.30445910663101,309.23700929091484,326.02622671724384,8.13822749145828,46.08726015972748,2.9567480753018724,0.3184464324572547,2.752424126699828,0.7746721676895706,0
8.323982150124747,262.21858527677756,21292.82875462119,7.076944002447285,350.3257358347887,538.7922673434368,17.684654632778177,72.34381220534354,4.153782657266314,1.3239821501247473,4.257480911852976,0.40017426120134914,1
6.911698241358011,179.2136741727753,25612.148912339955,7.224710174935922,318.9879136050391,298.5505129767719,11.858904526950766,94.34017212884176,4.616641008449857,0.08830175864198875,2.568729501929188,0.6092223399973052,1
9.567822726280443,173.11149825407034,38787.46270509904,5.149999932263159,400.3224341668411,492.4115244038293,12.904220856973552,48.4814771779191,4.197919054995084,2.5678227262804434,3.0739558371577096,0.3990941871074586,1
7.036752103833548,260.8450392750325,11803.73549991596,5.260670004788063,336.04045183957794,424.0584184106429,12.318942419694224,70.20332536452862,2.816074739189638,0.03675210383354788,4.374506781994137,0.42703905891619404,0
6.255070000817667,173.84022604396108,25456.274976652392,6.233140365363626,333.073545745888,482.01979921898857,14.23510503373734,70.70436261244751,4.1941998735696195,0.7449299991823333,3.393996964580779,0.43787101765108194,0
6.816416925295727,237.26950481139744,24170.27489447497,8.706012437470024,349.7721759615865,477.0239651307417,16.574059831350212,92.94575720286198,4.2747382136106005,0.1835830747042726,3.877209580078958,0.5252793824071409,1
5.039406776379789,194.40417045632236,19336.608073355794,7.194765031466901,339.2321258939885,515.8071822194082,10.728669004117194,61.12951711869907,3.1269559002913,1.9605932236202106,3.431025545352971,0.670611084943974,0
6.747415283032476,250.41955457077304,24539.713164600576,3.1462213405647073,358.2298656394837,339.3447400756494,15.357289804704635,59.99077026906549,3.37745052375287,0.25258471696752416,4.547005248395191,0.20486825316877355,1
5.648628537607859,167.03009718362142,14547.885478196942,7.735347786205101,333.073545745888,347.79232061117256,10.689768776966218,75.28868753076323,5.370004183346351,1.351371462392141,1.9906440332902666,0.7236215510340402,0
5.400301780729467,140.7390622511396,17266.593421923077,10.056852484033495,328.3582406986835,472.8740732754293,11.256381166909478,56.9319064457562,4.824786389767524,1.5996982192705334,2.3330315426503905,0.8934355936845985,0
6.7076855563827875,199.2853742998247,17435.340205976172,6.809945058547433,333.073545745888,454.7324100176898,14.58729015696406,81.37845107001321,3.8226687145376768,0.2923144436172125,3.8159954289245426,0.46684096349830684,1
9.1726245193336,165.6875477419726,11319.10623209237,6.6188527588159385,372.5547130986511,420.4291096371746,13.353259273302228,72.97405083654003,3.686395201554108,2.172624519333599,3.6223071377061347,0.4956731632086366,0
8.84628195691071,188.41500063590348,17734.949625157653,6.057867647319615,317.1505445057651,419.3955690592329,17.115446767167782,60.25157823210826,2.9250375580069843,1.84628195691071,5.851357658283188,0.35394152287036856,0
6.615350134913252,179.24066130111862,26392.86361186488,9.309160026750972,333.073545745888,496.36356153263193,12.78659536522008,78.26236862036424,4.453443264734048,0.3846498650867476,2.871169954112735,0.728040501229253,1
9.25049163907809,184.4420106841809,22749.178352009774,7.401662764741698,375.00832351538673,436.49376156766255,15.402960743497148,44.788970331248,3.996339179185623,2.2504916390780902,3.854266667217497,0.48053503527440405,0
3.889106956840228,147.49057498194207,21316.506728401615,9.14223366629411,312.05423867788676,406.37201894127423,11.519669079018968,83.2775832559074,2.81725811654666,3.110893043159772,4.088963280431069,0.7936194008667892,0
10.258615434291345,200.89119241184437,17982.38725646974,5.845501641338506,338.9992736864435,336.27970707624337,14.31941120798757,62.15668614059153,4.9213406247862,3.258615434291345,2.9096560043440705,0.40822217814763395,0
7.036752103833548,276.39283372089034,11380.298635923393,8.586100557523826,314.16260194867715,467.6280725145014,10.880027866607236,68.97517592686853,3.2562746896315304,0.03675210383354788,3.3412489922922908,0.7891615603958656,0
6.569053876389385,208.73145371693636,29123.708303808296,6.765117879792386,327.697540846151,308.0860503290929,12.360291976445351,65.75017250151434,4.204699128535813,0.4309461236106147,2.9396369773341076,0.5473266606774186,1
6.010617576533585,184.55858174244537,15940.573270538474,8.165222040842318,400.3224341668411,314.5298133899644,20.314616737804556,83.70793779298936,4.867287404331263,0.9893824234664148,4.173703107407227,0.4019382567877327,1
7.036752103833548,129.89057234567383,34415.853145873094,6.321928990361139,304.5352242338838,470.3291685421987,18.59940992382127,72.40363386888095,4.40558600033858,0.03675210383354788,4.221777920261672,0.3398994202695045,0
7.81965915392936,225.1068358440284,16403.952381052644,7.093310282333076,313.1681338022443,413.2089485139823,15.375616216770482,32.681851150243276,2.402337210865,0.8196591539293596,6.400271263734446,0.461334994382942,0
6.091382724208516,192.12105229204764,17279.96219835077,8.927043243040153,333.073545745888,413.2483341416232,12.739818468359315,85.02703391803442,5.075519615924211,0.9086172757914843,2.5100515656243667,0.7007197602141385,0
5.39205760659185,198.01716522795385,19900.407837851708,7.843225649588569,348.95192434938275,419.81395600739535,14.6165091801181,80.56825164955275,2.978925444705386,1.60794239340815,4.9066364851327045,0.5366004301257359,0
5.44532598066911,201.37945912207348,28001.11817880314,7.208945954961548,331.58748389562743,365.09158719285347,11.788776569693823,65.94456630272555,3.946989523134861,1.5546740193308901,2.9867760007517563,0.6115092012164225,0
7.636454091471839,238.93607434384944,18136.26158474806,11.086526251113613,351.5588107416269,514.9640600608643,8.637461294328716,55.60351213195102,3.332906497382808,0.6364540914718386,2.5915694633323456,1.2835397566242266,0
6.658833571629886,182.38955917364427,16828.88059669601,7.071299151714212,355.89689043857345,434.65898101880754,16.618052779485254,69.41228382245832,3.969740440383512,0.3411664283701139,4.186180140205757,0.4255190917990425,1
6.428866313188399,225.6130938321488,15596.473334459632,6.153472446645003,333.073545745888,466.0443992231766,18.015385498960768,87.16363084743989,4.184783371809045,0.571133686811601,4.304973422363665,0.3415676065012522,1
9.319176393077573,199.3335654213,14294.240349959267,7.784940449239423,366.0517518808906,338.44144996454025,15.215292663693788,63.39146814555416,4.129230416389857,2.319176393077573,3.684775961768777,0.5116523296435337,0
7.161714892641493,238.33358409066244,13680.764138035409,9.274119529411774,284.4078420271862,478.7669704993522,16.83629124658944,74.38357981813805,3.909973568447572,0.16171489264149308,4.305984847690242,0.5508409686396629,0
5.827541211542772,191.00493039601548,25863.34324460301,4.823831505497687,316.02551294615796,370.3572882122672,18.36185806407758,48.6581086223875,3.1791287413400817,1.1724587884572282,5.775749830309726,0.2627093198277968,1
7.207538608272426,174.80516800528736,15796.3996983279,6.954041336732498,333.073545745888,555.5962106786567,14.171164146051638,60.53126977894993,4.295189193307992,0.20753860827242576,3.2993100440885352,0.4907176837657579,0
8.082148076453887,185.93241935475612,28407.66102588473,7.605420787733807,381.7618835882825,402.65802223263967,12.830646313172451,86.97972391731665,3.3734845141195007,1.0821480764538869,3.803379697191711,0.5927542548789242,1
6.836224938677605,166.74296159202632,24293.172662812045,6.861235191713022,332.8815818756824,390.8049552883856,16.00699084141729,87.10192477874367,3.666613685710395,0.1637750613223954,4.36560484629052,0.4286398880993941,0
5.226941884272904,177.31960335088084,28398.554196372443,6.294517392979037,336.2929184546406,328.38742980421273,18.463094761579384,62.07590198942495,2.2595502886491894,1.7730581157270962,8.171133292848173,0.3409242672118701,0
7.036752103833548,214.5936848829916,22038.51162084492,6.19962761036146,294.24139203227435,332.4725420271164,18.469528166072905,46.04628651587072,4.238535197148056,0.03675210383354788,4.357525170718213,0.33566787515892366,1
6.859323725529028,179.0688054957262,27567.375669680983,5.885557479524616,267.1579598616741,391.59970804108104,14.670554903689094,83.46993430779078,4.501980014505442,0.1406762744709722,3.2586887542218355,0.4011816265288638,1
10.258615434291345,178.59649594457375,33773.10706081386,9.063042096432769,327.6509604169697,425.86803918628414,17.98625524345431,58.9866517256633,5.14705527626746,3.258615434291345,3.49447417670311,0.5038870776530306,0
7.86464967253437,218.15310691388663,23045.72624697215,7.432010934769431,349.9228521065612,414.3651493572396,14.785982514678096,72.60797966719042,3.5859335216953134,0.8646496725343704,4.12332752458842,0.5026389301321518,0
7.036752103833548,199.91801362570047,15335.511432930904,8.092377054691525,303.3271816401638,399.6054464673591,11.821736280989512,58.22229339817834,4.482459763675931,0.03675210383354788,2.6373317925698614,0.6845336571389422,0
6.391353623832183,213.0178296827953,20965.478308853573,5.375559891974689,327.65054252170705,369.3381209158568,13.75810517074376,26.619225158022296,3.92374916929651,0.6086463761678171,3.5063662509406024,0.3907194656925727,0
5.153488640267044,117.1251603715048,19115.721861106693,9.29611401431356,333.06193936684105,457.8915324638539,17.4456560597402,77.59880400118683,3.749920564530526,1.8465113597329559,4.652272256773009,0.5328612148272961,1
8.01883160724048,197.78558785095404,23104.52038691503,9.674860448761429,322.934548175136,395.7386305771632,13.33774797842176,68.8502040552072,3.188477333734355,1.0188316072404806,4.18310760882623,0.7253743089942486,1
8.247958056143684,195.5395359053909,28327.16733816442,5.378285961181126,281.2298526036668,588.6991933996939,18.076937753034827,70.79303618129347,4.723230705859027,1.247958056143684,3.8272392460888436,0.2975219441000871,1
7.614056816681071,213.6911685428284,17598.200350135314,8.13131943495176,333.073545745888,384.0872808570737,5.328026018267515,70.83321861208822,3.4379463950132005,0.6140568166810709,1.5497695008352672,1.5261408035419037,0
4.233558617035277,194.97504391444727,22185.763962956345,7.116809283709961,377.84690251994647,355.8170972680058,14.85919826042698,62.01638317164709,3.5156720788235405,2.7664413829647234,4.226558592700364,0.4789497172074035,0
6.563356596837224,241.28632308244363,44831.86987314955,5.36555757971842,333.073545745888,415.8172189138516,11.651929332316117,70.63764831162115,5.2929501812463995,0.43664340316277617,2.2014050259145383,0.4604865826254798,1
7.310715695744376,185.8171403953804,21989.767441159336,8.4375149697106,333.073545745888,425.5328610356169,14.947810958042396,89.7741597533087,3.5788263404357843,0.31071569574437596,4.1767343143808215,0.5644648857902544,1
8.177174973797975,210.44877003104824,18626.1493120285,7.2716723645577295,333.073545745888,455.92749989981667,14.24794720108804,85.9304283912371,3.325638985632972,1.1771749737979746,4.284272279212512,0.5103662830555793,1
8.0401875566739,201.80921648090776,11861.550851625769,7.200309830200364,300.39843505614886,420.5492185259853,7.168607176843636,90.76177553387306,3.221138969011636,1.0401875566738994,2.2254876366155636,1.00442228847981,0
6.731278124219917,229.12888948253908,15058.138752539566,5.11930735918226,315.8800985244311,443.9584387558926,13.782579185619056,76.27383933850997,4.19048402938504,0.26872187578008333,3.289017640910573,0.37143316347426875,0
7.381108533992378,188.3143777526789,12320.512291841798,5.493514236431062,343.2396122333182,475.3018836576125,17.826838291729416,38.33734549545576,4.342737529662858,0.38110853399237765,4.104976196463151,0.3081597442222819,0
7.880685942702883,226.00384439783844,19486.881839128484,6.208574002625104,356.33807937208684,472.36909351084074,11.995239498247372,55.029165524817024,3.5799838110828452,0.8806859427028826,3.350639773976903,0.517586454688611,1
4.945694700087746,170.44092056220396,23000.723137395973,4.433724763106108,340.64566954904654,346.64226740627925,13.27663803814329,84.55108086505837,3.782517460306926,2.0543052999122544,3.509999535353485,0.33394933389152043,1
8.163999617620284,195.2124952609585,27414.899122937924,5.4124813846444635,267.1579598616741,529.6818065825521,12.425426010087335,69.99012794495474,3.67308809381557,1.1639996176202843,3.382827285896276,0.4355972137014244,1
7.036752103833548,181.3018738810032,23614.7029612405,5.454993532773515,282.3116406987258,510.9446258266915,13.978608172919394,52.3015496496496,3.894061160472698,0.03675210383354788,3.5897239429846537,0.39023864715678686,1
6.91260756198984,155.7404952352641,17973.178859011827,4.916302562031351,275.9082278598395,439.6480512193927,18.380711926381935,55.5074684684337,2.6122489531921698,0.08739243801016006,7.036352667523527,0.26747072225772894,0
7.036752103833548,193.4002675486307,30630.759939174313,6.873568148176786,342.19323950474114,430.39560039453903,17.446818223391574,49.88365315949827,2.913048442998909,0.03675210383354788,5.98919399233764,0.3939725665845811,0
10.258615434291345,203.73036790881423,15102.237427658583,7.81641497645993,333.073545745888,447.0452134414225,21.632384649348012,61.80180430648998,3.472067461528145,3.258615434291345,6.230402680431898,0.361329309820968,0
7.197795991543301,168.6409754216763,12763.267889422756,6.897594139847025,333.073545745888,566.2506937095443,12.437570967417455,65.74671735384119,3.8440132867950574,0.19779599154330096,3.2355683510706372,0.5545772243904649,0
6.47909256706823,180.9586671985727,28165.87256041703,7.160084004412105,371.4054069187157,370.2898376510675,16.942565780877544,66.62248509808484,3.089597302323555,0.5209074329317698,5.4837438796285465,0.4226091652472298,0
6.953371603389549,203.1465467521772,11609.109054527797,5.495737654707861,304.2831932144039,551.1433371665813,9.387781275530813,55.95800559485764,3.651865808422898,0.04662839661045126,2.57068008446481,0.5854138382642792,0
6.948265449383849,225.23175998572987,6874.586016391743,10.116984176644849,400.3224341668411,386.5820831639076,15.845192725826736,59.47401272115852,4.09561181325633,0.05173455061615062,3.8688209672897713,0.6384891438818295,1
7.036752103833548,191.55481515273857,22462.113287036183,8.186258380252383,333.073545745888,349.95453401087576,17.247307224770736,76.76779656160039,5.260301115251683,0.03675210383354788,3.278767425689109,0.47463976833760096,0
4.79746018165997,190.3151268401933,21280.246558722727,6.188502911703347,326.7941937801377,357.4361933794983,11.713821016373572,63.86306845783824,4.038502789352143,2.20253981834003,2.9005348582953054,0.5283077464428828,0
7.036752103833548,196.0517407226027,21919.470162612077,6.730276517344546,359.7013518286503,401.7313382997792,14.219303301729669,77.605726493937,3.9549642917273498,0.03675210383354788,3.5953041943180546,0.4733196768653344,0
6.1986503364476775,246.47696246194465,31369.54164078314,6.218948453901331,333.073545745888,527.0007955647558,10.522934631947123,62.12546897977036,3.5741720224410343,0.8013496635523225,2.9441592686971627,0.5909898788148913,1
6.417716046874316,209.702425225232,31974.48163131993,7.263425259222342,321.3821240402445,289.45011830901416,11.36907107055248,66.62248509808484,4.210327061428602,0.5822839531256836,2.700281523120754,0.638875821540058,1
6.617862257193747,174.28056626124524,33245.63058729513,7.022187020358024,326.1684795063349,479.92053778243513,15.91891223356214,60.339793534645544,4.6013511981931385,0.3821377428062531,3.4596161188907004,0.44112226238867974,1
8.870278259927936,193.36994794404575,16854.129457255585,5.180105640804004,318.3546116426661,355.47092500991505,19.032218873257307,58.809199438070856,4.18274066496293,1.870278259927936,4.5501779449307636,0.2721755883076315,0
5.689142987663644,181.5845651678909,17589.268989836506,7.238470317507407,350.7820824050701,345.5363659173595,16.030293060875408,66.62248509808484,4.592979951091307,1.3108570123363563,3.4901719017725426,0.4515494407039041,0
8.550875469289338,231.2487868055436,28918.419953077177,7.822528490547928,369.264222748674,432.2852700271936,16.266296687636896,73.14946432483588,3.772886607458768,1.5508754692893376,4.311365293649199,0.4809040533232952,0
7.036752103833548,144.81526395966532,14507.01780785626,5.819091706675172,353.6072754142723,290.8894717850768,8.942072173645727,67.58734608240604,5.922581691937248,0.03675210383354788,1.509826479218109,0.6507542036029549,1
4.790840540243071,268.720881226567,17862.3690025893,4.5545736271835455,377.2411613367027,608.8468563126532,10.806313106364485,83.70223598882292,3.2588589450315277,2.209159459756929,3.3159796028791715,0.4214733703234746,1
7.036752103833548,160.59575996953978,44831.86987314955,6.344390014283006,400.3224341668411,327.9245608866772,14.40755461606676,64.64499261092584,3.287617331936556,0.03675210383354788,4.382368377773358,0.4403515893569054,0
7.998090253941313,241.0002765118872,9609.740604778375,9.842346073332996,267.1579598616741,428.8823659071389,14.990566983235226,39.84237909153523,2.626546783770298,0.9980902539413128,5.707326961977787,0.6565692563710882,1
10.258615434291345,276.39283372089034,17083.17508543493,5.878992533499542,333.073545745888,400.3307975835265,14.0633696616257,64.36859317878266,4.256415420544105,3.258615434291345,3.3040398946275924,0.4180358091208798,0
8.635848718500734,203.36152258457057,13672.091763901635,4.563008685599703,303.3097711592812,474.6076449424486,12.36381669870525,62.798308962925155,4.401424715445482,1.6358487185007338,2.809048135316279,0.36906146602901996,0
4.349439999351715,157.51336086289928,24352.066099112355,5.9677223399188515,287.0451103505086,432.64230696105994,10.667254446442769,44.28901265083346,4.442711502259796,2.6505600006482846,2.4010679153820655,0.559443089169569,0
4.865069696444607,174.06045651903955,15222.246443946577,5.839218684966128,400.3224341668411,333.5043273962235,15.266615138260136,68.92635259554592,3.974972302235226,2.134930303555393,3.8406836920578407,0.3824828391625229,1
9.181560007151536,273.81380665980095,24041.32628006128,6.904989726470096,398.3505168222779,477.9746418621779,13.387340780225545,71.4573622129516,4.503660796179122,2.1815600071515355,2.972545760781433,0.5157849735837374,0
10.258615434291345,141.4883911635551,23989.990150725993,7.96206646334495,389.39289728587903,361.63205468222696,14.9087253915078,57.1645558215944,3.5908411283530883,3.258615434291345,4.151874367795047,0.5340541005488064,0
9.960689857533172,169.92524845007168,15835.122817712849,7.143906655908775,301.77725263475696,388.8971587772877,13.563992252894195,71.59386575515715,3.4345384628517905,2.960689857533172,3.9492899701992785,0.5266816727724674,1
8.433974835689948,240.0779269663718,10823.300365108884,8.418958240637183,317.30136870447586,426.175253225193,8.07715615037364,49.27011459144506,3.1677123526669337,1.4339748356899484,2.549838085435789,1.0423170038542253,0
3.889106956840228,144.2652698526354,26726.77111340624,6.0952829186471025,333.073545745888,564.1838239951721,13.651105374844292,92.29910069910986,3.8930704029978305,3.110893043159772,3.506512971822803,0.4465046825713148,1
6.903816977786621,258.5268417014941,35455.70961215394,4.881376648213999,267.1579598616741,318.62262232131417,13.96173961071662,65.86667919419524,3.867843302640828,0.0961830222133786,3.6096953543822936,0.3496252211180029,1
6.10230679390867,205.99903803832535,23406.859160145526,8.061863549367494,333.073545745888,380.305004711283,15.492396962752878,69.11081537171168,4.280766477746642,0.8976932060913301,3.619069954929656,0.5203754492203198,1
5.583832998476663,261.23382530839666,35278.6817427457,6.594616790228106,333.073545745888,278.63903868062306,13.565387383549648,83.27489472218602,3.870156920624293,1.4161670015233367,3.505125026361049,0.4861354945226048,1
6.396341051039925,126.49074453385634,20115.733587885363,7.76373850690762,400.3224341668411,435.2784338598071,11.881667830252413,53.65915196639148,4.445907180228989,0.6036589489600752,2.6724951007963553,0.653421553640684,0
6.9204487000696915,196.31940126016775,39251.18212911576,8.493784319811613,317.38231458726574,487.504368020183,14.697844527710402,41.753727405934086,4.498818335873909,0.07955129993030852,3.267044846746508,0.5778931547346828,1
6.576845323081143,156.22176808976658,12772.095750375796,9.759897651507403,341.7493777183877,418.9724665928773,10.382252653107573,78.3051797103557,3.7713135180813815,0.4231546769188572,2.7529532748675227,0.9400557891962226,0
7.695049437156064,153.8097826928735,11598.682367072945,8.053642008191595,333.073545745888,297.6758765784817,12.907350909826846,73.68874240315735,3.198879005391032,0.6950494371560643,4.034959388309112,0.6239577307921742,1
6.908853083313673,184.94423191346377,16965.31410880434,6.404354015290895,351.34532606543667,434.3502193029309,11.812941710125015,77.3713614759623,4.693949415674136,0.09114691668632702,2.516631123899178,0.5421472170352309,1
9.58789502997377,195.837105153128,11351.86185617761,6.267475696262486,366.42892756901426,323.79486235142434,13.068242100406962,37.35308022042619,4.666916974276835,2.5878950299737706,2.800186798318854,0.47959589120800095,0
3.889106956840228,157.85264488349333,20384.77309637123,4.667081744044442,300.04869121618964,432.4318223356543,12.701422330932417,66.62248509808484,4.4022441460051605,3.110893043159772,2.8852146824350267,0.3674455706612394,0
6.455004797496717,176.68397277687006,24468.048390354594,5.756930038692856,314.79959828380953,477.581346155703,16.245504341610683,57.72972382844005,2.2934314064128625,0.5449952025032827,7.083489487715111,0.3543706346854752,0
7.036752103833548,179.75670785471027,25703.15520088736,7.287310207465927,333.073545745888,311.0930645090889,10.23827086656047,42.07531453171553,1.8487974931046152,0.03675210383354788,5.537797063739348,0.7117715081650872,1
6.628427347390652,215.24553209981252,18059.33085188565,6.93178668550837,333.073545745888,374.4550617555522,11.621074296685151,77.94082202634827,3.4052786183334085,0.37157265260934835,3.412663745473174,0.5964841039697613,1
7.181448580829175,209.62560053629045,15196.229987483845,5.994678646449973,338.3364310774872,342.1112862851926,7.92259833302262,71.5379532557936,5.088859989138795,0.1814485808291746,1.5568510025980071,0.7566555362030268,0
7.682762474412737,211.6638523608975,12723.34210107979,6.672340964984802,380.9456026792301,360.10744050616614,14.175316537284402,69.94967472395321,5.044306091718337,0.682762474412737,2.8101612926297075,0.4707013403710346,0
6.1859248920520455,236.03478264925752,1198.9436990081783,6.140033164031195,374.09538796904826,436.23619825357247,11.093810616625037,99.77507788538944,4.090264381918475,0.8140751079479545,2.712247147988637,0.5534647041265622,1
4.221420679849157,120.56012957597108,34370.19711329974,7.960887806787365,400.3224341668411,436.77459795692863,14.395838766219526,64.601468391238,4.278712401471591,2.7785793201508433,3.3645251306779094,0.5529991953278016,0
8.114665425854785,236.49327465413847,26631.2128742276,6.266781682497788,275.0908698567845,496.9897916305831,18.588534243573804,58.313345387409015,2.6545944901639182,1.1146654258547848,7.002398034822994,0.33713154911785,0
7.136102612573539,186.58270576955573,19502.538967194017,8.095426538132969,305.4300110555953,355.93723830298984,15.645129786308472,73.88561213038653,2.5741917719754124,0.13610261257353873,6.077683830299367,0.517440643271421,1
10.258615434291345,217.3680141767772,11318.14056257282,8.465160384182976,375.8947583557478,347.65305379748094,9.762504595057976,73.83240481230781,3.533243424589728,3.258615434291345,2.763042524631331,0.8671094015524305,0
6.987335278958937,224.0344172531912,13505.033116054752,5.871179933197381,333.073545745888,479.82549659009305,15.921412546128408,73.0642183871089,3.8702927815710018,0.01266472104106331,4.113747804350321,0.3687599669581518,1
7.387433763492869,214.29303229861495,11694.635285297503,9.273679481984235,375.5055830955506,356.8058547224708,15.18450917113671,80.23117222352221,3.830577272004086,0.3874337634928686,3.964025296679935,0.6107328703702274,0
5.893103407526232,239.26948146487769,20526.66615556356,6.3495608678905295,341.2563620337964,403.6175599619757,18.963706756360637,63.84631931734279,4.390701603798026,1.1068965924737677,4.319059719498363,0.3348269731567033,1
4.624304290590603,121.0363186186165,22981.749411122757,8.297074093893979,372.0373588801448,260.56616359428097,13.054030068641453,66.55346544319843,3.424250048768879,2.3756957094093973,3.812229267867135,0.635594786795422,0
8.237142633897012,190.059694941258,20015.39810593454,8.385216673487097,356.0917613374257,377.68209716505174,17.740943635820486,37.71387806029169,4.93910944137509,1.2371426338970117,3.591930945136197,0.4726476997485594,0
6.538207172663557,214.9928660824678,12330.406567718495,7.300091677163146,389.817035687869,465.35266497958105,22.089401829204977,26.619225158022296,3.426266448712848,0.4617928273364429,6.447074596439733,0.3304793585235135,1
7.036752103833548,175.70855329229607,25954.031764320844,6.229321818270924,346.2250616334712,379.29064585960185,13.636910032644153,50.59076525302173,2.951395753410233,0.03675210383354788,4.620493675371565,0.456798596350678,0
6.385470897689489,231.48845769943907,26756.91799981906,8.774356716879225,333.073545745888,422.0677005293167,16.563116383698457,73.26063979628235,4.681716653309846,0.6145291023105113,3.5378289786418,0.5297527339578606,0
6.753128352860487,191.9829945402664,18222.931957438417,3.9209736624247262,296.1966180415413,389.742462140902,9.689143567978247,92.21961522923112,5.102516756563615,0.24687164713951315,1.8988946301097402,0.4046769696659489,0
7.036752103833548,194.80609142080573,32981.23945648847,9.554785291159469,333.073545745888,286.79443161119775,10.415889061475468,71.90514736385545,3.2316796925242075,0.03675210383354788,3.223056376074025,0.917327778496731,0
8.250830009047863,184.3851244049376,21616.633855183747,7.166733690414065,305.17742589091876,412.9471155818191,13.791336608707295,71.799129123049,2.6047078453451737,1.2508300090478635,5.294770904377099,0.5196547205029104,1
7.036752103833548,225.75410943088207,28194.452646493937,5.892829994314714,366.2015834276569,418.27290097063786,17.306831709032622,103.91254761322872,3.8558949871464714,0.03675210383354788,4.488407303185691,0.34049153264416676,1
4.563370643484322,152.90756062034006,13490.608147782808,7.499916848308452,338.58492124673256,524.1080235682906,14.14398936552601,69.01623970585928,4.825179225576871,2.4366293565156782,2.9312872689299465,0.5302546632517826,0
5.3270235340963366,233.14058798275187,13580.61848288731,7.362410882893811,356.42027091076784,438.5534986637445,10.04977198595202,55.23227137436414,4.85582125104602,1.6729764659036634,2.0696334145647817,0.7325947454917925,1
6.02834878509831,225.67487155966444,12145.544595700614,6.126270002317292,365.9617110979725,503.1121473588796,15.651888435571491,73.4005779258381,3.1420839544217753,0.9716512149016898,4.9813702247436025,0.39140769729655367,1
6.702546553103828,207.3210856503921,17246.920347484298,7.708116997755447,304.51023012856194,329.26600176073254,16.217302947940425,28.87860134187582,3.442983035168171,0.2974534468961716,4.710246339306159,0.4753019997959874,1
7.035036795196814,220.5018876683082,19746.49325081927,7.059382855730257,371.9126148305407,536.1838999563895,15.303433235343393,67.90175838726564,4.557028865672788,0.03503679519681402,3.3582034102126808,0.46129403029200866,1
6.136907177131185,151.78431903703012,20561.694730732997,8.487855964788041,384.15607863424407,363.6184916045743,13.713702924612107,96.58286502051712,4.704585017974258,0.8630928228688148,2.914964860291166,0.6189324205515923,0
5.488314309012512,135.80236170060937,21485.153195191073,8.18741579072919,280.6032866703198,441.3311374586935,14.86026268337497,88.28734556180851,5.066786271784542,1.5116856909874876,2.932876769097339,0.5509603305282478,0
7.893312711115429,220.3483202741255,14444.289598021453,8.037399953697514,300.1521720359129,339.066071471725,18.42363370432156,67.00909816601725,4.0973601164011235,0.8933127111154286,4.4964632554779005,0.4362548477913651,1
8.157518082656166,236.34444018130267,27931.2084020948,6.203675921735492,325.32395487892074,511.5876640552089,13.381574853259394,80.68695836176197,4.469430538245373,1.157518082656166,2.9940216644447775,0.4635983078349059,0
8.558663124002488,214.10732480016327,38767.75636931063,6.60809975175673,310.01495071057127,382.6222745428622,15.896958103705003,57.1968273304565,2.590635463496218,1.5586631240024875,6.136313731279421,0.4156832579519326,0
8.594416135206476,270.02270585231037,15791.675351127244,5.91269062429658,333.073545745888,655.8791400416264,20.18405147231266,54.96128525342952,3.568991707976406,1.594416135206476,5.655391625542681,0.2929387263735701,0
6.411525835916651,197.6848791283288,19505.296944750648,8.262397946352621,333.073545745888,436.0564852545443,12.90210860884531,66.62248509808484,2.2006782017544673,0.5884741640833493,5.8627848159601115,0.6403912380877747,0
7.408985466924612,204.96174981089473,9566.1222701692,6.505923138805981,311.4526625117488,504.14599408386647,11.532144007741238,81.10693773146244,3.772420927989514,0.40898546692461224,3.056960283837395,0.5641555091822658,0
6.888842932366855,188.92067056633817,27368.014339003028,8.003186613087149,355.4785627273725,465.3469791339465,12.377083309545412,75.1124935430051,4.512332449397938,0.11115706763314481,2.742945185311346,0.6466132420957138,1
10.086771239804932,189.73237907073303,17572.547468069417,6.894730553382295,333.073545745888,416.6410807669689,9.477756060389028,92.89217839523802,4.334122045645791,3.086771239804932,2.186775954575334,0.7274643683575586,0
8.278752740755206,200.16222287284296,29381.93640510804,7.249878727683773,333.073545745888,456.4706728150138,15.160640701933517,70.33705675510578,4.767722384161327,1.2787527407552055,3.1798490559033072,0.4782039487655168,0
5.667650646643197,229.9283665401693,16953.89873630931,8.77430610207418,293.5742499094306,554.1205361936269,14.254640735422017,54.4367023778621,3.633213756490487,1.3323493533568032,3.923423659434688,0.6155402755770776,1
5.363362645369775,179.91137979522514,27045.92995790961,6.520854677100747,311.46740558001034,408.9225167906893,9.704704113453602,79.48480050571533,3.871372488778947,1.636637354630225,2.506785806531552,0.6719271323412916,0
7.036752103833548,195.54096692399784,4142.4990006204325,9.89270343964255,400.3224341668411,435.41824496527187,15.846047606081072,66.62248509808484,3.612918763485361,0.03675210383354788,4.385939529084501,0.6243009652164093,1
5.964065359871277,241.030898500634,22168.331560676947,6.208117841853625,333.073545745888,486.5168842205406,13.172989110331628,64.7192398858573,4.696720853415239,1.0359346401287226,2.804719870893108,0.471276285023897,0
7.036752103833548,171.16664639773518,20412.283907780704,6.8963180146232546,367.1895141663502,354.2703448184502,16.403175242530438,63.257907143595595,3.9789326559790976,0.03675210383354788,4.122505339560406,0.4204257707566637,0
3.889106956840228,129.86397280975163,11684.11163739329,9.974807880251229,301.4297472651064,503.91038983141334,8.741257762405041,76.31069467654957,3.6292177681489743,3.110893043159772,2.408578352763061,1.1411180187402201,0
6.2039777022783476,212.30661828668616,21815.07414790552,7.873991884545469,333.073545745888,362.10800431396245,14.9330126610987,63.87381994728531,5.215689206119035,0.7960222977216524,2.8630942542521653,0.5272875297139544,0
6.898932481849855,209.6364216598324,15422.220893205324,6.884918382798614,293.56201977789726,396.8112143857839,15.671717381038604,66.59733601189916,3.688455553387866,0.10106751815014459,4.248855084559435,0.43932121643589245,0
7.036752103833548,179.32012281513954,5075.269201855393,8.737782950223686,400.3224341668411,392.3537323196529,16.839330615095093,76.2436227695315,4.397533101212234,0.03675210383354788,3.8292666361480006,0.5188913164695309,0
6.817608380056349,219.33742881033092,27548.614177338117,6.298121347138782,340.9376137555241,530.710025503962,19.486790984123218,68.56879118160717,3.0482920601678845,0.18239161994365105,6.392689482109697,0.32319949595963,1
6.328553081263288,192.07651510196663,33315.94708164389,7.050046536157857,333.073545745888,489.7453464237779,9.561964300508976,57.77328497920307,3.2658541365015537,0.671446918736712,2.9278592897883198,0.7373009956209096,1
6.174884306431656,193.02796027128704,23006.242223252262,8.098312326473618,340.2533541616699,297.1126211262145,13.47515848600733,78.32522668316622,3.623297792732569,0.8251156935683444,3.7190304352031713,0.6009808147267529,0
6.2798421834965135,175.89063968887987,11582.505248963034,7.059985115035053,333.073545745888,430.322091892864,15.674785167250604,86.76025720293023,3.278584410433228,0.7201578165034865,4.780959836327509,0.45040391873322705,0
6.262907281727785,185.98265157126224,5157.053599876038,7.804390760364753,338.1953870424825,570.2882599968038,14.601443149348256,66.62248509808484,4.5949191563642495,0.7370927182722147,3.1777359894109045,0.5344944431892449,0
5.970578907790694,202.74552028375535,19952.30947002819,7.872037771336379,311.1881847351431,412.0389222341292,18.632141561760704,73.16633786771345,5.013281168465715,1.029421092209306,3.7165555290224086,0.4224977210883087,0
8.764495619256667,210.8513459745638,15978.036559255024,8.043354126979011,328.7598439625314,324.04737549460816,12.12837684424494,59.789162696881384,5.790838006076015,1.7644956192566674,2.0944075343001742,0.6631846591748194,1
7.036752103833548,195.83657257871016,14563.682649079745,9.315976850163413,333.073545745888,289.66058635740455,9.184400746791653,49.54012015333407,3.957011709406519,0.03675210383354788,2.321044035304387,1.0143259307464119,1
10.258615434291345,143.76749774277198,31320.24558783106,7.728504926266409,400.3224341668411,491.2160334596138,12.003832437913616,75.64170808330508,4.681366362015815,3.258615434291345,2.5641722833613976,0.6438364016161907,0
7.260904363269189,189.077961960958,21391.162543994054,6.57686619244806,356.6222215229294,390.2852661378642,14.391606181742247,81.08245565024632,4.383823385030879,0.260904363269189,3.282888390986692,0.45699317035221254,0
6.968131312926198,205.9825818996017,19207.31177118536,7.285997694388845,283.47855541476963,459.1766823348223,17.916963728538065,50.87882035816457,3.030823583308678,0.03186868707380164,5.911580573554193,0.40665357133754576,0
7.222997560406464,179.56029037435786,21314.86978931212,5.864716708941701,333.073545745888,435.5738877753308,11.878370492561146,79.39400834850554,3.9662585095670337,0.2229975604064638,2.9948545887905897,0.49373070311990935,1
6.246117565172954,199.0989732929794,27001.335319183105,7.808013457146303,296.9236255206414,478.7459453005034,17.128023270048516,84.79895625388642,4.755158013341267,0.7538824348270463,3.601987488114159,0.45586188658081495,0
8.02830424150094,204.783734682937,20408.485598280993,4.531581223671286,400.3224341668411,515.5750970721565,21.558862613992403,70.54721763985415,3.915990810272195,1.0283042415009405,5.50533904525553,0.2101957368815183,0
7.010243375540365,162.12324040177714,26395.248778032088,6.622597494925503,333.073545745888,574.5814343028248,12.277989186389334,51.62869083755971,3.279006327178673,0.01024337554036503,3.744422613704122,0.5393877494923338,0
7.692523533855144,220.8191517094727,26686.847940981672,8.286210559007483,299.95884551710446,564.5269736765663,13.86177513303437,77.01593969321351,4.522431963911939,0.6925235338551436,3.065114561929035,0.597774086053835,0
8.07327895224373,191.81552348678815,17106.43864544954,7.898731599954655,333.47759195071524,432.89874892549466,13.335381035401838,54.216284163000225,4.854312785522253,1.0732789522437294,2.747119701073701,0.5923138593994275,1
6.044513029512341,211.57737796822016,30191.692456948425,7.714291552401924,329.16701782717143,431.0964249798755,10.61983085189155,66.62248509808484,5.127778325324405,0.9554869704876587,2.0710389777195988,0.7264043028165174,0
10.258615434291345,228.1326731898399,8296.550611117107,9.899636695088748,346.6497504059977,500.1692103256438,15.486862374734358,63.529460122034095,3.024968486584322,3.258615434291345,5.1196755681068105,0.6392279995986311,1
6.711814601241559,232.20642839782244,23936.275332312147,6.619087921298853,333.073545745888,463.51029741803154,13.911878892876471,78.19089708193282,3.41364670316115,0.28818539875844085,4.075370425598873,0.4757867356724474,0
6.448931033409073,240.24477096583743,13979.165723295524,9.077984756164897,314.590477169241,473.75130164115615,17.416902640114927,84.0247863975403,3.6221955223639024,0.5510689665909272,4.8083814703539005,0.521216913393051,1
7.207886781343905,175.87029407292718,35804.29261340407,8.066059052365775,320.102172631951,468.56282875663646,16.164091274037276,71.1466606777528,3.762741072399466,0.20788678134390537,4.295827607372934,0.4990109506688141,1
7.036752103833548,169.77547524436926,37273.42922304459,8.02782988155462,267.1579598616741,454.5437654967258,18.621697823314207,63.519515808582824,3.5737411060993765,0.03675210383354788,5.210699952728034,0.43110083337315314,1
7.638761770450097,178.2716356163275,18308.502673854095,6.5480978205934415,362.3328716997573,394.18098454523806,11.291787733653564,81.98915623472985,4.496626599284417,0.6387617704500972,2.5111680886027816,0.5798990731271628,0
7.036752103833548,204.8904554713363,20791.318980747023,7.300211873184757,368.51644134980336,564.3086541722439,10.3797830780847,86.9909704615088,2.9631353806316407,0.03675210383354788,3.502971765299604,0.7033105716137218,0
7.833970823584208,240.83252851804403,25694.87370551702,4.300509254913657,301.76038559076267,442.7413888492462,16.88909787583293,96.89957583486736,4.814916877070632,0.8339708235842078,3.5076606303632656,0.25463225045519583,1
5.554436511156818,229.1228285838824,31344.460394369864,7.761431064306929,333.073545745888,306.872525988099,13.974800466925783,87.27337543049836,2.0959140868029458,1.4455634888431819,6.6676367544271935,0.5553875726017244,0
7.130099196200058,275.6797801464157,9480.617796477698,8.415948255041112,295.6188377042756,383.45506826281496,18.322878845470655,94.41630108075182,1.986191593058412,0.1300991962000584,9.225126963773647,0.4593136191482204,0
7.788054732605206,212.69145728305188,29879.06014610585,6.998961533138952,360.6682590490468,359.5690815109252,14.828743036705646,83.85633634225002,3.3687572170739832,0.7880547326052056,4.401842483544429,0.47198613151689695,1
7.036752103833548,189.82341767748656,20278.33827161957,6.799940085166233,333.073545745888,314.8341750163426,10.092087058569176,46.62929866785426,4.940014517196936,0.03675210383354788,2.042926185846402,0.6737892144522476,1
5.621227320090063,221.6494395105221,11123.886159113652,8.809433144146196,314.871341738526,326.35087250959685,19.312536347647836,84.37732321632731,3.4407533246763085,1.378772679909937,5.612878608955807,0.45615099588243063,0
7.0318391737084145,175.46586046062788,12653.944084529305,7.836606041214003,333.073545745888,571.8220681785504,13.216488586363935,61.08465194393319,2.7255649490768876,0.03183917370841449,4.849080460093134,0.5929415666698208,1
7.036752103833548,155.05572682593436,20557.240431752216,8.187319049670325,333.073545745888,290.18098311050545,16.622255183892094,59.622057462107946,4.089907689677867,0.03675210383354788,4.064211806450209,0.4925516102684243,0
8.907987117561257,202.46121129761875,33653.7619633927,5.431878695884324,330.8271327591177,426.18656504996113,18.759902243560248,79.37062125022672,4.6412585321295445,1.907987117561257,4.0419851796033175,0.2895472660685996,1
6.347020017898686,117.1251603715048,19743.148416494572,3.4026815899619844,305.43123624624263,502.9190132295652,15.09409115186628,86.55416824334111,4.526350938820338,0.6529799821013142,3.3347144357935448,0.2254313512682024,1
6.970036693982143,182.88858859190924,32037.605470521812,7.412765411127279,376.9519324705832,325.79239956029244,14.351240654518731,70.05272018261218,4.27528772019042,0.029963306017856794,3.356788650727554,0.5165243251822218,0
6.709822000741922,148.25318599231414,20922.154463374245,4.633573767322904,333.073545745888,400.3428119181792,18.330856246954568,40.495596283313034,1.8487974931046152,0.29017799925807797,9.91501037853632,0.25277452684831264,0
6.792125450218405,165.79428627237527,17782.604408324907,4.970601199345966,307.7527028003663,370.6005777886272,15.138093781477435,96.60054206778784,4.042637641436024,0.2078745497815948,3.7446072043926457,0.3283505137930474,0
8.470545998692103,199.48971647950424,26559.380405574226,7.904381266348061,351.7389246324658,491.5197052913358,9.504879668328329,66.14635511404148,2.9358019953242778,1.4705459986921028,3.23757407546294,0.8316128883855041,0
5.500276575154884,263.6831597234652,19911.22489983855,4.755312178656423,366.94274325444985,435.8656960336934,12.76118448109969,51.439893880283186,5.147535911439108,1.499723424845116,2.4790855705650525,0.3726387478419941,1
8.07261240298569,210.2697797493537,16843.36392740596,8.793458647829397,359.5161693303079,559.1675739231314,17.263576037622727,68.73898910812215,5.082206246764563,1.0726124029856905,3.396865810345116,0.509364810587383,0
7.036752103833548,184.6668909048781,14368.128161016646,8.129911710074335,334.75341061095554,472.3299947748196,16.073449231306256,73.71021795714844,4.583109838449884,0.03675210383354788,3.507104627812727,0.5057975477001015,0
7.036752103833548,210.74470824548973,12229.298483672364,6.95098095552496,387.388825936174,422.02707162642326,14.680843785196773,77.3223296921135,2.5167691199719173,0.03675210383354788,5.833208074387256,0.4734728183036092,0
8.989900090557086,215.0473578931106,15921.412017954248,6.29731152709713,312.93102150370726,390.4102306332045,9.899115390205338,55.06930392643049,4.613842848013146,1.9899000905570858,2.145524581302894,0.636148851965009,1
4.126528715100222,125.4748835138738,11215.945901592888,5.366011335667973,267.1579598616741,445.2414568851872,18.575920677608508,86.43365536398535,4.4602009837552865,2.873471284899778,4.164816020723893,0.28886918392513383,0
7.493290815928302,216.3818795977259,9465.323904989707,4.947531357152716,341.4606318001502,501.34534699223616,11.247507224413653,52.95136272300236,3.7487469097257824,0.4932908159283018,3.0003370445990853,0.4398779941688496,1
8.977821883109304,198.9962870125076,20225.6429226288,7.569518149893523,352.6858427866464,492.097824550344,19.62192339351543,64.17723223604794,3.1999996142418063,1.9778218831093035,6.131849883461525,0.3857683883643474,1
7.946767904206179,276.39283372089034,24244.11196284924,7.561175804087704,273.3843106305223,306.8374019331574,11.796234731912987,70.01966581473658,3.038483125240436,0.9467679042061787,3.8822762422625945,0.6409820875003415,0
7.157337864026239,214.01010106562407,23718.55201117202,3.9243668930579383,343.764376878261,506.89965696293496,15.446048987220363,66.62248509808484,5.183622114589742,0.15733786402623906,2.979778553681143,0.25406928608316376,0
4.487517479010939,199.0514027334056,36860.468899312655,9.751560796636284,338.049427529092,390.5669453150999,8.123470111531901,75.668784523371,2.7657222477016736,2.512482520989061,2.9371955846567563,1.2004179817656004,0
8.684778671525315,161.12420479859196,40799.36032812741,5.381993558098351,305.53378408025867,499.27540082122823,15.965651590196728,75.91439810059994,3.8773491849022137,1.684778671525315,4.117670787736543,0.3370982506160141,1
5.019984766789215,156.9708217070982,19272.704480952856,6.184709662457266,331.5598448725791,341.3571601544774,16.19657332432331,75.3025976942853,4.089485428098205,1.9800152332107848,3.960539693453744,0.3818529485688426,0
6.755145901551625,231.26013129603177,18536.69864747702,8.757133178602194,342.5480142026662,385.1146477374595,13.88883432960506,79.3024357267662,5.162729749397485,0.2448540984483749,2.6902108600619843,0.6305160202983853,0
7.275908773683996,175.22037648489427,22644.766347518867,7.886854526878826,293.3098536568155,373.3456925750202,17.41168255296833,56.79928677247695,5.062297798479729,0.27590877368399624,3.439481398884885,0.45296335089516837,1
7.036752103833548,181.08065631795264,30050.43944645153,7.975630924046423,360.0869012109182,378.1542339078276,17.67456509302508,66.62248509808484,3.5224864626363397,0.03675210383354788,5.01763747366098,0.45124903672706557,0
7.917049443177883,276.39283372089034,27192.28056064627,9.220128211470378,400.3224341668411,358.781736184615,15.054312871374693,56.83960202839163,3.659484624888591,0.9170494431778833,4.113778387046678,0.6124575513867931,0
5.8000341769897075,181.45351497805143,13028.68845838264,6.106764784339333,374.3577838863687,405.51721995697096,15.773825346236492,35.338133489497224,4.0744075716550965,1.1999658230102925,3.8714392699770133,0.3871454300494666,1
6.475885398609551,177.29494944025316,16532.82882248396,10.096587966022383,305.24894474554037,466.6494199714444,6.776145723392403,65.14649030131608,4.30611297137217,0.5241146013904494,1.5736103987124945,1.490019088749548,0
4.633202516472866,208.9080360528162,29307.12894458043,6.125585211067605,304.0317762783531,456.2148284792014,10.817158134503416,106.69503986064285,4.751858815287916,2.366797483527134,2.2764051455604655,0.5662840987084002,0
7.374775413656679,217.69864379800245,12285.891482607538,10.038245002074108,333.073545745888,358.98325438036915,16.293715614294968,93.7843798618194,3.5922647284429,0.3747754136566792,4.535776817757195,0.6160807407971766,1
8.552782415873253,217.8033177234219,39030.60370461179,6.986705178191451,373.7461927726452,340.5662445043567,19.08488284674098,53.856055422832405,2.9408479958845923,1.5527824158732528,6.489582727113245,0.3660858108593902,0
6.0172609236891335,206.0143997782997,15157.268786501596,7.582123856166227,307.7044735832638,431.78198749065535,14.22175703606797,53.31997717469853,4.427712282297473,0.9827390763108665,3.2119868946637204,0.5331354841600534,1
8.52714249773106,217.39477847982292,3413.08163340648,5.670027421051015,337.63107330577736,615.6111669278922,14.926750990277014,82.59015204505819,2.649423905095601,1.5271424977310595,5.6339588872923345,0.37985674477236286,0
7.036752103833548,250.57268298194913,24538.43729286854,7.287604792989669,345.1099622273243,426.10371511648304,13.984155688305291,60.15973017375827,6.091233163793407,0.03675210383354788,2.29578363140721,0.5211329474793548,0
5.76255224970805,184.84748729413263,22159.018072587096,6.302263824957409,347.77515378334857,449.4353758592738,12.950544578400695,65.83974179326923,2.9065892123963133,1.2374477502919499,4.455579779759779,0.4866407972393466,0
5.161878763351532,179.63640928450374,18666.56363770437,5.196132621399963,400.3224341668411,485.31195359546933,14.059707780822803,75.82204966381451,4.320100540830725,1.838121236648468,3.2544854901996634,0.36957612013183355,1
8.206499937809191,182.90535936011904,18949.975539451458,6.662948925443871,347.1325620128893,332.8553212567344,18.328401148653768,66.68838419391717,4.225120930188118,1.2064999378091912,4.3379579220421975,0.36353135812950654,0
7.036752103833548,209.1645178119582,7845.4728910408385,7.669132348419672,400.3224341668411,421.625238071778,16.35221982701512,66.62248509808484,4.45464130113273,0.03675210383354788,3.6708266840767583,0.4689963785071737,0
5.608623152458352,271.8822190208284,43680.22252088611,4.157335299373067,366.86653313121207,450.89605258556185,16.442753140535388,61.249761879925416,3.7775082665636655,1.3913768475416477,4.352802860360174,0.2528369191584653,1
8.303263800482528,232.4146726932161,16548.356729561143,6.343522655052055,301.0872465291933,395.339101917609,13.789985065960591,78.62071507475933,3.892667001906776,1.3032638004825277,3.5425536057032696,0.46000935930678727,0
7.386837696427604,189.5958143192247,29122.696996932584,8.420763302362689,321.5677644592065,458.0441705053527,17.19694309507497,56.76991473160852,4.816705216346371,0.38683769642760435,3.5702702890024742,0.4896662602266823,0
7.036752103833548,221.3919744445198,27979.736222254724,6.572390231788684,349.6245531419593,355.7819831654812,9.98635467330996,81.96348474084499,3.4396233538018897,0.03675210383354788,2.9033271212514324,0.6581370068116428,0
7.036752103833548,134.73685568990112,9000.025591189238,9.026292722975022,333.073545745888,428.21398699299374,8.668672182023442,74.7733924065712,3.699558048485045,0.03675210383354788,2.3431636225871917,1.0412542419632556,1
7.036752103833548,155.864381695285,28224.774178494292,8.366722754847865,392.582582266922,421.343736166148,18.778696100794548,52.640593959329365,4.930189986333271,0.03675210383354788,3.808918590141843,0.44554330419940896,1
6.848805452540466,204.81271080146217,20555.5595722516,9.77500406626542,387.6863876572006,389.63822785521234,12.298753224346,49.45204623583032,3.13004476285238,0.15119454745953398,3.929256680623821,0.7947962767574712,0
7.75404435394794,193.44985384445656,19019.27950469182,8.107066902830644,377.9900086088821,597.4860409584503,8.939818291550296,45.721308070644675,3.760298085013082,0.7540443539479398,2.377422138356102,0.906849080326853,0
7.40023858050054,218.82481261295575,8136.071590569004,6.286357793908773,310.76115983302344,518.7327779448756,15.186342355183228,50.837012976291504,4.880119767695945,0.40023858050053995,3.1118783895082105,0.4139480878893197,0
4.473882085450574,120.1019079478509,30013.70074850319,6.369370881562611,333.073545745888,433.74439165589314,8.510882716914011,100.23229524245195,4.893656690689322,2.5261179145494257,1.739165927585582,0.7483794977605572,0
7.422225264350398,203.3233078947161,40148.1237214392,5.602313546992777,267.1579598616741,401.7754572096606,9.025661103805191,53.019584971118626,4.486512692528834,0.42222526435039764,2.011731540869957,0.6207094263622898,1
7.87196140275084,219.62265894107455,12760.437150795751,8.076613046836648,360.086657479205,350.82691627921486,15.698725520210305,84.15808044816242,2.9385362871000797,0.8719614027508404,5.342360496538985,0.514475682880324,1
6.155249161058691,159.51950176027037,19781.610600182965,10.081609855589498,310.1406605359538,505.10837869734536,16.768604118907888,41.995454873660705,3.803908513723902,0.8447508389413088,4.408255259072127,0.6012193491408364,0
5.369584180846635,170.83519216307448,27199.64199265838,8.065885726265378,376.0556372888353,401.83303573343926,14.081980959228076,81.74022452363799,3.3574844355981,1.6304158191533649,4.194204630025304,0.5727805751788878,0
7.4943911014551485,205.1907066871564,25058.160217144068,6.881658941448617,327.949396430524,313.0915196352882,16.58907203986132,72.9767414405051,3.579651838079742,0.49439110145514853,4.634268402619822,0.4148308302044913,1
8.942045991487,215.6737860705196,44831.86987314955,3.2314384013788304,267.1579598616741,541.9154676754551,9.313770679686227,70.82837383447702,4.354287641189531,1.9420459914869994,2.138987891519712,0.34695271824482765,1
10.188432654950685,276.39283372089034,7105.800708757526,9.84054042532552,321.6860585050679,437.8795084739577,12.87159906639232,78.7320551070203,4.635243482549487,3.1884326549506845,2.77689755413131,0.764515707026908,0
8.410625565120462,185.1837391644874,29985.249880596693,8.17800799022398,333.073545745888,489.9043467157248,17.697765467757904,74.23007643722758,4.3522957788197605,1.410625565120462,4.06630484251056,0.46209266039998975,0
9.723377230792792,190.8974211219,9076.646483433453,9.752087959847046,357.3847087263993,443.0374169292222,13.307823795693425,62.826687467774946,4.0720633529651895,2.723377230792792,3.268077967874686,0.7328085625986707,1
7.186931122348115,177.48653326030015,34510.75299526274,4.984431830347783,295.83415090035123,477.9949917944079,16.777540265989558,62.75689058549055,4.275645348013285,0.18693112234811515,3.92397754640895,0.29708952887226264,1
8.759488714536651,219.92138996803715,33364.918122879484,5.687072312759987,324.03850572682785,443.5480064899328,17.763342833059312,79.74786822370743,2.8895781098103392,1.7594887145366513,6.147380693870406,0.320157756681813,0
8.532377473918308,216.45410758937737,30268.421271864463,6.298969845634645,330.9784658027271,436.1649753136291,11.895700439726513,55.921827165759474,2.3800880493685312,1.5323774739183076,4.9980064581544115,0.5295164709328365,0
7.617524134239115,179.59618912885367,30308.231180576546,6.952616889200849,329.4224141796441,355.4255317460509,13.400759973148922,66.22359111562261,3.6983173972917056,0.6175241342391153,3.623473842317729,0.5188225432221195,0
7.036752103833548,232.4687267350907,15873.034428156288,6.365468783544862,313.2636073203046,365.6264867130662,10.39293652412914,59.659209458562685,4.706774891746261,0.03675210383354788,2.2080797478278185,0.61248023176953,1
7.066141840325305,207.36142944113465,22523.43356996634,8.06469307232728,343.29387640356725,503.2533171089432,12.168333719046077,83.6566149592497,4.127599072932994,0.06614184032530535,2.948040872186411,0.6627606207860383,1
7.078659419377965,232.5818483030484,26177.78950840208,3.9143531837208743,334.1611266826414,380.45991776128415,9.63363114357884,41.95193958551776,3.696640140724124,0.07865941937796528,2.6060498644160353,0.40632163709197994,0
8.195765359895596,214.517610399437,10389.542537940964,6.2954050221532505,327.1938978986331,403.18991297102946,15.067041652409555,72.75681245594475,3.218709224251616,1.1957653598955957,4.6810804958103365,0.417826189743113,1
7.865094970430806,210.0392942912845,14310.62330102154,6.612899591983341,333.073545745888,403.36059590961617,12.87934114747378,74.13478782022871,4.795025554920153,0.865094970430806,2.6859791077190907,0.5134501060894969,0
7.036752103833548,131.54774425866867,21626.497594539993,7.207846353642049,333.073545745888,390.9550329818341,14.84495477882956,26.619225158022296,4.72812398548281,0.03675210383354788,3.139712851163911,0.4855417867880201,1
8.129341720237186,211.1233123490705,22982.927444607063,6.779005476818379,326.39795325728005,367.9887836916985,13.91093318883634,55.795356643677046,4.822043563607494,1.1293417202371856,2.8848620134753,0.4873148981078925,1
8.003031485090926,186.46308214058988,15007.272681730628,7.697323746237285,355.7260064460456,561.6131872428542,10.153232867574502,67.00035050057923,3.1375512055381387,1.0030314850909257,3.2360363118908055,0.7581154779483174,0
6.559252620892982,164.63592081564917,30660.209666494626,8.852270123017838,272.52426280499856,533.5838575451302,10.958305664939928,83.66233134668659,4.216315016151919,0.4407473791070178,2.5990237977800303,0.8078136881622272,1
6.2341976724749335,227.56086679477545,22195.21038401363,9.45559835604323,333.073545745888,351.18010062318496,13.03976400388592,63.16396948314785,3.885492315509884,0.7658023275250665,3.3560124661222694,0.7251356411120454,0
7.036752103833548,117.1251603715048,9943.92978526269,6.337137942441213,354.29756524708256,415.3383368798727,19.67616854859483,26.619225158022296,3.787475537347365,0.03675210383354788,5.195060181778823,0.3220717287879733,1
9.96124770904986,220.038185981074,11939.769859279972,8.428753588042051,337.48361004403085,398.68093562640865,14.792585197440474,60.99184257834989,3.2465830972284397,2.961247709049861,4.55635361796686,0.5697958068684743,1
7.036752103833548,203.2046589693207,10643.18677052104,6.828936370115563,333.073545745888,384.5977112364185,16.011328389346602,72.91157307712426,3.0659103715095384,0.03675210383354788,5.222371572164277,0.4265065194810936,1
6.466874708929867,214.33727039379892,14848.12948874036,7.054937966486287,304.57324510743223,304.9563717110235,12.180826012665593,66.62248509808484,3.4081687916535586,0.5331252910701334,3.5740079741613346,0.579183823820056,0
7.484254837727466,260.09217257337195,30616.615148853696,9.379133540507624,333.073545745888,404.6707773281626,15.934483871207078,66.6210265451665,4.781188176562564,0.484254837727466,3.332744905664489,0.5886060086859357,0
8.360795827235105,218.13962198847372,28722.17584686686,5.536705208224568,310.28657707291967,471.5535945890303,10.644554417064512,49.77194098726148,3.715951409137044,1.3607958272351048,2.8645561743177703,0.5201443358872987,0
3.889106956840228,145.4923057599013,7408.976195914595,11.09608644703562,336.6878090650066,433.7096721327478,10.45887422722558,66.62248509808484,4.318516117496335,3.110893043159772,2.421867030433151,1.0609254060275346,0
6.61977546022829,150.7183613850659,11388.534186913772,6.807580134398719,370.7534688731821,431.4300870043796,7.710769287634548,73.63427763194561,4.086920566839482,0.3802245397717101,1.886693728159182,0.8828664167723633,0
7.036752103833548,196.08296654924297,22746.06165910846,7.702740471830356,325.47842273693664,397.0549828114716,21.09160235771384,51.93901889083011,3.713109663734641,0.03675210383354788,5.680305347134453,0.3652041213364289,0
7.476689511613987,162.00870309518598,22171.31889817714,9.61159855831238,333.073545745888,401.2348151822703,14.993740060714572,82.86176424061142,4.195539286347104,0.4766895116139871,3.5737328299543143,0.6410407195503689,1
8.040144167343296,224.8634819797547,6879.764653372923,8.136930576288464,400.3224341668411,360.9576787634873,12.405913152097355,73.21799019374033,3.986459812349238,1.0401441673432963,3.1120118160114303,0.6558912528757768,1
9.241197563363231,223.69135024663237,21610.58129692349,4.1161831359475975,333.073545745888,480.01305630402186,12.72542757579555,65.55070439357391,5.265728857736182,2.2411975633632313,2.416650287727902,0.3234612580182014,0
7.036752103833548,256.6734691446341,8904.799817878542,9.711379813856343,293.1111226041612,324.99782435818423,16.848443749704927,72.68768581004775,3.371680094416703,0.03675210383354788,4.99704547313354,0.5763962168690033,0
6.364155674065816,193.5069028159379,22958.0099928107,6.6746350686624,333.073545745888,432.1943572726645,16.27182497172828,64.57685130910524,4.764412041610866,0.6358443259341842,3.415284281529612,0.4101958243813166,0
7.036752103833548,159.8328806823577,23917.19014614395,6.781576021609511,369.2238515470577,472.9271937896435,13.89183404798871,85.75864536490278,2.8576872045024406,0.03675210383354788,4.86121404920991,0.4881699212654676,0
7.814524320753557,180.34730837108663,17516.69936246287,7.489006437759974,352.2770291239511,370.0113728879427,14.28931978724978,80.88242514252853,2.901699555775163,0.8145243207535566,4.924463952288322,0.5240981393910857,0
6.272474990901286,190.20071312769585,14642.205540005174,9.734512546383284,399.0529411395514,448.56825977891293,16.557176634632867,74.4353886192217,4.612535780383918,0.7275250090987138,3.589603166970249,0.5879330862538719,1
8.783596632026194,199.93027838230128,19471.465437595816,7.415405532414375,319.73700936485994,324.9370292078704,16.311696356753487,74.57058080357453,3.4708854235987814,1.7835966320261942,4.699576524846566,0.4546066157452458,1
10.209955798031316,148.37923479310555,18413.096819986466,7.407967233394095,390.61901328956753,410.56817199963297,15.103624344268212,89.17848451466801,4.112597751648249,3.2099557980313165,3.672525635576526,0.49047609858817115,0
7.912361028113824,211.3764440319503,34808.44277996819,8.913364274633205,333.073545745888,594.8992901292464,16.68198992773307,72.04808258256136,2.878515630522547,0.9123610281138239,5.795342556247357,0.534310581587425,0
7.143941990149046,153.2363643879686,11553.039281308538,8.444687184831874,329.4044567185402,278.4832659168874,11.266886174258444,81.71841270493823,3.7928403073905503,0.14394199014904618,2.970566195929243,0.7495137791142106,0
7.036752103833548,199.3830906389212,5576.628297064725,4.998843662158771,341.08834162591637,388.2492992614705,10.745154263317945,50.74747360181868,3.216414002404394,0.03675210383354788,3.3407238354769295,0.46521837420292456,0
6.144759037662152,210.97974749526747,19981.31518756184,9.203614112389076,271.0971043194311,332.59812622472987,17.187963350912355,79.63424204397407,3.082080495833988,0.8552409623378479,5.5767387637689385,0.5354685362668057,1
7.760189364703282,206.20883409030944,34250.16392496158,7.930381857190964,299.1315984749483,347.18078039062647,19.350765124166344,80.62187234888256,4.590527648801448,0.7601893647032822,4.215367467365372,0.40982262956953674,1
7.24770098178392,210.2708051482752,31561.955530209776,9.080905700855377,333.073545745888,558.5264708253753,13.415204567504873,73.62924019018027,3.3199526784805693,0.24770098178391997,4.040780645362666,0.6769114088606811,0
7.036752103833548,117.1251603715048,27420.16742458204,8.417305032089528,333.073545745888,485.97450045781375,11.351132730708514,67.8699636759021,4.620793451653219,0.03675210383354788,2.4565327130375443,0.741538707214591,0
7.036752103833548,153.03510777751137,28504.997507756485,8.425497503748904,333.073545745888,346.311158574068,15.13865348444483,48.384960463149554,3.830883636685994,0.03675210383354788,3.9517382850612055,0.5565552415775269,0
6.016889135653399,221.1473077918809,16656.062671606713,5.2016877576618334,333.073545745888,383.20777481327895,22.517870469892785,81.6262321540199,4.422269232921709,0.9831108643466013,5.091925478062805,0.2310026400415634,1
5.202672012815987,195.32968870541464,23051.44185713561,6.959567222404004,267.1579598616741,473.5484840274566,11.659196215970724,49.5223302805099,3.9279805758489776,1.7973279871840129,2.9682410649929674,0.5969165023532509,0
5.348213658597068,232.66850873112725,11797.920916457138,7.816284866414023,312.98675321568174,371.91064735605113,11.975680496544726,65.79702323523554,3.3111681102507315,1.6517863414029321,3.616752904425921,0.6526797551078167,0
7.036752103833548,203.5059211759689,21417.593614505753,6.072637611383181,319.52268898784206,348.52732144162457,12.612966179536896,68.64254525846297,4.613578721749679,0.03675210383354788,2.7338784501925733,0.48145987577255767,0
8.40876623110244,210.7954061081746,27662.3971005681,6.6342101132597895,291.6876534902019,555.5809780414642,12.344834054962348,67.0618235577468,2.372791476751066,1.4087662311024403,5.202660652340507,0.5374077566628147,0
7.845879929236758,193.78499977048145,13769.860237879824,9.007161200505026,343.6208231859242,510.3056029860773,13.767801756435349,99.17559466917608,3.667154204946097,0.8458799292367578,3.7543548028362546,0.6542192214581879,1
7.949964794513219,186.78915065139597,15171.012325667596,7.8332749648098865,333.073545745888,406.61274295171984,20.53968804883607,88.05710547459495,3.317152449912202,0.9499647945132192,6.191961981553706,0.38137261699459746,1
6.923636014423605,260.593154348188,24792.525622664085,5.5011640433813795,332.23217745927707,607.7735672742027,15.483026737238047,51.53586708137299,4.0133388007039175,0.07636398557639534,3.8578908106715533,0.3553028604444462,1
4.556656719060655,156.42294088267818,14400.71862855609,9.461285079679993,333.073545745888,483.7457161392814,7.897724428684114,54.91394345874514,4.392257324547549,2.443343280939345,1.7981010781048874,1.1979759444810671,0
9.14973392673672,230.5618992529338,30468.64182648061,7.667655265787095,337.5579719917099,539.6250370863369,16.13349894678953,58.13452670034259,5.436819303585555,2.1497339267367206,2.967451202341481,0.47526298020120006,0
4.249890379403849,168.5721461104161,16073.67061950872,5.3608955634392625,267.1579598616741,449.0515158119887,11.34921022880286,86.94689686321624,4.116347641066605,2.7501096205961506,2.75710616821371,0.4723584269745539,0
10.003300539211928,143.09428542421367,44831.86987314955,11.09608644703562,333.073545745888,574.555041307426,16.9633097764721,36.76767070116618,4.746381859076648,3.003300539211928,3.5739446816922205,0.6541226882682449,1
9.092223456290965,181.10150923612525,17978.98633892625,6.546599974207941,310.13573752420444,398.41081338184466,11.558279443446397,31.997992727424737,4.075075425430034,2.0922234562909647,2.836334398863863,0.5663991288531068,0
6.891549222025178,184.07462762496303,13376.680471923562,6.866434552832582,333.8024747167596,508.68114494211017,16.586205384157495,81.71284879742737,4.958936840904343,0.10845077797482183,3.344709273696548,0.4139846323985897,0
7.800421288908953,210.6703041646953,19873.300917970748,7.284675601936172,333.073545745888,448.5956405072785,7.024747096163139,55.803502645602066,3.3459103817138685,0.8004212889089528,2.099501838140396,1.0370016835073421,1
9.864727092099823,276.39283372089034,12978.197125527036,6.908571954439259,319.3820022667278,486.6379375403771,14.351340508356714,84.79879219146378,3.701895298447844,2.864727092099823,3.8767537908541736,0.48138858311025723,0
10.258615434291345,200.13982871773052,13867.244195734918,7.365015093298825,400.3224341668411,340.8088227507881,17.073123080434357,72.73063947852148,3.823092676110029,3.258615434291345,4.465787272522744,0.4313806341827659,1
7.748928548486438,198.8430942320297,18939.93665488096,7.3758831019097135,316.8202484300601,368.4028571359746,9.984033412182155,65.25155080129822,3.13694500654802,0.7489285484864379,3.1827240224542,0.7387677964040198,0
5.508155525691396,192.22654632014564,12137.099596717851,5.230477275898359,400.3224341668411,405.4855099370859,8.512225338929795,54.9151301435605,4.571406411209017,1.4918444743086043,1.8620579119808829,0.6144664236637256,1
9.792727768555451,161.05788144753413,30249.170845011024,5.214315143188376,267.1579598616741,413.1554659517622,12.493388330953849,76.2255797341665,3.729120401580513,2.7927277685554515,3.350223011151843,0.4173659369014695,1
7.036752103833548,189.0010861022487,20784.56786015565,10.088771481178387,312.95469455514376,419.5341329799162,14.801684067824963,62.53507088571928,5.149542443249875,0.03675210383354788,2.8743682291344306,0.6815961449624928,1
8.330743318988178,198.9958000508364,28919.81177526052,7.436213728701341,304.2938476680788,429.2255002041538,14.713229303002436,83.62782362657892,2.408049128547934,1.330743318988178,6.110017864069376,0.505410000085697,0
8.309227709741469,198.33689976582997,24344.966692569695,8.343510207048167,278.86683483944194,456.53001893049486,15.514119447379189,64.44475108363537,3.756396830753752,1.309227709741469,4.1300522858267525,0.5378010461725945,1
6.877456932576713,136.87921387078754,27433.587294151766,7.091521514260433,307.3970883038859,342.1963466344736,18.403845830232967,81.19341217121226,3.827650071735445,0.1225430674232868,4.80813049186553,0.38532821858801913,0
7.76202074451675,173.63674203102448,15548.416673502205,5.018671102233063,330.39097625993696,520.6407737607899,11.147704109056631,87.48150459921058,3.2563013285827784,0.7620207445167502,3.4234241738568487,0.45019769119617176,0
7.036752103833548,191.2852175643143,21948.325362337488,5.626787290346799,355.4887658439758,509.4068215195966,16.691470568748002,84.10773756388434,4.109590274369244,0.03675210383354788,4.061588964540001,0.33710552524811654,1
8.24955050895133,230.9328321212901,32898.74936773528,7.0199710748416075,280.67498362294714,364.93112814216835,17.051184733261323,69.78164116801307,4.284831119370148,1.2495505089513301,3.9794288920163745,0.4116998773374408,1
8.460963963587503,236.83178068661203,13158.848362486711,5.478275704293273,333.073545745888,547.9116799321619,16.74146279065951,74.25154425158111,4.728493823388889,1.4609639635875027,3.540547978999581,0.3272279994626122,0
6.1574431448430325,155.83570621680616,25937.7114383158,8.163143897751493,298.19240617220504,533.2883507364414,14.356495676505917,68.12076147730359,4.770154312108588,0.8425568551569675,3.009649526518206,0.5686027783581975,0
8.397248095971374,199.49581125276544,16772.226246243372,8.117217578033463,343.40376443527884,402.46490555321736,17.236047164549916,75.8535486015202,2.8357942842945434,1.3972480959713742,6.078029419122086,0.47094423852495815,0
7.031684050645781,201.00210593103645,24510.50755840066,5.818273622676918,400.3224341668411,371.61639710329655,12.846818967375045,89.19243338354764,4.422182857407584,0.03168405064578117,2.905084768435257,0.45289601920573574,0
10.258615434291345,162.78025206078746,18869.21208982055,6.906496538174993,344.1876100515173,585.6795888322865,18.85714111400796,74.29377873862306,3.500166975577911,3.258615434291345,5.3874960417848134,0.36625361873072626,0
4.4293787345323405,256.21256522331913,8746.901717120361,9.010332224772313,333.073545745888,432.10793455422026,16.30747374176201,66.62248509808484,4.271167637481616,2.5706212654676595,3.818035560257646,0.5525277437160545,1
6.8528990851413285,158.07979129691492,11914.463778156174,7.634966832866456,386.1673844440371,473.6433428746763,16.939374487917576,62.69547135298208,4.59476061363479,0.1471009148586715,3.686671020679417,0.45072304101838245,0
7.121458434633312,204.16413945503433,20574.36425799319,7.089146215051552,333.073545745888,353.927593178135,16.48815636805159,57.02278309273484,3.7746005260862687,0.12145843463331207,4.368184629318341,0.42995381817424255,0
7.347030355621346,199.6137207525292,19073.25959456154,5.766832204959284,336.9943348589987,413.2142304937184,12.482482392969985,56.794083968773165,4.297880700154986,0.3470303556213459,2.9043336377825044,0.46199398175903916,1
6.150034400886871,188.41305544752873,8406.72324367801,7.744713611140504,358.591737823466,449.35881226955786,13.22029465474276,52.95663178478766,3.4444424918515057,0.849965599113129,3.8381511225305083,0.5858200008077807,1
9.434005874654105,158.38784000010122,20474.820823972794,5.8573331291404145,285.3951122985862,476.8420108063207,14.388349589814595,73.16477754804393,4.2010543638879385,2.4340058746541047,3.424936913113816,0.40708857436979445,1
8.398261060278296,177.34721366797191,18003.257284633095,7.39092401712103,333.073545745888,498.36537661237526,10.351297829521627,55.71566022856655,2.627862469966988,1.3982610602782959,3.9390546532661617,0.7140093372671565,0
7.036752103833548,175.83394430039806,36819.986844689935,7.65045525281128,322.02190949841076,344.71605280060317,16.918915589394373,66.62248509808484,3.5244138421322546,0.03675210383354788,4.800489257717036,0.4521835196945749,0
5.3866379619568105,206.89680588125145,20416.6510300176,7.312751932833271,356.38427191664385,525.1234712711948,10.21818532447918,70.03311942680477,4.32090017506474,1.6133620380431895,2.3648273613492403,0.7156604607330843,0
8.882684452292407,135.52306243902953,4857.253806702753,5.209778932956265,333.073545745888,532.3366593006464,20.29627438558896,26.619225158022296,3.8279208670614113,1.8826844522924073,5.302165271510581,0.2566864527594745,1
6.552279123020959,190.5476779864076,15362.452383441234,6.928597412765158,356.31797483917325,353.06365905373696,14.896210357189716,66.62248509808484,3.443385018883295,0.44772087697904084,4.326035557878178,0.4651248056722183,0
7.036752103833548,197.9797828412593,17153.306163452093,7.659203939381076,329.2803146030727,575.1146944234249,11.870981482343325,69.10983568283255,4.383921813522324,0.03675210383354788,2.707844546379095,0.6452038785141189,0
7.036752103833548,182.1005728009528,17423.407988916704,6.815718722305155,333.073545745888,495.5131279462768,11.558371894690367,85.86411873067244,3.5681965996986538,0.03675210383354788,3.2392746118282547,0.5896780441679753,0
7.071314192217861,213.6196250194865,20038.796416929355,7.602251873891982,290.05721880909675,605.3050414394087,8.713963616341118,58.41345969332727,4.293726559748635,0.07131419221786128,2.0294635593626844,0.8724217056878606,1
5.584086638456089,188.3133237696164,28748.68773904612,7.54486878877965,326.6783629116736,280.4679159334877,8.399734640152758,54.917861841994466,2.5597082275565217,1.415913361543911,3.281519068543218,0.8982269337993641,0
9.678050853902558,188.3687407851482,26402.703957347483,4.0741411623718875,395.90420766511585,325.0011155437085,16.917993803045192,91.4168799725022,3.0297003349809173,2.6780508539025583,5.584046720285632,0.24081702410965117,0
3.889106956840228,198.48865056001767,44831.86987314955,7.821650422876534,324.64407957923544,427.2167644660192,15.53012277971635,54.574254304233314,4.2480753693420485,3.110893043159772,3.655801221417705,0.5036437914997347,0
6.227826794815905,169.92622161321634,22550.492264225108,4.973592706222023,297.40449741812284,460.4153864081878,20.789591712522395,93.30073290085198,4.007347485187138,0.772173205184095,5.187867186836772,0.23923473513871346,1
7.463915951229467,215.47906830550707,27150.39539959295,7.78291530782294,382.95873682470994,403.70350157171765,14.77709168899088,56.956938860038235,5.0758436044594175,0.4639159512294668,2.9112577000502275,0.5266878588114501,1
7.036752103833548,188.44546948007348,28791.614416229462,8.040356351269018,382.0094766356869,422.23486057105725,10.575690095047603,63.235365039068704,3.228379217091306,0.03675210383354788,3.275850235687557,0.7602677006171413,0
7.036752103833548,196.0835555125884,18592.08391958237,7.245436362417256,321.81403250426115,552.8790336670374,15.664786169209435,81.08082626336086,4.762871709109083,0.03675210383354788,3.288936556975423,0.462530150212243,0
6.96820896010586,178.21731117902698,39995.18627184782,8.930688995006285,337.06494977222525,393.6769575025494,14.243373528509892,75.37574268576242,3.632643889529804,0.03179103989413967,3.9209374881543955,0.6270065409801867,0
5.83610452509449,276.39283372089034,17711.487773748795,3.4581916819703147,400.16759862891433,456.7328619773303,17.552294113596417,72.05986579387582,3.7389908292912017,1.1638954749055097,4.694392209175754,0.19702219337068452,1
7.951451170491509,185.42172373148236,6108.795734261221,7.117858564061427,344.7956808751977,283.8772795417849,18.904399251077507,85.79975869862395,3.886882385706481,0.9514511704915094,4.863639418819723,0.37651861310203294,1
7.689358003612376,221.35688549113,30253.851102579432,6.269309000717355,320.47810589685275,529.7465287886901,17.97327720957753,84.69636557466985,4.978556094767624,0.6893580036123756,3.6101378105048005,0.34881277236206076,0
9.302441187910585,236.5807942282816,5230.630429801216,8.30040216841763,333.073545745888,367.89756289774266,12.86399233724461,26.619225158022296,3.6759854978305095,2.302441187910585,3.4994666995748407,0.6452430400741739,0
8.580008559294866,174.50681953512432,6493.547256349771,7.040727474579704,400.3224341668411,403.5966313898295,16.122667861870184,52.16677279737275,3.195591056480895,1.5800085592948658,5.045283495799231,0.4366973938930728,0
7.036752103833548,266.4210180681174,26362.965012309312,7.700063469729127,395.38949034184554,364.48010670373776,10.34895075743782,53.00838135392041,3.9915642477993063,0.03675210383354788,2.5927048951895673,0.7440428412660317,0
7.744125219434779,203.39622710643607,21403.00204819467,7.623241594883384,333.210903330637,424.32874021965506,16.94981072765387,48.416725044381785,3.612260192161634,0.7441252194347792,4.692299317788488,0.44975376230556896,1
8.016279103360878,211.0293038198348,14034.485798658789,9.796999515077292,389.3387958191684,491.0790820972671,14.51299105109308,35.56596645086621,4.308222881195557,1.016279103360878,3.3686715108838863,0.6750502915309878,1
7.344975869046369,182.30694217406872,5689.804404872833,6.764349993180452,373.87278500525446,360.1844730557162,20.48390229703,73.48898065084018,3.4187631946436317,0.3449758690463689,5.991610164024553,0.3302275887116313,0
9.160997540099476,241.38309709563904,28170.885101366224,6.819603096244566,267.1579598616741,568.4205678843352,8.120978574739468,48.25957163667532,3.542527792591825,2.1609975400994763,2.292424155231186,0.8397512927451672,1
4.430281211546542,139.68575880006665,28862.257169818786,8.96137237710277,298.37945836409085,434.7812670644661,17.2992944626111,63.04250092306029,4.384565155637755,2.569718788453458,3.94549742176141,0.5180194994918115,0
6.784133023750861,212.44233820906925,12827.621006985364,7.403641894087093,333.073545745888,328.0335757343945,10.86177527103439,89.57703602607518,5.03582284435287,0.21586697624913942,2.1569013545250777,0.6816234941084852,0
6.729580190108561,242.16414593357212,17975.55322701793,9.808651156000304,322.2351014670934,440.85943483462125,13.57122271670977,62.17947698396132,4.003458052258935,0.27041980989143877,3.389874241139612,0.722753626404615,0
3.889106956840228,260.45804113718805,39233.09883885389,7.6701494862203985,303.40207845554824,403.2437351708769,11.309210335190585,69.23844469184576,3.678588221192267,3.110893043159772,3.0743335706086685,0.6782214302029523,0
5.168340328145769,206.26975519362932,17914.340231015696,11.09608644703562,333.073545745888,357.6969709312958,5.328026018267515,72.08470049052086,3.841162624787827,1.831659671854231,1.3870864505444798,2.082588246829813,0
7.036752103833548,214.17232983223613,8985.911807108885,7.297972659569131,333.073545745888,498.8039168835444,9.583323113158656,37.61648538371824,5.504749396920436,0.03675210383354788,1.7409187378450304,0.7615283145384223,0
6.770095146347258,201.65085424059345,25887.631722186707,9.36753268783956,327.6194527217428,519.3803669384755,17.72030028769052,90.06484922185543,5.203461367345384,0.22990485365274171,3.4054825492532133,0.5286328113589556,1
7.036752103833548,139.16974356873496,33784.82622980125,9.640520475248032,275.3319596291253,499.4281331505026,13.664485342268506,70.36836372182748,4.678745035353083,0.03675210383354788,2.920544359325823,0.7055164924441326,1
7.036752103833548,195.01956906857623,17382.42736561254,7.036828316244749,329.12773842254506,383.7949027723084,11.147085344409843,90.8869084268986,3.843405195850602,0.03675210383354788,2.90031414229503,0.6312706386968692,1
7.036752103833548,164.90907231441798,32768.22796617652,6.309685173451063,285.56098329312164,527.1986749763996,15.843303170637624,59.728172929692974,3.4994530742113916,0.03675210383354788,4.527364221577316,0.39825563566120226,1
5.304142660215901,160.9683582363086,25299.51155745438,6.28604310963364,300.50068924411187,497.79039051282376,15.013030334164682,61.115513216060755,4.165723663998691,1.6958573397840988,3.603942061728494,0.41870578763988126,0
7.036752103833548,233.84662080654803,32496.640216272444,6.637384365361294,347.9864476869224,424.64977282821707,13.027999830820704,55.98397316828474,4.296188762920464,0.03675210383354788,3.032454465410888,0.509470674092916,0
7.4686170188765795,240.3453052406008,36701.97434743677,4.536412951344509,339.2213511911472,453.2113664209743,16.106515109540396,67.95249572667734,3.384178840922889,0.46861701887657947,4.75935555042726,0.2816507878235349,0
4.762828659328944,153.2970184052645,22777.532069498073,6.841720702011132,333.073545745888,522.736232995813,15.785508966566056,86.12861265369574,2.471786245060302,2.237171340671056,6.3862733324287175,0.43341778102208917,1
4.901906856012032,141.93078127421825,13614.750925469429,8.306960457626596,368.6186875689668,439.0553561851737,9.921623325469795,82.6601649179758,4.103534274020024,2.0980931439879678,2.4178233310883877,0.8372581126965072,1
5.26428380172951,142.5341263042983,25556.05312803757,6.600786950950184,400.3224341668411,443.7592310363813,7.491362469561352,72.87984777883966,5.100239664952599,1.7357161982704898,1.4688252891750502,0.8811195689236374,0
7.1252110755305536,209.7467711974657,16701.56597534472,7.458741450053704,320.50094487053195,404.7045963253844,18.9527967341603,92.34737526315509,3.9080753459125,0.12521107553055355,4.849648537184602,0.39354303014642295,1
7.213375388220339,213.76717628484647,27377.699775744542,6.915301472063374,327.7174080434716,457.5115872324179,17.96873601497714,66.62248509808484,3.4534388764574366,0.21337538822033864,5.203141406188196,0.3848518382955571,1
8.73612638374922,257.2313285955123,12726.298639170123,10.32655756908256,356.41543394574416,506.3759337873192,11.33748862616551,69.4257145433555,3.3685326113059495,1.7361263837492196,3.365704467995517,0.9108328130462106,0
6.92265237065665,185.8189891329863,14682.665838222663,9.886831313709733,341.0664040428121,560.7877028161919,22.466127567766023,64.39542224522141,2.8773542665385077,0.07734762934335038,7.80790882135074,0.4400772159692512,0
4.872560878371032,224.70510511747744,16960.434630635733,7.0780148890041295,323.03685205942384,354.39060427526863,15.692175611249183,79.9628026711345,3.9180057985839225,2.127439121628968,4.005142517088223,0.4510537361611227,1
8.06206612314847,125.70532900057428,35381.67075872485,4.740110742938589,333.073545745888,463.46164010252255,7.0912289574613965,98.59456046083172,3.0400314978062712,1.0620661231484707,2.332616168602975,0.6684469085579494,1
10.258615434291345,225.0742180753637,14694.420624957002,6.72284290895704,300.7637719072286,353.6309128926869,13.55379640812282,64.01294426739247,5.199864588297582,3.258615434291345,2.606566684843922,0.4960117601380132,1
6.8503020324159625,167.98503971803825,40588.43383077968,3.3723692537483516,267.1579598616741,300.41174395019243,16.00520675269331,72.36321679277631,3.0802967096198777,0.14969796758403753,5.195993459563499,0.21070449730218957,1
9.25285650898534,168.0407510677611,44831.86987314955,5.9050557942709885,400.3224341668411,400.0035891200178,11.949853845496136,62.2568812631832,3.3005858263579806,2.2528565089853405,3.6205240080540935,0.4941529307777815,0
7.397562417753871,217.9367988994451,24502.155146145928,5.919099072332417,333.073545745888,426.0030036036084,12.263150126174196,49.502513243973986,2.4593368407245313,0.39756241775387124,4.986362557883231,0.48267358131947213,0
7.036752103833548,211.20052600889707,12830.484133775428,4.502117033961811,326.9615175657507,333.3298479586677,16.04514847686687,49.89840563542835,3.4397400415499195,0.03675210383354788,4.664638495471466,0.28059053238816806,0
7.036752103833548,205.6387902697325,39742.970329359705,4.66052847082034,323.95649205808826,509.5464193025853,11.67484981862134,55.04267884602287,3.9167455268933384,0.03675210383354788,2.980751942577588,0.399193834955631,0
4.941972156828116,166.71044045521649,19806.411303229328,8.031864862891307,400.3224341668411,352.0390921282106,15.496886933983603,68.60840186648572,5.076146746327639,2.0580278431718844,3.0528833494247465,0.518288891105548,1
9.32030544529501,129.82385854680206,16002.138319545113,4.405034532267237,271.67056164356967,499.8441671492051,13.076858902168738,82.83758290278021,4.20580973235456,2.320305445295009,3.1092361816405027,0.3368572092400166,0
8.3043346530985,155.5699415418786,18253.18109546363,11.09608644703562,329.10063595527816,380.3234401601916,13.755926276257584,35.05703049389065,4.181254134458123,1.3043346530985005,3.28990358968858,0.806640383028719,1
8.651389726569342,154.54694874856483,15901.285161146245,6.5109801126175775,400.3224341668411,444.8435840256904,14.656725456849529,49.51517498938423,3.2664097400709085,1.6513897265693416,4.487104232498131,0.44423153640660334,0
6.810344849129398,166.59242524339237,18852.122978796375,7.847711669399056,333.073545745888,294.38391409515094,13.447314149836243,54.1176643228823,4.115695843709358,0.18965515087060236,3.2673237754111573,0.5835894810195345,0
7.036752103833548,182.11394636646935,21453.3346619721,6.667286527372882,333.073545745888,392.4333770325469,15.46458206169592,60.046065200156654,5.036017097278329,0.03675210383354788,3.070795569629429,0.431132640354658,1
5.999125177726393,219.71610877461148,19345.79133187442,6.029641484447208,267.1579598616741,497.47715053535967,16.38119482488395,46.303522781124165,5.046973115947742,1.000874822273607,3.245745757467159,0.3680831087610739,0
8.832142260904973,176.80866080582092,12171.024549095238,7.4753362078876355,321.2576280918061,395.38733714198264,12.481551520173523,65.86718937401743,3.9145118853536345,1.8321422609049733,3.1885324906896937,0.598910768176114,1
8.80184604561893,205.4078250122928,13121.171942689456,6.701766574304423,267.1579598616741,399.2835622955296,18.90903520878692,67.96334191210315,4.031495952782075,1.8018460456189302,4.690326057604504,0.35442137295131676,1
5.041405027891031,193.16785349406788,17342.3140789379,7.842974787706206,322.1069974621493,444.4534957423296,17.472788484952957,66.54219804427565,4.543685761333924,1.958594972108969,3.8455090332466804,0.44886792658151925,0
5.941265555962168,179.95486155596774,26562.447179006183,6.803287747270203,333.073545745888,431.969182207496,14.632401374105712,75.43402881872822,2.227370875365405,1.0587344440378317,6.569357158514554,0.46494673761225075,0
4.891960039961394,153.5062323362838,9559.54739235584,7.847066470239234,349.824390368496,496.8728454764106,11.457623889964566,61.11052919376668,3.9042699551582665,2.1080399600386057,2.934638507818449,0.6848772363906132,0
4.495357678948128,234.19191634157005,14080.833708523329,6.340682430161761,296.3142195689081,382.4080743898848,17.353544583874793,59.004349138760425,4.962899585062542,2.504642321051872,3.496653677912854,0.3653825323197139,0
6.020995362815591,178.50029699591676,13095.149160657458,7.944802450122615,333.073545745888,437.2989953181805,13.770783215352822,59.872433044300976,4.806016624928021,0.979004637184409,2.8653209975606497,0.5769317364849189,0
5.367546490440581,175.43281939477444,29009.01082101329,6.4814437212865865,333.073545745888,463.4784249372301,19.37023363140878,67.2862078045105,4.267189590792987,1.6324535095594186,4.539341100255178,0.33460842600104307,0
6.1156375458102,240.9751558941715,15765.786717700988,10.08834488989324,339.4024396808054,407.3195392577166,21.305048365048492,63.07159746604637,3.723625473260451,0.8843624541897999,5.721585802991013,0.47351896337041305,0
8.007541219554257,151.73632191206693,8864.686480286256,11.09608644703562,333.073545745888,447.4843610277257,12.412691164547766,66.62248509808484,5.250173060134276,1.0075412195542572,2.364243741707547,0.893930688036191,0
7.619845076953617,117.1251603715048,37279.128949954946,6.360070218692954,377.8751931375857,285.3499428449925,17.030429005912538,48.929139904711455,3.779648433049115,0.6198450769536166,4.505822380509445,0.37345329604037575,0
5.913956687853429,215.49788214967924,13086.643934398497,7.784749911423435,334.68617752098504,283.4014061798572,14.683579853712672,55.32636880861537,5.648605948542045,1.086043312146571,2.5995046190109994,0.5301669932545847,1
7.036752103833548,212.90913181434803,14101.869291982675,9.112484615178165,388.7877846681564,337.1910833477874,8.60242535873266,74.58171128420321,3.624635249622655,0.03675210383354788,2.3733210083158607,1.0592923711491846,1
6.265637343836686,159.29019048746136,18711.064662136807,6.83596822664864,314.22305259844063,499.6046290174912,15.061714074836914,68.1072164894309,3.266028668813291,0.7343626561633139,4.611628062861283,0.45386386561443165,0
7.442536475327727,180.85909058042748,18223.027079632317,8.577249576739348,400.3224341668411,564.7934853202896,14.768336556220618,57.75755359567784,2.191138421703526,0.442536475327727,6.740025947202761,0.5807863982040753,1
6.115180039114616,226.08442939284657,24699.523902990957,6.707523245610187,298.32933942288184,429.70668076734177,14.53607987930991,71.0454803734078,3.6908618596006346,0.884819960885384,3.9383960965926454,0.46143959305822346,0
7.036752103833548,156.52063479849775,16146.15711220508,6.629599183312762,352.35343088747163,629.2812475471133,13.50768846415275,42.34016996385956,3.772919264661592,0.03675210383354788,3.580168017508927,0.4908018651825436,1
10.258615434291345,227.23146923797455,25484.50849098786,9.077200016914391,400.3224341668411,563.8854814810949,17.92780641128502,71.97660103221915,4.370561936655497,3.258615434291345,4.101944456840149,0.5063195854725975,0
3.889106956840228,177.71284092836623,21937.47156902812,7.369768571309858,299.2416239048493,447.30375575365935,12.451911879217278,63.16311345592596,4.927711075497064,3.110893043159772,2.5269154707991413,0.5918583468095321,0
7.191962028701999,228.40994258487405,15395.469081509713,7.398602628776651,334.77761853113753,294.91558417585713,13.932293331827625,50.74836453880706,4.1027190407929215,0.1919620287019992,3.3958674229048706,0.5310397880322494,0
6.081615358462056,209.05967959905152,10120.112679667847,9.406773533990595,333.073545745888,410.50908968774934,7.9962948632556845,101.1586753344762,4.010036798677171,0.9183846415379442,1.9940696982690531,1.1763913810663624,0
6.810466516571186,209.73555875887695,32602.340084234176,7.422781036509128,341.17426935089077,340.0300885558946,16.7367485947957,42.34946082233678,4.402339512540909,0.18953348342881426,3.801784198000557,0.44350194728474907,0
9.759937780953084,182.75079990042912,19945.368305961947,6.719256583023286,333.073545745888,343.59695793159557,19.863354235104,85.70256386355253,5.3817458818235515,2.7599377809530843,3.6908748537005702,0.3382739976954404,0
6.1798098000471855,248.83326298226547,15391.559151103324,8.014257063844763,273.0868900719404,487.6257329898283,9.696477802501704,69.69702548357233,3.704324220484782,0.8201901999528145,2.6176097468117914,0.8265121006377155,0
5.579517092707998,223.61639299672817,13289.201652748288,7.698690079377398,368.897034016997,375.2759694778724,20.2244258107807,104.58088148736014,4.0439146926024625,1.4204829072920022,5.001198676762044,0.3806629553166661,1
7.904053370906855,217.77163128141012,23575.991430246937,7.493024192606254,279.1466829796012,548.1553826559827,10.329557999920382,65.18054275904615,3.1372804215828185,0.9040533709068548,3.2925187803869127,0.725396330343242,0
7.036752103833548,219.0133284186671,29433.42378398534,9.384055553525284,302.7673474825417,426.43072016026,17.307475824940866,70.06030294120421,5.776611019642239,0.03675210383354788,2.9961291785029323,0.542196626836006,0
6.884981084419804,138.44011074446098,14893.206395811962,9.68643479820874,319.13499052518404,286.92155809604844,14.184036095168665,54.55907655025769,4.584319179768512,0.11501891558019572,3.0940326022090576,0.6829109888261723,1
7.036752103833548,179.9623511994494,22060.18687164021,8.29649738530308,333.073545745888,386.41764055623094,10.080115678701532,69.90483487196701,4.963535103139469,0.03675210383354788,2.030833556811603,0.8230556897057458,0
8.257596524670312,208.404165637212,20109.02627037874,6.230581825397784,267.1579598616741,528.0686584836523,14.410778246134155,74.98493714472873,4.528574925440666,1.257596524670312,3.182187619992674,0.4323556498215878,1
8.269944709732332,192.0037756898031,11889.21774723934,8.377233431257475,345.9873539414137,405.34060889658616,17.395661993474732,85.44498455908746,3.076479932155731,1.2699447097323322,5.654402668858851,0.4815702301429873,0
8.316663722070082,117.1251603715048,24814.48580511025,9.489565661316872,333.073545745888,480.47230587906785,14.271246650588694,77.85449933820317,2.6957996970028972,1.316663722070082,5.293880466183942,0.664942960395297,1
6.39908051004593,230.0279325865128,23037.076832776307,10.517848492663749,316.0725606007638,452.9744802793642,13.625533230753888,66.62248509808484,2.6205380227279225,0.6009194899540704,5.199515486157505,0.7719219162008452,0
10.258615434291345,163.2762251750455,21820.295875084335,7.899520922132126,356.1796373224695,561.2062376872427,14.116323805888156,56.193060622785694,5.063108914843383,3.258615434291345,2.788073741892055,0.5596018107232206,0
6.006769481080511,226.87409855898463,20279.701038209343,8.16641628348054,267.1579598616741,275.98659525504956,9.650786456157505,52.64002547990045,4.034754809022699,0.9932305189194892,2.3919133927698897,0.8461917041049445,0
7.217392780568977,180.19422077129448,13579.55457958598,5.993126371123805,317.9634037788152,421.9635385468848,12.370338614340652,63.44674913185031,3.7466198236682153,0.21739278056897682,3.30173219990519,0.4844754920209394,0
8.107500138616412,173.66467908014425,27277.57996373848,6.643620149461161,354.03729316839826,330.21151529066753,16.25700237078837,66.62248509808484,4.647800627368438,1.1075001386164125,3.4977831831417907,0.408662039241429,0
8.054893321996667,239.1397785739744,28545.355432785866,5.096893751721072,333.073545745888,574.4028275055138,17.778014610355342,56.352952959363286,3.5243804297933856,1.0548933219966674,5.044293577326437,0.28669643808571255,0
4.18749081481174,208.3741880955512,21809.709834295947,5.84611204151865,327.4742030687985,264.5080825120705,11.235144226195416,46.68259729003305,4.592959344095949,2.8125091851882598,2.4461661726815707,0.520341475238619,1
6.847863211692964,234.9422028892612,24456.174888097576,5.596240507286585,334.87304622000903,337.5731511678991,9.515292142301746,77.29730018591418,4.9211957300136175,0.15213678830703614,1.933532159823941,0.5881311719559758,1
7.036752103833548,162.62628692579722,21318.96168510506,7.575278808242918,289.20840765703315,457.81155562299114,7.477315032605759,60.238477842541286,4.514981623747227,0.03675210383354788,1.6561115857407072,1.013101328766897,0
6.657793590506106,205.5431757498284,18844.037030605927,6.7342280682127,363.3979300571846,555.8990376906735,8.00696575983045,66.93478170794145,3.868925701517684,0.3422064094938939,2.0695573676000416,0.8410460877641136,0
7.036752103833548,205.0658790565438,16034.45369903539,7.136008140206206,397.4696780705473,459.29837847720967,19.637892924449034,70.05983474092567,4.858164685873184,0.03675210383354788,4.042244376628215,0.36337950330416685,0
6.019939994871649,140.8678983115188,20666.410142053144,6.903524638089182,333.073545745888,428.6953307527595,8.398237310611648,67.29095584544493,2.747027112289297,0.980060005128351,3.0572083602059643,0.822020569405156,1
7.392084037518904,173.52877840044673,20185.67622897999,9.120931424656208,384.1172465899871,310.0748511865544,23.295426859188986,81.12954279825715,3.778458495607913,0.3920840375189041,6.165323959742754,0.39153311455743084,0
7.273368228315567,175.0150826368574,14206.357322954953,7.839066572142404,337.6445728128531,322.4906894477517,18.107842094625028,58.181707396244455,4.1964210363265435,0.27336822831556695,4.315066963683242,0.4329100120416486,1
7.496990927216014,246.8635806273199,22631.65772706926,3.440880123602577,297.1324489170622,357.49845925493804,16.141285902475715,79.70553048606504,3.837926004293759,0.49699092721601357,4.2057303029519115,0.21317260168858174,1
3.889106956840228,190.99287297847633,26895.25795550062,5.629535947044413,333.073545745888,655.8791400416264,18.12520189926198,78.15357515554805,3.5842019158558904,3.110893043159772,5.056968683072947,0.31059160983371037,0
8.733525329569868,203.39613019500507,24578.421221310626,6.594144886088997,288.6784626440969,336.82465618510247,16.70192017237497,68.79306179495858,3.1492018002221234,1.7335253295698685,5.303539096052159,0.39481355576002436,1
7.846463340823771,233.9765793947504,6670.659353530027,6.844526213052131,333.073545745888,545.3106589916553,16.536216173110915,67.4840901235171,3.885623898479858,0.846463340823771,4.255741767451678,0.41391124350869224,1
7.017295398626637,170.13244649695807,20169.344251930357,5.216280115807192,378.2269707780928,512.7684389301344,15.505992025792011,64.6249442093205,4.899611272468954,0.017295398626637315,3.164738588177798,0.3364041314303865,1
8.091812332148193,200.97330149823853,26472.69180287761,6.725680183680906,333.073545745888,432.1899313966691,13.79865513470338,32.66707798961951,4.370031238360665,1.0918123321481925,3.1575636933698417,0.4874155945350314,0
7.586235787902423,190.89021933202565,16409.936560013983,5.739025428182478,333.073545745888,402.7994966727517,13.906081958154914,95.38266213691831,4.351335081254766,0.5862357879024227,3.1958188699928938,0.41269892071346764,0
6.733266882930834,191.30562738225012,6193.330562324434,7.739771030367339,333.073545745888,424.6668217064328,20.811342475991637,98.36782477531796,3.7656936481045857,0.26673311706916625,5.526561344124585,0.3719015564418552,1
7.036752103833548,169.35592717386942,23133.662352905092,8.247827609786238,337.04789601137617,330.35532264434534,14.74909031027562,58.35685104211581,3.5171530228599703,0.03675210383354788,4.193472965475197,0.5592092038944811,0
7.036752103833548,199.06467199753385,39927.73704499611,5.454050988062815,267.1579598616741,257.96315421657613,14.24471958684876,52.616386958381035,4.0593774038942225,0.03675210383354788,3.50908887261744,0.38288227240471057,0
6.2528102107865005,187.56947914835783,27690.47478403692,6.489931491506645,330.94920988301516,303.4963734270565,14.261368981645203,57.95282564495728,2.9217973892390896,0.7471897892134995,4.881024315082611,0.455070690954612,1
4.704183667003456,169.94391362220776,7028.839617265691,8.987042737214756,317.82981362018035,289.5375294678856,8.069436300643986,63.66494910472319,4.138994399941143,2.2958163329965444,1.9496122901607318,1.1137136831706396,0
4.814135620889671,205.21404105658868,17650.405049112054,8.12108014749549,350.4879386993514,414.0307089516421,10.999416075761246,47.4026658716864,5.190851804612128,2.1858643791103294,2.1189998040376232,0.7383191392379717,0
8.430471661964157,195.7172934966878,35254.02604659549,6.703538564300445,314.7278354716577,282.59991842744216,12.269177948119534,46.487949510588415,3.2539204326522713,1.430471661964157,3.770582112094491,0.5463722220245129,1
7.701032797005616,121.575139230317,16978.926829044573,6.812415640336417,354.25025177160086,368.2245749971128,12.997263261412002,69.2602092263662,3.395482609242578,0.7010327970056158,3.8278091598007356,0.5241422735830662,1
7.036752103833548,192.25416191961097,21762.614145877935,7.259638237663376,331.6496585578883,397.2628256932218,18.261212947742592,45.98162417818872,4.344804944234699,0.03675210383354788,4.202998518719609,0.3975441204751229,1
6.904121373223552,228.9604179005877,10836.969782381557,7.792593266848893,362.29655205650096,513.188841524663,12.704460037782267,40.546036848968306,4.141819203370412,0.09587862677644843,3.0673615497466535,0.6133745653337211,0
5.609025353745414,271.6308237919948,26955.33018270648,6.772753383250597,296.6515643633789,443.8725582862587,17.04868331892419,72.82739237135598,3.3548901479615756,1.3909746462545858,5.081739635362814,0.39725959238583475,1
8.722311224490616,145.24661756982644,20256.353065853567,10.651998476491126,333.073545745888,612.3279735265342,13.053340105655025,94.8267062132825,3.009289196450496,1.7223112244906158,4.33768073316812,0.8160361696115045,0
4.07760772456597,207.83804788598505,18194.95413992543,7.923973951449605,333.073545745888,288.3651930524628,13.306692030386785,35.82455649309712,2.758658531189276,2.9223922754340297,4.823607944344688,0.5954878446023099,0
7.958984291884184,171.48362468653875,23625.813886131746,9.537735147164778,267.1579598616741,327.62388101792124,16.117110461678863,106.69503986064285,4.698007916123446,0.9589842918841844,3.4306257713486565,0.5917769551847019,1
5.720136479125319,182.44015986658104,13463.852418845432,8.253966478239233,333.073545745888,401.509481048087,13.361777551994464,52.95290368890775,3.5132554958442737,1.279863520874681,3.8032456690252228,0.6177296267948696,0
7.036752103833548,193.1167938730153,17388.98256489996,7.702135354264007,382.0607071506439,468.9393444824816,16.233038552975472,67.8739098505863,4.217743744931683,0.03675210383354788,3.848748450811811,0.47447277690223,0
10.201425755101072,190.79907898724525,8918.892600033822,4.8998748098928,306.4953694983077,331.3789519350312,18.525433629799068,68.54744753582546,3.964449588219743,3.201425755101072,4.672888012489521,0.2644944589861936,0
6.145242939675406,213.17558876856128,20417.264415925085,6.243743092872937,333.073545745888,435.37652881463265,23.295426859188986,81.29913319887703,4.090939919526503,0.8547570603245944,5.694393372438452,0.2680244007800039,0
4.0914114501536405,146.78993810075713,24252.45882437874,7.254980810725014,282.69350210853077,482.2944042361673,10.611555510495464,70.06944170830938,5.952324819621305,2.9085885498463595,1.7827578382076177,0.6836867714504846,0
7.755154226534814,196.78278366439469,19024.68867060883,6.911867556478251,392.80008119788226,338.43062388607643,10.77286174257597,76.61759947042125,2.728799591724234,0.7551542265348141,3.947837659976823,0.6415998905436263,0
5.596627849736466,177.213791697649,17925.352120318876,8.435470110486323,303.7341659167977,552.3087055145292,10.339985594837458,57.82061113251279,5.2351111206857155,1.4033721502635341,1.9751220903141011,0.8158105460889069,0
7.036752103833548,148.15306144508662,15193.41347396722,9.04683270725723,307.01179262256534,563.8047433250861,16.56865556799744,52.67618503420983,6.0381849531835865,0.03675210383354788,2.7439790189405717,0.5460208961498603,0
6.762832521891738,232.0751765558761,27159.384345233535,7.884990657868601,350.4452926972019,465.4137746213498,13.863964882331118,64.81225738319597,4.916579160751283,0.23716747810826178,2.819839081035673,0.5687399063725048,0
7.7753855932769635,193.07716833624272,15704.482092929533,7.8811972419552685,324.33620298187776,301.75347653703744,13.378164811882584,89.05195716873556,3.3094717160131584,0.7753855932769635,4.042385588239245,0.589108952062407,0
8.164992426171885,276.39283372089034,29045.261138112808,7.992914378232637,334.55196550365855,384.783184974492,17.406625809888965,64.2107667997218,4.162495509766512,1.1649924261718851,4.181775472735557,0.4591880130210951,1
6.1025333060713525,179.39723218654674,24196.26441490278,7.155343780063374,321.4421133079332,525.900094922427,13.478149838010154,60.05829023408375,2.292573781243537,0.8974666939286475,5.879044796392353,0.5308846789193341,0
9.49455872615755,254.5344570469867,28492.170509136435,6.113607757078626,333.073545745888,620.981005962607,18.41795352919405,65.44805658581268,3.631107121693927,2.4945587261575497,5.072267999720702,0.3319373900824887,0
7.721078493617457,208.43859260220216,17248.61874200274,7.6853697349708545,286.4035215485703,269.0136348220542,11.757348236756798,56.8845279970477,3.223951089800068,0.7210784936174566,3.646874367008948,0.6536651740295523,1
7.704410252313842,234.63595110392544,22057.379164921553,8.12440319025818,333.073545745888,397.3996597568738,14.897563160881305,50.92043606069325,3.0313643685904275,0.704410252313842,4.914472968267963,0.5453511126061538,0
7.096047101005687,221.5082446290745,17240.021064750897,9.181472938087696,322.6168782642901,442.5435994770917,16.576200295556532,78.12209061536583,4.785637377933364,0.09604710100568692,3.463738583339182,0.5538948746085093,1
6.42064020641154,180.29299969001687,26034.52819812165,9.710618837152984,308.9578863873203,473.0648236129786,17.72439598685719,57.596635753313535,3.13994027416726,0.57935979358846,5.6448176698966614,0.5478673742386554,1
7.036752103833548,168.38843077429533,27492.30730658781,7.046224797696413,299.8204779108216,383.79501999032584,16.18206649367437,75.72943388991457,3.0480572231069756,0.03675210383354788,5.308975521202319,0.4354341495887845,0
5.848667070247964,210.4412054057976,33095.389596753266,6.095883817488381,312.3757857574458,482.4519329136101,11.81333768964572,61.93507808615879,4.874534245985106,1.1513329297520363,2.423479797253643,0.5160170192048558,0
6.512239644597469,198.56467724815883,21626.563118526537,5.89710430228538,389.3369928368308,296.26078440075634,9.177841644977832,66.62248509808484,5.425794714477963,0.48776035540253115,1.6915199406583017,0.6425370896408112,0
10.258615434291345,185.1658145801443,32150.97939283285,8.933966139013041,333.073545745888,566.3793974220303,14.282960532198048,85.39339918963503,3.951304462604923,3.258615434291345,3.614744713455263,0.6254981586888141,1
8.555283422607033,216.65535589859263,18337.46091630916,8.290688224907012,311.32584501765035,390.94308867459887,17.138831017244968,39.777281789057966,3.687152067632291,1.5552834226070331,4.64825590445332,0.4837370607614907,0
7.899451562181437,210.73412392000083,15896.365936521304,6.907202815535574,319.88695656532974,448.66642331163297,18.16992114456366,106.69503986064285,2.8537673494417257,0.8994515621814374,6.366992313205165,0.38014487682338094,1
6.910765112184391,242.091338295218,7764.438021536858,8.045869831293803,400.3224341668411,487.93231029492387,18.37680200827515,45.306538783679414,4.340148944480579,0.08923488781560884,4.234139889946694,0.4378275061048821,1
9.502856746233924,175.5856730940521,4466.257487680507,6.416458708054712,370.85189291534095,406.3098541807606,13.754220517855742,57.43827456351429,4.237345251715119,2.502856746233924,3.2459515226749636,0.4665083152634164,0
10.14708957613564,177.8213114607707,20642.588720232707,5.759743878078276,333.073545745888,487.8788563196209,16.487322924513933,48.58901017075846,2.7994406184700935,3.14708957613564,5.88950411243951,0.349343768852293,0
6.376950463991447,170.227079802342,16079.361250418166,5.433802467728858,331.8568920571772,311.77290011697585,15.703707226309632,54.01311184747893,4.284387095962003,0.6230495360085531,3.665332568986977,0.34602034050945946,0
6.715719087979793,195.19059854334432,19966.744696524027,7.744695762882315,354.2089231882362,411.7955028861899,17.323080725346756,67.98174060045571,2.443008005777361,0.2842809120202068,7.090878782837144,0.4470737877747493,0
7.338107609571772,188.85416928998177,30042.92850642659,7.467623828883603,309.6145601155897,465.499870662076,11.054092867384838,47.183651378789534,3.736379595420893,0.33810760957177166,2.95850291079344,0.6755527787688566,0
7.036752103833548,198.2186998533857,31081.73526431089,7.419106404248648,333.073545745888,517.9259456786259,11.71141931151874,85.42878497035124,3.3455433554790717,0.03675210383354788,3.5006020148376424,0.6334933088304928,1
9.842056293598295,217.89677245522705,6785.145302691251,6.028898227810446,333.073545745888,432.332405574233,12.365538069177717,45.82200410506449,4.179197763329108,2.8420562935982954,2.9588298545837657,0.487556441662786,0
6.865568515027833,231.44505427709703,22585.78880910971,5.676387234872756,333.073545745888,496.6034247597272,16.154963807086176,91.461708784448,4.916218246161076,0.13443148497216661,3.286054384108497,0.35137106782076544,1
8.31002902004885,212.69827636661776,40936.153391245505,7.703374743177986,301.2544217151517,365.4312124889024,12.97186896038204,70.48525056030908,4.775784922040909,1.3100290200488498,2.716174713886374,0.5938522947505027,0
6.990800830630459,222.94374793264237,19713.411521013695,5.292450113468765,310.88761685392495,270.055393805813,18.36221801795017,66.62248509808484,4.3326398719810655,0.009199169369541238,4.238112172346791,0.28822497478627596,1
9.011588753600265,228.91951919276175,25208.15184232463,6.767010377914622,333.073545745888,380.14520478709386,15.518322502076614,66.62248509808484,2.897292531479614,2.0115887536002646,5.35614439250537,0.43606581451978893,0
4.906491592988376,173.7791592207152,14786.138900892767,5.843756805412838,267.5611435326692,620.346839846718,7.775895592582288,38.794306732666314,3.152344905007154,2.0935084070116243,2.4667012526230496,0.7515219288007778,0
5.43251208523776,231.35157576029857,14970.647243569823,9.180703191789364,400.3224341668411,448.8647411014512,10.83824882295272,65.54821585708567,3.8744253151616057,1.56748791476224,2.7973815840915397,0.8470651020007786,1
7.102446618231696,243.4129414691604,23493.12086392092,4.792738410027001,283.34432098199545,341.43878051903675,16.072773569123683,45.63329548812182,3.0655083720975367,0.10244661823169565,5.2431004502609255,0.2981898607122883,0
6.642613909578337,226.52783194423617,13730.259117124957,9.060766955581316,267.1579598616741,275.071712253359,12.77922980576028,66.62248509808484,3.8077207988215465,0.357386090421663,3.3561353693737104,0.7090228741699497,0
8.97932285265221,184.309221973655,24967.32299778184,6.264584284592314,335.2169276575733,485.58318789174206,8.280181032468988,63.944178344878424,4.264944045592401,1.97932285265221,1.941450814477932,0.7565756718906744,0
7.036752103833548,254.1253887500646,9959.1350153987,4.008584109643412,333.073545745888,364.80627315492984,11.316645280298758,59.35322110637468,3.170543086971916,0.03675210383354788,3.5693070242423026,0.35422014706088223,0
10.258615434291345,181.8933655615535,21783.651033363378,6.991259996238134,340.39037835517297,456.5564021223438,16.48283536696391,34.2520490783523,3.964686350022129,3.258615434291345,4.157411142866514,0.4241539405348051,0
7.974065001358431,160.22418165431924,29477.764398921892,3.1462213405647073,324.05559223457215,371.2119513238151,18.693915043943775,54.280623851348,4.0690866977984035,0.9740650013584311,4.594129306689112,0.16830188672982627,0
6.268402755741024,154.681902265275,23050.331256744616,6.832938265357902,290.70323628882875,421.2202280406865,13.881357478476389,65.89139217679384,3.389705289941097,0.7315972442589764,4.0951505207601935,0.4922384416447894,0
6.513016585960504,185.33853982631783,26262.54548206603,6.742150214684482,289.0143482255442,410.101308858531,12.92465309837371,83.65219038005735,3.7299609158167497,0.4869834140394964,3.46508982935382,0.5216503407648516,0
10.19166523931888,211.5669044691553,13630.047308080362,6.524476298997729,297.04906565566296,468.3713868157803,17.41174670809835,72.72057259665722,3.403422697598267,3.19166523931888,5.1159503650355065,0.3747169100068651,0
6.492638846153852,172.8639603240125,14625.561362859704,7.736569500362128,349.40405718167335,652.5375916144461,10.212058209222278,56.94972416875552,4.667770161467155,0.5073611538461478,2.187780389390911,0.7575915240851139,0
8.854119540039433,222.9651975553826,19258.803073279018,5.696063910378516,395.72854084641415,467.08844165236695,10.454029299344311,73.7790066425848,3.461350424204644,1.8541195400394326,3.020216100058797,0.5448677445229693,0
7.544305635616619,211.05114616311897,34359.40079704245,8.166793311751535,365.8123125360139,447.5206553991746,18.5534783281218,60.16274551236267,3.7140964349299783,0.5443056356166194,4.995420463026056,0.44017583803664245,1
7.036752103833548,255.95359928258975,15097.024064230003,8.48242112016667,361.9714189267742,471.4774190350361,14.57093188862808,40.28729832241889,3.2279407989275133,0.03675210383354788,4.514000808028597,0.5821467427653034,1
6.709336439351165,226.42758590741735,8238.29003830498,7.692413006321582,289.92138048008235,284.77445891221987,11.868480440647431,51.87520736780934,4.074387228438908,0.29066356064883525,2.912947852589592,0.6481379311068761,0
7.1042952035253055,177.57174366405388,12691.515972674924,7.1709769880066645,333.073545745888,447.03228859835735,14.37676426574984,60.743769892101334,5.464856803369509,0.10429520352530552,2.6307663955840623,0.49878932120358666,0
7.036752103833548,156.77318079614545,23084.066584967768,7.269794984577688,334.9560998008146,378.2538694501863,19.247141172980605,81.57155401918155,5.564901543179248,0.03675210383354788,3.45866635105251,0.3777077614557824,0
4.533399113632135,169.73522248715824,30301.856674397222,7.074906687460708,400.3224341668411,385.656123306354,17.06049096237797,70.29333870434283,3.188640741905024,2.466600886367865,5.350394413448699,0.41469535011431025,1
6.724639342026933,223.1754154520773,41552.01966435573,7.744699887440408,271.1571198613547,463.8852158823095,13.165034610521047,61.05879567416535,2.9214147722618393,0.2753606579730672,4.506388558424301,0.5882779292485246,0
6.658741558086449,216.56470196178503,25172.585759335612,6.785520511774099,330.517558442994,620.4489634810792,19.095091489353933,82.24409483132357,3.400987615145624,0.3412584419135509,5.614570835173559,0.3553541579103229,1
10.258615434291345,145.34193656349512,16175.22194412561,6.613864679018856,333.073545745888,553.4889233335263,12.091189308804816,69.73623074727017,2.2773586319376298,3.258615434291345,5.309301675167288,0.5469986419949601,0
7.06478908142805,188.39172524071327,20567.145930368584,7.443243199299871,360.322976245158,655.8791400416264,16.274830657005623,84.8271825992724,4.4016278345277335,0.06478908142805029,3.6974563891759415,0.457346862699859,1
7.498372459046129,236.71439903366763,21736.37332414967,6.588566093133087,400.3224341668411,299.1942452483428,20.73766360311862,68.3143471169036,4.242241799025037,0.4983724590461289,4.888372633429798,0.3177101288513592,1
8.390500571895505,215.29551801590392,27032.14226185955,6.553957721862112,282.8594530240477,443.4455902859356,12.84161099733484,46.36821940731078,4.150359337290418,1.3905005718955046,3.0940954408114227,0.510368770153025,1
10.202971547604776,211.96340447145408,21708.94928637857,7.491895007649892,333.073545745888,395.140783042147,21.520593033211753,62.65946006998251,3.2709037528479668,3.2029715476047755,6.579400703879817,0.34812677550108473,0
7.746343115356286,212.27464477236737,21670.59366334191,8.458102715694844,361.3813251174801,457.01412092662355,21.430293301706968,43.18880257717069,3.6786860312355514,0.7463431153562858,5.825527727622219,0.39467972752110725,1
7.036752103833548,186.36554945989351,7557.021271321207,9.454207284082134,400.3224341668411,288.36871280203854,12.861417360589089,72.18701487275248,4.116263245209827,0.03675210383354788,3.1245363743486974,0.7350827893953297,1
6.975392341170819,205.94024616147485,22685.684440355984,5.927759233164443,304.0490741648768,441.76515788709474,13.518052121575636,77.97939997516389,4.931460167853588,0.024607658829181034,2.74118596121063,0.43850687520256737,0
7.647871554133575,160.77435344616492,29000.589711925488,7.217409339005042,333.073545745888,438.8009607469559,13.18250056650038,67.09996942968077,3.0786727238215774,0.6478715541335749,4.2818764666418945,0.5474992210390521,1
7.1761708700696385,206.2949005748606,25794.95018998331,7.794726949202301,321.2840794097869,485.2544295835229,15.57487690708018,49.151960259707,4.74296674858479,0.1761708700696385,3.2837830094306297,0.5004679327636269,1
8.822610383759214,216.4325760421317,27109.23965235675,7.322162833445709,333.073545745888,384.01854701361094,15.955491061242526,78.82888343023893,4.415596156287389,1.8226103837592138,3.6134390200255084,0.4589117531029939,0
6.204429354069558,211.64095798844983,35439.687840102146,6.236836216752792,314.13131744806606,552.4627918140325,8.660869467991688,56.35009617776554,4.106807505488429,0.7955706459304421,2.1089051160815298,0.7201165563903199,0
7.183108734458526,225.11607898533293,5097.825849772476,6.081664052544265,361.63138106423224,294.9912246649432,5.537059328787905,81.45394122034301,4.006424839252379,0.18310873445852582,1.3820446330341036,1.098356111622063,0
7.15642449459831,197.9935375069824,27025.206963024633,6.734527285410932,359.7105171689742,448.4571606938775,12.511973428093428,49.29984943296899,2.9584147115900317,0.1564244945983102,4.229281699348715,0.5382465672475913,1
5.381407519092974,175.57430659625325,15371.999944017469,7.457245263944493,312.35493798274183,308.7297975143604,12.178940439069152,66.62248509808484,4.364066934823452,1.6185924809070258,2.79073117581105,0.6123065211580867,0
5.258414736632194,210.92949494906932,29228.334683492816,3.833901836565748,341.6406947178433,363.5707948586598,18.065015046762085,36.15210329459931,3.7307927875940017,1.7415852633678064,4.842137109489576,0.21222797846630886,1
10.258615434291345,163.62462341358955,18894.852393690708,10.068205367364207,269.6466556128218,446.45072533555674,11.856914422632428,82.44550326871429,3.179884727399671,3.258615434291345,3.728723431935504,0.8491420414576005,1
5.412119544524241,272.5146851629753,2835.3031650451026,5.778010262940148,333.073545745888,347.80441586791386,15.30774609448804,66.66147887039327,5.680346586753336,1.5878804554757586,2.6948608092550455,0.37745660594436353,1
7.350378986684694,193.63336684342391,26736.08556736884,10.41658888057755,309.41688280220956,557.4956846795276,16.519722226475267,61.07738287187814,3.6639221839230145,0.350378986684694,4.5087523392855,0.6305546853160012,0
6.527440589533234,181.0729953680779,22444.0817773994,10.474976873226549,271.8627922546852,351.06378758695115,11.996365138774024,66.62248509808484,3.567180516708776,0.47255941046676586,3.362981413360302,0.8731791570924031,0
6.495435285215991,252.0109026099683,32775.63258497812,8.479302000403932,333.073545745888,330.045051770925,9.854011285237677,80.56107733085949,3.3904705401970827,0.5045647147840091,2.906383719317366,0.8604923309367899,0
7.426274011029841,192.1452539445499,36990.95594709379,5.101158420890901,333.073545745888,590.5072220153669,18.736380479834736,26.619225158022296,4.363335813318021,0.4262740110298413,4.294048633295167,0.2722595302823593,0
7.990658238533358,211.28634231028263,26951.862653076325,7.510775726778456,333.073545745888,638.0001822995924,13.942812387366873,69.39441775209288,3.160917458532662,0.9906582385333582,4.411000337490294,0.5386843758221511,1
10.258615434291345,168.6957662783445,7066.3769166723105,4.866092410145974,333.073545745888,327.6586443803132,16.296688483167884,46.67248258533266,4.308256960674539,3.258615434291345,3.7826631162578597,0.298593920880185,0
7.444914014951037,203.06874558303323,25489.075025583825,8.175744201693186,400.3224341668411,405.4206121417574,13.283100100193169,74.41286715692691,2.571391505704419,0.44491401495103666,5.165722491111614,0.6154996593057845,1
6.153495923977116,163.20554797657982,44831.86987314955,7.15380339665979,299.56675093202745,344.71697552529366,5.328026018267515,55.52894860117351,4.819970457896787,0.8465040760228844,1.1054061346231332,1.3426740089966647,0
7.301463637868686,205.72188032563105,23778.758718580437,8.179967379670233,333.3392821805141,529.6246176619361,12.352311085236297,41.03206193251848,3.942709368896421,0.3014636378686859,3.1329491465267716,0.6622215600791916,0
9.764658133573889,119.16401026970028,38781.45742184306,9.33463209267385,380.2306339146789,512.3318462889422,14.967733008954667,59.193176374404274,3.0245711775061466,2.7646581335738887,4.948710802893131,0.6236503192192799,0
6.472371049680761,164.768901465965,24246.503564672144,7.623012262282329,373.2128081132759,368.0795100773872,12.764140707841136,96.79540303165857,4.134575196718209,0.5276289503192393,3.0871702686172733,0.5972209049982138,1
7.618119571705241,202.7155010481385,44539.73832325805,5.8162159761917955,338.0700701223717,459.07841982235686,13.35165194506726,73.60191818311309,3.769699537275837,0.6181195717052406,3.541833578832708,0.43561767221792447,1
8.628893415492303,186.6377118589591,13688.074338907056,6.289036105400298,267.1579598616741,392.7068863553571,12.387632982640127,53.15076473573193,3.071350370794229,1.6288934154923034,4.03328420851984,0.5076866263738236,1
5.841118839551023,194.61689394551556,17721.95955725575,5.646296962088254,400.3224341668411,622.9635747702412,17.629540701912163,93.0706906770458,4.2375604178913555,1.1588811604489768,4.160303288461778,0.3202747443783996,0
6.483994507852924,180.44505129524148,29032.78110347406,7.301735495806889,326.300097940938,374.6757382756219,17.88587725658482,75.93971569041761,2.6886432854606426,0.5160054921470758,6.6523776883785315,0.40824025474503606,0
8.316765884214679,214.37339408562252,22018.417440775294,8.05933237743854,356.88613564305666,363.2665161642437,18.436524495493305,100.34167436508008,4.628770536837084,1.3167658842146786,3.9830275373865796,0.43713943711403724,0
7.376161138266742,199.17015983755184,17181.008813677487,6.602451653034367,388.02851721724954,357.37293120052715,16.948292452808573,75.88615989978186,4.0102353937852335,0.3761611382667418,4.22625770367896,0.38956439310060725,1
7.036752103833548,166.9229798333015,21190.154942897894,6.589980490208456,285.8993854790752,410.6882968730245,15.290613747600446,75.59522222134866,2.505464026615983,0.03675210383354788,6.102904484862348,0.43098205003449064,1
8.713482927093239,169.57852620148634,23838.817261442713,8.162687601962327,333.073545745888,478.98301854797273,14.520903562989416,63.94526992939281,2.9221949791917066,1.7134829270932386,4.969175122541222,0.562133547986206,1
8.618653849249895,257.5958830185617,11595.35498487888,6.399933250306357,333.073545745888,343.7400071993143,15.33116645974303,75.68740059969502,4.141341848770995,1.6186538492498954,3.701979531661519,0.41744591643861856,0
8.490571562027739,204.12364839335785,22989.79638994664,8.27079293672615,358.84711499708465,435.0008983082295,17.084245654876156,62.42163705791029,3.8755568051367746,1.490571562027739,4.408203028795548,0.4841180945116777,0
8.805177745264922,157.23198163521266,4728.650671023337,8.848262223584083,356.77363753195107,299.27977468951804,9.439925286404218,61.64059674266319,5.17620506921009,1.8051777452649223,1.823715122656388,0.9373232327383452,0
4.300029339574182,218.31988599621633,17639.857939529353,7.527317253355598,331.83463227550914,424.2094002791869,15.005737063348022,70.05083118568726,4.58644840480675,2.6999706604258176,3.271754627364147,0.5016292581929911,0
6.792407468552389,276.39283372089034,28508.21692861284,6.811415524954471,293.0783048322926,306.11553927090324,9.006142613897111,60.9120335280757,2.5056504406363977,0.20759253144761125,3.5943317844758513,0.7563076736244778,1
9.13569425989131,194.81561840868488,9496.91035373795,6.18592511972857,345.7142057734734,562.7714670568232,13.67643542347406,74.42416645516609,3.281802195770618,2.1356942598913093,4.167353923324651,0.45230533219246555,0
9.606858896121905,200.84214281296323,18907.64284070545,7.515087432922579,333.073545745888,370.90380699559375,11.35873535087552,64.37118274146239,4.405351951779622,2.6068588961219046,2.578393939193216,0.6616129823581409,0
7.394255556132569,207.96303844276815,29917.820209044952,7.816294444254865,333.073545745888,392.4966652745759,13.173426262726366,79.78043755763542,4.26319277247499,0.3942555561325687,3.090036945489005,0.5933379589357681,0
8.184410006452293,166.63655383023897,17944.852375346727,4.038955038706492,331.95419943711283,363.23575563239353,12.53583833166141,56.31059225114747,4.5990822001408915,1.1844100064522927,2.725725494871973,0.322192629615587,0
8.051022203026939,171.7517540369102,28338.66404002995,6.392120730986492,319.00507105995393,496.906266181651,16.192870149305065,91.12321931749058,3.767443125675908,1.051022203026939,4.298104924489077,0.39474906408187016,1
7.664793523351656,223.5784734635609,20259.72585030205,7.385414293946828,351.161331110397,510.0468967760106,14.20522104568272,73.19247007486355,5.48169093434497,0.6647935233516558,2.591393536123653,0.5199084020085007,1
5.984941214650305,180.77656166876432,33244.5555969906,8.086517016563963,364.7063936622218,392.97101966926294,20.4718167641509,50.14160181649656,3.4886752740390854,1.0150587853496953,5.8680757846440255,0.3950072782850098,0
10.258615434291345,183.26226144148455,4111.7854317957845,7.416772689381264,398.955344805104,475.2553947210844,10.839795526449052,69.42003480678287,3.00009623919435,3.258615434291345,3.6131480622808025,0.6842169658152139,0
3.889106956840228,216.25708651504152,42310.82749816953,8.130663285052764,333.073545745888,352.26407394793955,14.0296727368069,52.76096070101492,3.3001918826882606,3.110893043159772,4.251167503088078,0.5795333118632645,0
7.036752103833548,142.14556556787966,44831.86987314955,6.0306399601185365,267.1579598616741,369.280428971705,20.605552070757085,70.1683892200974,4.604724795804473,0.03675210383354788,4.474870596970513,0.29267061842067604,1
6.3131147318719245,162.33641206660948,20849.19073737675,7.086468937594491,333.073545745888,387.9577161705183,15.04759327487966,83.92129211796546,4.126964595932531,0.6868852681280755,3.6461639732859217,0.4709370021641658,0
5.324941855611651,276.39283372089034,35344.658047005905,11.09608644703562,267.1579598616741,392.4214958041848,10.50481954758385,55.084667854857926,4.427137925692965,1.6750581443883492,2.3728235602951098,1.0562851975217953,1
5.991371081542708,186.7226312289011,28702.952380225062,5.9222929487923865,338.02759870791357,430.1851617726486,17.66455497973965,68.57319774058021,4.539371149738408,1.0086289184572923,3.891409295613185,0.33526418414280873,1
8.790851188948057,187.439812193716,7850.641892342055,6.359942192675839,333.073545745888,384.9207710120818,16.72237608651352,77.90267257287411,3.4802717553207825,1.7908511889480572,4.804903886038148,0.3803252468098622,0
8.610963031730751,125.15876980912518,32079.774815203946,9.844921431275466,267.1579598616741,342.2052523985335,12.947376339363814,53.950269434570835,4.6144004054147585,1.6109630317307513,2.805862603147343,0.7603795867865862,1
7.210773702067905,163.04728268928835,14230.419130765456,7.35294059207056,324.09572612501927,441.524088334925,9.79301009998187,89.91991551782552,4.462408040870791,0.2107737020679048,2.194556798869982,0.7508355210670774,1
4.965773559644967,220.84863863404016,21802.74489792894,6.250578031106523,311.5981359666635,386.4133315184274,18.035237542145182,53.90817735397112,3.4217668494012576,2.0342264403550328,5.270736746591676,0.3465758446443622,0
7.036752103833548,193.16761116038543,20894.40049314081,7.331568423579636,359.4265371193776,417.42476631714845,16.78714532779196,38.1070046276617,3.818403943096136,0.03675210383354788,4.396376386989532,0.43673702965475775,0
9.619456625659463,210.2612466347067,18185.050473402072,7.939888575169222,333.073545745888,387.3302153702924,17.478161921593426,65.98950708354862,3.1731997673200087,2.6194566256594634,5.508054233944662,0.4542747776632676,0
7.036752103833548,192.40787636598077,25460.3007927854,8.23147460968343,333.073545745888,465.88395466644624,16.657294027037324,58.360124909843336,3.543696299058859,0.03675210383354788,4.7005408818245265,0.4941663455154329,0
9.112786250314787,205.94107207996652,20868.627979306973,6.962789991381202,330.9342897660254,422.0394949523859,16.1289756490051,77.79653006969701,4.567087633865015,2.1127862503147874,3.531566155604811,0.4316944678452799,0
7.260319681766154,194.247742095427,8127.071253987583,6.674031760854139,394.55583487077706,312.3490170800076,16.005021528605027,65.02396012790987,4.282314756372282,0.2603196817661537,3.7374687993964066,0.41699608663005344,0
5.632731646664602,276.39283372089034,28315.43777694194,7.144655074770772,318.46514597883055,425.9842126790014,11.81323117189322,67.65102459155034,5.114607051016194,1.3672683533353984,2.3097040973738174,0.6048010375830742,1
7.036752103833548,242.9094363065688,9654.733680734054,6.2539803924667305,359.6658351668334,588.5667126539669,15.197014622333654,62.82285017610192,5.6522221130790165,0.03675210383354788,2.6886791830931753,0.4115268779006736,1
8.839583902216155,246.0664756445115,21179.76258787499,7.717662267670843,343.0473836611294,655.8791400416264,16.917900791784916,60.43603209332861,3.1180394543789456,1.8395839022161553,5.42581183256477,0.4561831817358359,0
7.757269665668284,213.04844514753444,25259.780548961884,7.635152992155966,363.68481430328154,543.5287986080147,15.254021221838345,106.69503986064285,4.165432285611471,0.757269665668284,3.6620491017176633,0.5005337530730182,1
7.036752103833548,190.42389854156607,28062.641892040356,9.615147026994794,357.2267094963161,263.77191350453717,13.44522519676093,67.05555840299215,5.6290156360573285,0.03675210383354788,2.388556663811572,0.7151346423097862,0
5.422445767908819,205.26608040394387,18542.957451029797,5.491962672908565,306.70222677702117,382.0801288333403,10.50402320593031,67.49345000333295,2.911751390260459,1.577554232091181,3.6074575712774517,0.5228436802161919,1
6.283678794634559,205.37662384086676,19905.436547735968,7.078344555547338,284.20602148144997,471.9040319656132,18.027159728439074,64.36260840905938,4.480771310094809,0.7163212053654409,4.0232260157083575,0.39264888476757004,0
7.036752103833548,190.87746978377197,39802.51491720437,5.216683161605724,288.23151787223696,365.1481515685689,13.680837721773344,91.92574167485355,4.9898761676104115,0.03675210383354788,2.7417183353883883,0.38131311008756086,1
9.920691058768153,202.8174830014264,9973.934059208535,6.882248306781502,337.35052910963714,333.19246993768064,23.295426859188986,71.833623959766,4.69070723013249,2.9206910587681527,4.966292021648723,0.2954334364829779,0
6.12319393539216,181.31241822476616,15135.127235774591,5.824041884169583,293.840702718993,391.6103219267881,11.59179478654488,61.94668307741881,5.457830951249985,0.8768060646078402,2.123882686400789,0.5024279232843122,0
6.701940911688224,168.74541441395323,17176.87895065498,6.390966016442871,330.67472866893206,404.93072629333574,10.82784022181488,52.11270715684218,4.179449580997948,0.29805908831177597,2.59073292337613,0.5902345523470528,1
5.746529194455349,183.4717940691837,35633.268510737624,6.066386357101846,327.5578499050621,354.1744374501004,12.548871080271056,70.52597176663872,3.808372006211507,1.2534708055446506,3.295074053881718,0.4834208459770046,0
8.014183072060874,244.12009776712233,30566.76750405395,7.71444655967264,307.9874583188546,309.9304282029631,22.641597926415383,61.57846145092755,3.4170761989488176,1.0141830720608738,6.626012995369414,0.3407200429945073,1
5.941942536401314,249.1635668787835,14778.03287527186,6.390679360955504,335.79608153565397,517.5468169196527,15.93187939664773,66.55141892497087,4.302179284726438,1.0580574635986864,3.703210544943676,0.4011252408284577,1
6.2772773712744385,148.18601327640698,22916.572241773734,5.035633211219156,333.073545745888,474.61795358236793,9.60415496471461,61.835711672536966,3.6193211819201823,0.7227226287255615,2.6535783447770473,0.5243181420335037,0
9.68726002786018,190.16286912484733,18752.576402797044,7.073006591127787,333.073545745888,461.07020926238914,9.10687316460644,64.22824871229284,3.085835467046804,2.68726002786018,2.9511846340068266,0.776666775370279,0
7.967344823111112,180.531706882548,19384.03743152532,9.86823789169532,325.4968478984836,386.055331240947,11.265127234658166,67.27220668185265,4.069358772118035,0.9673448231111124,2.768279991325233,0.8759987180025889,0
7.726134807902507,233.9478636629705,21667.868741326372,6.313181872058335,340.27317142046405,472.25899373256834,14.39986001596128,36.57803788764197,3.720636904452419,0.7261348079025067,3.8702664397224016,0.43841963926322597,0
7.63526469216248,205.06763140175235,17796.374638357433,7.156737918080303,306.8002861322346,370.56102702169966,17.486815069373108,32.9207203557343,3.9483035163532407,0.6352646921624796,4.428942853051364,0.40926477923072635,1
6.2106476062546205,192.21673841027888,19330.035764975924,8.79288608641629,333.073545745888,401.38326418805514,18.22549226740699,61.274215985776664,3.212123979887552,0.7893523937453795,5.673967352305518,0.48244982768948047,0
4.902158988606676,214.64375583835465,28278.789275634095,9.915647165119752,337.13755297380357,375.0363685009956,15.50314419697014,61.59103601226188,3.499048522914918,2.0978410113933244,4.430672985747024,0.6395893890652342,0
8.458814661984784,225.71235865629632,15677.970686429557,6.410043149676146,314.3314082690765,636.2577547999041,10.613709767003344,71.96338963346497,3.50770853604351,1.4588146619847837,3.025823449160213,0.6039398746010813,0
9.30566048031861,163.92602653572033,39498.659289103256,6.914685302912404,325.8731338024803,345.6569351199438,12.71218694831191,62.47111473983207,4.485070146526452,2.3056604803186094,2.834333399182999,0.5439413994685806,1
4.310701499826136,138.43189417291504,11842.757806247517,5.607450056121154,364.45849744115736,426.369592491061,19.588327119666474,48.118628732107,3.1723754914035887,2.689298500173864,6.174653977151306,0.28626486251735456,1
5.514747799369536,228.7359237442159,35343.628580103046,4.346608361511919,333.073545745888,526.1123808132924,14.93098206295258,46.78050784059714,2.798158401578891,1.4852522006304643,5.336001249438333,0.29111334084203183,0
6.438421803670398,202.53783528957928,26448.24508746797,5.775932909898134,322.45177397062656,567.2016748697974,12.64196794870628,55.70106704669537,3.3803603938404394,0.5615781963296023,3.739827336728544,0.4568855479184843,1
7.593127650277594,261.56617263863296,18371.057201088257,6.297542535705276,333.073545745888,387.6295722843679,16.57598077121662,51.83094808424367,3.3773376381201414,0.5931276502775944,4.908000809904856,0.3799197310074658,0
6.919726155212071,194.8589998924054,35558.73164724479,6.371977545205873,299.78671080756504,394.82932593815946,11.983960883245516,69.85313473730642,4.120827880347175,0.08027384478792943,2.9081432962185705,0.5317087627017889,1
8.550427814830229,206.52256592147037,10453.087323267704,6.48200928116253,326.1254822387365,347.82432822189554,13.997466157892744,42.29053494959566,4.903869628421024,1.550427814830229,2.85437100986486,0.46308444292419887,0
8.928142080209764,197.64853023005696,27884.434251689578,8.968576039440352,333.073545745888,317.5326799498512,21.49786644469549,73.01113196656038,4.111101546196108,1.9281420802097635,5.229221651157032,0.41718445155141703,1
8.205541814653984,188.2771877629947,19902.823823816583,5.002791911930391,333.073545745888,331.34556930168577,15.06284086407186,57.81433533419653,3.63403066847096,1.2055418146539836,4.144939350627519,0.33212802451728135,0
5.149133288190244,198.33244017716217,16795.31867435868,6.708067810613265,326.95261694902155,303.333632377947,12.510886657115236,66.37637396769556,4.839176157668723,1.850866711809756,2.585333466721513,0.5361784067174665,0
6.103731304612343,184.32869274587483,17977.52564891564,7.2755305858207535,333.073545745888,334.94973918912626,7.655381321204231,59.00066631654663,3.383048919634983,0.8962686953876569,2.2628638367920435,0.9503810888280071,1
5.389845930491161,163.34435237618916,19646.23341923321,9.092721172985096,314.2375769104837,491.7504480353029,15.496325410002273,48.686583619839205,3.5776749209970067,1.6101540695088392,4.331394389037854,0.5867662394563462,0
5.801571267427695,201.8924736726692,15327.879723449309,6.8606473723156185,328.93258536876385,281.08503234854834,19.81248366998551,55.3975636525551,4.42537756358649,1.1984287325723049,4.4770144260672575,0.34627899966070413,0
4.7091867471804845,179.1410182425899,22291.418577314333,6.774276121115724,400.3224341668411,371.26484280956873,18.18680053696949,86.52862722448481,3.860083951626073,2.2908132528195155,4.71150266506654,0.37248309480615455,0
7.036752103833548,253.05438889374375,28864.910280691725,8.524370962272128,364.749482396199,479.69976285617093,15.823074288411531,70.7581896914079,4.697040686340625,0.03675210383354788,3.3687319264008884,0.5387303546811275,0
7.808012211560277,179.79991660751622,17037.725367080428,6.378364493521163,348.07151056265695,590.060545946643,12.092499340332497,81.59236187913102,4.165549905534822,0.8080122115602766,2.9029772086724557,0.5274644874102011,1
5.665266376618309,162.89008310548718,31883.01030653362,8.312484093284185,350.68173225737496,550.8175640099519,15.632268079055224,72.45738493413181,4.571823610842425,1.334733623381691,3.4192624192061367,0.5317515999274606,0
7.036752103833548,184.7506979126292,28499.10732797347,6.550031094059824,330.71954876938406,381.50160357350296,11.044405134168414,62.01482209272951,3.403269587083857,0.03675210383354788,3.245232740553838,0.5930632226386346,0
6.783023739620584,236.2788665335002,8213.772244714322,9.33286124155813,333.073545745888,501.0185347496342,11.590706615138856,91.68093129587082,4.778808149718986,0.21697626037941564,2.4254382738470395,0.8052020248848563,0
7.036752103833548,188.61051770473696,27716.338723300283,5.606500395404296,275.1822396217426,520.5877359450662,12.814603672842338,66.62248509808484,4.398059122757676,0.03675210383354788,2.9136945187568997,0.4375086503671867,1
7.185276448818911,212.4831719992981,25645.06723301753,8.14251283428053,352.86916473915255,435.282980697069,8.930242450098604,75.60097955181803,2.9591538231075867,0.18527644881891092,3.0178354915274146,0.9117906896693422,1
7.044375318734117,229.6031727838324,12575.279626806016,7.837777990854427,390.46768366159927,558.1765918060804,15.754784611898344,36.26753002512453,4.276699073642469,0.04437531873411693,3.683864741648806,0.4974855376600728,1
6.44923665656657,218.9072878271955,12812.557124143954,10.908686691712113,333.073545745888,421.2968495126904,8.010420328995338,79.08553238242209,4.0651480018614885,0.55076334343343,1.9705108780335614,1.3618118502988001,0
9.497261162881252,124.48281022312054,33681.33014018342,4.814655980036516,400.3224341668411,530.217007876155,19.97031760783591,49.80984100696185,5.242105329965899,2.4972611628812516,3.809597965168673,0.24109059422553988,0
7.036752103833548,248.9546551332156,25253.079062408433,8.921733174905693,296.8210342978569,482.84693913195974,14.14225093266208,69.10401166102994,3.941073832069612,0.03675210383354788,3.5884248676484614,0.6308566144477037,0
6.530796123720997,138.00767163256225,19174.593250226982,7.347951525848736,333.073545745888,490.644137652196,16.33794928954933,66.62248509808484,3.1816349092619975,0.4692038762790034,5.135078228777921,0.44974745274802913,0
5.0941643608551495,223.1671254614555,22957.65340254462,6.9774209002962175,350.1012753723271,476.62454969360795,13.034637891535567,78.07592324472749,4.710936484050327,1.9058356391448505,2.766888318018766,0.5352983660197304,1
7.795957800597176,239.27825450711055,27849.14208822323,6.4759944301482415,356.17070211937454,484.1047844859479,18.692248365256432,50.128415290648505,4.251876169502328,0.7959578005971757,4.39623432664785,0.3464534579869917,1
7.933067691513921,204.72428140123807,12732.888243247497,7.717186742132455,331.0871770341719,449.6856024311428,15.669628241379144,55.40407965591154,4.5342330430238365,0.9330676915139211,3.4558490127980295,0.49249325706785113,1
8.142330913446468,221.75234848010984,29808.236904440582,8.820155828731838,267.1579598616741,556.6576435918513,10.737799711453365,59.512998065039405,4.704865930385587,1.142330913446468,2.282274901784172,0.8214117644522785,0
5.57475584790786,189.70066476028344,11512.46584166365,8.720971883476519,329.9396312294063,331.3303524988976,18.016990870553855,66.18864160540393,4.371806161291622,1.42524415209214,4.121176942587479,0.48404150626996034,0
8.289857906323226,222.4839312141405,23884.131478628336,5.533208317774516,354.95933019478406,514.7330831520655,11.205532567231389,57.31368040508086,4.289236735135712,1.2898579063232258,2.612476449006351,0.49379248962810757,1
4.348674993039846,197.2763640237912,9848.035582779446,10.810937986927549,333.073545745888,295.74952523058346,19.958236153233088,81.74641790427917,4.3609500512264185,2.651325006960154,4.576578805584228,0.5416780001121619,0
6.6096803221946265,216.4280319009544,17963.86684547205,7.72531395856043,346.28532887923484,466.1030079553118,11.468432035315743,41.25286912409838,3.5891464414221934,0.39031967780537347,3.1953081400220764,0.6736154742998629,0
5.81456423425241,184.54170858151417,29382.33525834237,6.051233426152701,348.3523740719046,405.6213752727207,18.748201244317443,82.18673717830112,4.131911907800047,1.1854357657475898,4.537414428296732,0.3227633960470435,0
9.152284708947713,229.54041255131105,24560.70060600152,7.042326429998641,372.6944653520133,395.4043622361933,14.253307681868876,40.974355386846355,3.7927771004295474,2.152284708947713,3.7580125450140702,0.49408362557649044,0
4.881729593763433,136.9904663122233,19105.01490287327,7.264677555112612,400.3224341668411,358.0463181713947,13.399391832641529,75.93405218190168,3.05019758470709,2.118270406236567,4.392957199515673,0.5421646820754092,1
9.76925100608684,264.2656542791372,8471.67738143048,8.349709766709022,359.26854259335056,353.196475487524,15.047086914887984,52.645458533937706,4.636556195256859,2.76925100608684,3.2453146335131957,0.5549053620167661,0
5.923441414571481,167.65860220231826,25951.554035672933,6.296103203499958,350.38198108957073,471.85751068419114,15.770464179694784,53.32181233421085,4.107363630145296,1.0765585854285193,3.8395578673366795,0.399233829297977,0
8.077260885586492,125.30271940363592,23931.28283313192,8.773161930761969,317.69333118735756,398.32878874006775,15.279582679247651,62.668356182201386,4.279871302319948,1.077260885586492,3.5701024703389397,0.5741754562774808,1
7.036752103833548,208.931457645234,16429.907902459956,5.873277067660431,310.98563367595887,364.9194924218992,17.801564959305495,106.69503986064285,4.454964342104219,0.03675210383354788,3.995893029977481,0.32993036012038396,0
7.207931097430971,204.0103465293257,18493.872175475164,5.557863755660677,311.5682271859919,437.51204208786646,12.99459553667674,31.39045029431969,4.705561883525115,0.20793109743097116,2.761539024836493,0.4277057575411306,0
5.492155982957838,176.27140374150653,26422.097888905493,8.072933637567953,366.64476621156456,500.9387878651716,7.609797727014268,59.39678681320408,3.294129366085436,1.5078440170421619,2.3101082474939614,1.0608603364119984,0
7.036752103833548,213.54193229259064,22539.71161451215,6.9572041785868635,334.0411862066902,463.39884709083714,11.623019157977636,69.61584964492826,3.3985925873166565,0.03675210383354788,3.419949711361203,0.5985711186960028,0
7.80963189801941,117.1251603715048,12013.550628764531,5.212314602065352,267.1579598616741,605.2201243500056,9.611348740011238,66.08417363713342,2.447444463910633,0.8096318980194104,3.9270941402934523,0.5423082858349153,0
7.367371852627868,176.3352098744666,16663.60250704232,8.062782658836017,333.073545745888,354.7649403234506,10.682920902605758,37.36337116797836,3.8172151052716865,0.3673718526278682,2.7986156947866623,0.7547357111044085,0
9.056244707341865,197.66630098297253,17403.53216686133,7.688917071627449,337.4601764979326,414.766630759681,15.349868992441657,63.69674586955932,3.319353736685142,2.0562447073418646,4.624353288546295,0.500910892106155,0
5.903465715091598,201.8640323463781,25394.104720299747,7.692154202402315,313.648071698207,434.7197471895089,18.006702642749303,59.97215952878875,4.5870867193147005,1.0965342849084019,3.9255195768175675,0.42718280674873477,0
7.573905933368074,206.2042016171899,15926.426007885704,5.52466619583519,333.073545745888,457.63778639605823,11.550620318737115,66.62248509808484,4.410729144201569,0.5739059333680743,2.618754705254817,0.47830034795385606,0
7.036752103833548,229.7409620422989,22709.386057745356,6.361687286585341,316.2344327517784,294.1656227790975,16.097627314432998,54.59124939238851,4.795407220007135,0.03675210383354788,3.3568836219764093,0.39519407221506697,0
7.918183320861496,224.15200454884615,20012.172975903424,9.00872609354944,302.393605292741,421.8900828269085,22.187849207934164,72.72786842315767,4.7641935943067075,0.9181833208614956,4.657208845845427,0.4060206829018525,0
6.676137319471859,192.68584914715632,27468.980170109015,5.809435938892817,281.4068712268335,299.8869966292302,12.23760793370866,46.06921286058607,4.33664848480327,0.3238626805281406,2.82190386301507,0.4747198550274513,1
5.915944299587397,274.26361790766424,6967.735565126048,10.069434543192138,267.1579598616741,321.23681397405716,12.092166763172711,39.448592869747685,2.585849315185795,1.0840557004126028,4.676282572181244,0.8327236886225722,0
10.13793228826111,242.00571600208505,15088.827652848911,8.677789359299585,333.073545745888,596.3463463537486,14.97119882384368,62.36582435098707,3.872018158761699,3.1379322882611103,3.8665094902659476,0.5796321912342002,1
7.036752103833548,227.4326629452866,32102.190705252207,3.646847512468539,321.6710734340228,433.2764907304989,11.690091220032286,57.049689898910394,3.581036881421095,0.03675210383354788,3.264442211204201,0.31196054263962575,0
8.926113143092786,189.98794704947557,15249.620244390508,7.07622168565009,341.52687340850866,361.90162840396465,21.278094527630746,66.62248509808484,2.752134121425607,1.9261131430927865,7.731486133067726,0.33255897721021305,0
6.32125931522299,207.25770955362344,8532.139516959518,5.987876583564684,286.4892804214003,491.7653131949639,10.546886238857326,74.50280799509561,4.5014572038139855,0.6787406847770097,2.3429932615882523,0.5677387505864171,0
6.730883601577178,192.43607640573344,22296.059652394422,7.450541237263744,333.073545745888,326.3507452027749,11.82740117330917,66.62248509808484,4.359137363714963,0.2691163984228222,2.7132428903288064,0.6299389441645383,0
6.588007289609895,244.94321992785973,23898.97447677574,6.78093611514574,273.7366439273952,330.91481993767815,9.25062752373134,47.38873979694057,4.216454466143605,0.41199271039010466,2.193934596964217,0.7330243666957428,0
5.694694238027413,240.71218211203256,7998.674511176851,8.124265427658612,333.073545745888,477.04780681337536,15.459306961954155,68.89560274912847,3.870610799553027,1.305305761972587,3.994021555904773,0.5255258157514351,1
7.036752103833548,184.21824468861465,32328.53826419383,8.381231469207194,333.073545745888,452.8902973724083,12.167905446211648,79.9378458756982,5.03749221567298,0.03675210383354788,2.4154683540523805,0.6887981516176601,0
8.546145555159878,177.84624444839096,23349.485416834144,7.652073244872579,352.8170526993696,413.3215995216606,12.357385264920708,106.69503986064285,3.505300168213539,1.5461455551598782,3.5253419526341565,0.6192307241050443,1
5.913755319868532,175.3260618694199,12044.624691463148,8.368785486252278,347.88037185456227,380.9671658106569,12.530826997198004,65.19405321206598,4.023775901625008,1.0862446801314682,3.1141952706516633,0.6678557464936562,1
6.988206154718959,144.20953523100556,33357.51586288418,6.771944512116585,333.073545745888,409.0067884769262,17.88033173967301,54.11178496280427,1.8996830017290975,0.01179384528104066,9.412266315554737,0.3787370520846598,0
8.326349854410445,213.87485791537927,35477.76664346936,8.36413102029555,346.78700252235456,569.1032944958848,17.466467299419833,62.792904836819666,4.395284862710226,1.326349854410445,3.973909284855852,0.4788679014505396,0
6.755669308054412,209.3620748431515,13821.556160396818,7.557414861694831,334.6195242255771,499.0709093289456,19.33914306738319,81.0987461135178,3.9595176374849546,0.24433069194558765,4.884215693367014,0.390783316746729,0
7.543931304508226,192.2345407719911,24227.961139341915,7.241343464835192,336.151049803892,369.4276990876995,18.188872530383943,70.58850738433459,3.70319130576539,0.5439313045082264,4.911673774560999,0.3981194026523278,1
10.258615434291345,276.39283372089034,15177.21819016283,4.656537749459582,334.1808334152958,420.60764907664463,12.70248943852829,72.10232429306043,4.004161299520197,3.258615434291345,3.1723213217532114,0.3665846293680886,0
6.3363427618897505,214.0719823073074,14619.627261341962,6.584414155349218,315.9967928764249,370.7956044678604,12.21941068380454,83.6688789897106,3.788803320404231,0.6636572381102495,3.225136388806915,0.5388487044819122,0
5.934279093094346,223.8581252130612,23249.65383429607,4.602849947565755,333.073545745888,277.38453732360335,11.366863419384686,66.62394365100316,5.217895023653352,1.0657209069056544,2.17843808459527,0.4049357657258762,1
7.240351005742477,201.99719579558885,14462.674308376983,6.7371760497044075,314.04313722531634,534.8009877536372,14.213794455179992,82.94581671041593,3.782971899999771,0.24035100574247714,3.7573080301952073,0.4739885325456229,0
7.036752103833548,192.2021681102196,34160.92514352129,8.963155528278786,363.4727979482551,474.7817344225263,15.905270431900078,50.80782511660748,2.9983354715810404,0.03675210383354788,5.304698316100973,0.563533641450596,0
7.036752103833548,253.14965119784927,12037.7703855776,4.3843577068519615,325.41324793204274,422.38929182341286,13.168299231900846,40.05215064769633,3.3999454918012777,0.03675210383354788,3.873090139405204,0.3329478846655275,0
5.271971377729756,193.16950948761257,22005.436550006132,6.183950032168574,267.8256478666429,351.4802796403318,15.66438185910323,68.61587629399313,4.119436474929048,1.7280286222702443,3.802553614282743,0.39477776352834876,0
7.803833220697706,223.68811085598787,37376.79298893104,6.664969394719985,333.073545745888,343.76401307822925,16.69740839569556,74.78243416450114,2.9073872665012983,0.8038332206977064,5.743095474409731,0.3991618841446238,0
6.110022205951552,234.80095696250436,16663.53907369506,5.984536126094182,348.05521141913346,437.8921147266864,10.059522924967666,66.62248509808484,2.817780458184422,0.8899777940484483,3.5700153025527066,0.5949124601454157,1
9.77693205003625,213.91507967662028,23971.98951891517,9.603302351309988,293.82500782761844,507.0165727977785,16.066560898475075,82.8609362267154,2.569468001273419,2.7769320500362493,6.252872048860114,0.5977198116182819,1
9.39584220217389,162.15770036445818,9225.770910795443,8.275034896305963,333.073545745888,451.5246290062903,12.63270714422174,80.24988573739256,3.5304983249278665,2.39584220217389,3.5781644412238616,0.6550483714049076,0
6.195254905476403,170.00229098002637,16666.130805000226,9.483424062787936,333.073545745888,457.068162296797,16.345685335149938,79.36924260630133,3.138971386531074,0.8047450945235974,5.207336453575433,0.5801790067630674,0
7.58168757744945,180.74914015853483,11989.2462425416,4.977306609069512,328.17697771424764,617.8835131421284,13.56125295056438,39.21591747967709,4.457282487105634,0.5816875774494497,3.0424928075127813,0.36702406925005415,0
7.628552723143854,156.79369424379345,26244.036907954305,8.337610433523373,267.1579598616741,495.9669861271219,13.633974380958476,65.60484124722676,4.182057147919716,0.6285527231438541,3.2601111459295304,0.6115318680395941,1
7.296037733901175,235.7351929386128,36043.70663776605,5.196212760217538,377.19066570876595,385.6143206903208,17.052713257315872,89.62355084319452,4.168526117629012,0.2960377339011746,4.0908245949027595,0.30471470299740017,1
8.154531511065274,168.09893538502118,21361.19705285079,6.19884397985866,333.073545745888,419.1733119911466,12.302668565189776,59.88736705683962,2.460464866914837,1.154531511065274,5.00013787251437,0.5038616982283421,1
7.094830833998159,139.90686639322854,18975.643494998614,7.571951407860145,400.3224341668411,528.2665234601474,18.556176608436147,68.6485816868944,3.628459628957123,0.09483083399815939,5.11406309892068,0.40805555797319637,0
10.258615434291345,162.4249184717197,18846.634913196507,7.085260755848939,333.073545745888,593.7257640524164,14.977233245343484,60.69057994930928,3.89498862443327,3.258615434291345,3.8452562624021636,0.47306870145613106,0
4.33711946912069,207.3619066463786,34355.61842683239,6.809153177405537,374.07277211083584,530.069602099354,12.622031757768752,44.7503592018025,4.401635259788382,2.6628805308793098,2.8675771946625104,0.5394656556579258,1
7.036752103833548,213.00021753307377,21687.473454293264,6.9010407671551395,333.073545745888,383.74788340648826,11.793246335936772,57.345645004070995,3.2425454482885505,0.03675210383354788,3.6370323522000336,0.5851688318387135,1
5.187471605436375,117.1251603715048,20060.07872720117,6.913910913807519,333.073545745888,368.815428587841,15.14034848778016,98.65664588216384,3.2032578962619933,1.8125283945636248,4.726545364612276,0.4566546445567697,0
6.505872509363588,240.28791166558463,29534.690291753457,6.775277154369163,341.72823932230995,265.2511986375809,13.57022301863526,93.16646544306268,4.497528596739858,0.49412749063641215,3.0172615269662617,0.4992752621522709,1
5.344116870389696,198.37914369451653,13492.840835026833,6.559265111493522,328.648845176312,591.3633685043594,14.084388259548462,61.39298286397647,4.104698560797167,1.655883129610304,3.4312835935824633,0.4657117174638362,1
6.579184951031363,186.98686935800453,16700.034872558706,6.454924771941508,379.04070878267623,405.2769118788481,14.996029476541366,62.15231452966896,3.813556320666148,0.4208150489686373,3.9322942375288266,0.43044222816425287,1
8.640886408909486,201.5687240953635,26473.71323896156,6.967094561617943,352.3065857102104,309.9832868165358,17.665083383155775,68.66492347632061,5.2631015720413785,1.640886408909486,3.3564011229794612,0.39439916676884323,0
7.756678950252448,186.68645891773843,22440.40104062623,7.462613332349712,342.9993828154195,320.93096625964637,19.57257183322662,66.62248509808484,2.8424707084630283,0.7566789502524482,6.885757833561634,0.3812791193031657,0
6.623613565745125,203.030141349452,17167.301297022455,6.049600899198109,311.72628825094733,410.2432474590725,15.9145000730461,65.02122896904768,2.9151659507443948,0.37638643425487484,5.45920708554352,0.38013135764866246,0
5.006562979263787,160.49644799107477,27218.82197618923,11.09608644703562,289.9757766678206,303.25634290442457,16.56939117344473,70.69906613930974,3.665205612498673,1.9934370207362129,4.520725002771103,0.6696737171094899,0
7.201702374896836,147.71108612452176,37308.99415948845,5.677451117249203,279.1644463467536,395.97682448817943,13.326125005608615,63.62689390393926,3.883250198498328,0.2017023748968363,3.4316927554833154,0.42603912906569497,1
9.534021716164196,201.9552080399875,9472.614920464734,6.1057084885387765,319.5764201936523,259.63680306558183,15.62561667366299,66.62248509808484,2.7682389284849696,2.5340217161641956,5.644603458275647,0.39074989648760966,0
5.596729817575806,229.29509813327937,44652.36387224059,6.500953108308197,323.99904902734613,424.2570132514406,12.36182677430287,40.4120976909975,3.8261581905147177,1.403270182424194,3.2308710011200246,0.5258893124058922,0
7.036752103833548,214.65733127176668,19692.464393722068,5.947389617427277,326.1757087803023,385.8278293480579,15.563459657245232,77.83403618152838,3.261651399127494,0.03675210383354788,4.771648769626256,0.3821379928543462,1
7.036752103833548,176.7721861181688,19486.191112150933,7.9601329058027295,400.3224341668411,276.58861018264633,16.710056082827577,33.56304027529272,3.8881773831283617,0.03675210383354788,4.297656752410354,0.4763677865578998,1
7.561832947775752,170.17515725558684,23254.0096194587,7.583326752098481,328.70262970472317,397.5879743330805,16.140317275067957,66.74678059247348,4.03215034240876,0.561832947775752,4.002904629424431,0.4698374978027843,0
6.351286549370794,162.2133452444081,22337.44839296724,6.867963632037966,379.6138031370582,337.07734853812775,11.712149246165495,65.96781371513842,3.707053967662745,0.6487134506292058,3.159421521486062,0.5863964761113363,1
7.240739638887768,201.186804455864,23783.09955637777,7.751285440069857,340.9836833605511,579.2203941324686,13.48637909893324,62.65023550372382,3.556297467154506,0.24073963888776806,3.7922517537522853,0.5747491456720085,0
7.094802142633516,222.5013059999337,30045.36774143468,6.664010111452556,333.073545745888,531.9594623887139,16.16294131604394,46.10095925451982,4.084660032563328,0.09480214263351616,3.9569847258294746,0.41230179389043603,0
6.207432967614718,192.93702709690675,13442.603471136694,5.819022939611381,325.90656176552847,533.7958508176808,14.68753933733609,60.48503329496195,3.549298841293145,0.792567032385282,4.138151183075268,0.3961877078096787,0
4.016590232603383,255.6165687786077,28612.266106918007,7.340595024194956,290.69066132670605,442.3851181934442,9.305732858145577,71.34213154493884,4.417134152553989,2.9834097673966173,2.106734916808013,0.7888249477250547,0
4.69219656349297,221.54777341772672,24211.63077025936,9.363249825363392,307.71399582698444,406.55166701639206,12.6182517815746,60.003147675998655,4.009006061677201,2.3078034365070303,3.1474755687498464,0.74204012135783,0
8.127710424418524,203.0703085156324,13227.052382407164,6.310902368247443,362.2757069737375,409.7422237803916,18.277277264707152,78.92957895193116,4.244173211474281,1.1277104244185239,4.306438980589878,0.34528676955329807,0
5.204938762890717,232.8827254443243,17818.39448925992,7.300265027559329,333.073545745888,404.00388804611026,12.86641995763523,55.498331074344144,3.4395610185421375,1.795061237109283,3.7407146282795267,0.5673889461254712,1
3.889106956840228,117.1251603715048,14904.940386800152,7.729645331792213,400.3224341668411,382.22437008112615,15.87222132626647,66.62248509808484,4.473976075064174,3.110893043159772,3.5476760519696673,0.48699200231089584,1
9.82548990813439,190.7566182870043,19677.892465552013,6.757540731413941,333.073545745888,452.8362348772383,16.8990378000164,47.081971185777654,2.857472426051184,2.82548990813439,5.913978987853481,0.3998772244612742,0
7.266598792423617,117.1251603715048,36490.14303222343,7.138813885803813,400.3224341668411,502.8830672995579,7.360771583163057,76.29028545593818,4.952733208187274,0.2665987924236166,1.4862036349528107,0.9698457336031615,0
7.036752103833548,162.93537131630367,24916.625585012374,6.374495721970132,388.31272507290623,494.2887842473437,14.29769574996601,84.80296983484982,4.301273480741873,0.03675210383354788,3.324060302122356,0.4458407415855485,0
8.214099764451955,192.17712656848596,12819.87543649163,7.536023170642026,343.477261505328,418.6787646694522,13.35260403310457,86.97810125499836,3.3818639095118863,1.214099764451955,3.9482961000449266,0.5643859870009089,0
6.503638200451563,163.25663438144232,15000.18776915127,7.641833653493535,334.1031197774128,517.4283917117882,17.53065950278534,37.765517681533936,4.963184434039489,0.4963617995484366,3.532138731418968,0.43591247758630486,0
9.266840595087142,203.25261346828228,20478.78595670459,6.838778829796177,337.29956685845406,508.28334965083775,19.164525226730007,66.62248509808484,4.330049468785837,2.2668405950871424,4.425935763308508,0.35684570277858935,0
7.036752103833548,195.8746341633259,17749.298664018053,7.556750343971984,333.073545745888,512.4544684082954,15.485275629289902,54.13265784184894,2.7756354336001303,0.03675210383354788,5.578999987835141,0.4879958249940873,1
7.815121777828159,190.3139043160345,20229.108150263175,9.186893055149625,335.6387256514536,379.2228730386165,14.979347629638768,73.42542758533133,3.096163272201657,0.8151217778281588,4.838033874406501,0.6133039080866342,0
4.140077138692398,253.59983819569624,40626.847810230574,7.754532621053169,267.1579598616741,432.5111966787743,19.126695389305496,61.520018317168955,3.1675825705584386,2.859922861307602,6.038260700390455,0.40542979630235776,0
3.889106956840228,156.89891668869294,26738.525360886008,5.02314259061121,388.7522530536979,388.75262033130286,17.19601210467721,63.56487021843476,5.370205548696381,3.110893043159772,3.202113726678082,0.29211088407724844,1
5.5242965308965095,157.14242432238996,26220.174214138155,6.344585274835143,379.788376466985,475.34227152384017,16.903180314450765,51.10661420520598,4.0333912177420705,1.4757034691034905,4.190809968863707,0.3753485901148719,0
5.152203721876962,207.29925980734384,27000.10687986532,6.691806011874911,333.073545745888,350.0049778577277,12.490509286657584,49.852964558844384,4.689842817950895,1.8477962781230381,2.663310287402062,0.5357512109831996,0
7.036752103833548,163.9572402153134,19516.89804220056,7.178777063568561,393.8409174720816,587.841580613715,14.842673498687418,69.0068562790257,4.169924018257802,0.03675210383354788,3.559458127831924,0.48365791921148726,0
6.481890279167193,179.91971076115584,34698.62116044991,8.538491677011507,338.0123232135529,504.397152163848,16.40936386733148,59.95481516616497,5.002360532741289,0.5181097208328067,3.2803234552179927,0.5203426059475543,0
8.801933555312004,225.8954683340605,23659.2115198818,3.1462213405647073,400.3224341668411,446.9924646420934,14.340817732831738,42.80091095008376,3.769831936118284,1.8019335553120044,3.8040990080579458,0.21938924124058393,0
7.955026340097655,244.39589809965057,32405.413860708893,3.31804504559376,307.6435613939705,433.91180390091785,16.254483397537854,67.68077376599587,3.9559167260299257,0.9550263400976551,4.10890329962714,0.20413105481810057,0
4.405327146952358,169.74253717900714,15039.710405983977,6.308198373401749,352.9177333870579,424.25116207284344,14.441753614959737,79.16959735728713,4.086867244525168,2.5946728530476424,3.5336968923101773,0.43680276680974034,0
6.381977105096429,211.91727649843523,20709.279762154532,6.171162004840066,278.94927297600975,525.0754779310331,16.684074144953456,74.52980588065437,4.991895990063802,0.6180228949035707,3.3422312556053395,0.36988337388942405,0
4.725997720598259,175.99148679255958,34265.83058147379,5.923395846861923,324.8707242178734,441.9451807095715,12.636086459195496,66.62248509808484,3.644606540888711,2.274002279401741,3.4670636872233103,0.4687681899947097,1
7.036752103833548,143.45373131192335,19942.273218184837,5.89075458310612,333.073545745888,427.1306714819022,22.46989198835695,53.12409421895881,2.90756391519334,0.03675210383354788,7.7280792153398234,0.2621621111483925,0
5.903993500851966,196.27472582214617,19399.221972076662,7.64189452353631,328.26927214784286,324.0456807548281,18.505372282337873,77.15780159396216,3.820021215890335,1.096006499148034,4.844310120857455,0.4129554376960329,0
4.9088997242616195,161.24319220403282,13516.911494635013,8.2062119287899,343.3052881703235,535.2245167318337,14.356101312091935,71.44491514186183,4.196429496600269,2.0911002757383805,3.421026828330055,0.5716183787488006,0
7.036752103833548,204.38479388030072,32951.31636864693,5.995276838047942,324.50518971803916,339.6418822650443,5.328026018267515,71.1904962773906,4.905229738605767,0.03675210383354788,1.086192740401427,1.1252339407237828,0
6.920342898512878,207.82136307848964,16689.79960375622,10.031146372241002,286.41386159175903,481.955877131042,9.771895939622482,78.29502213613884,3.2662134754089074,0.0796571014871219,2.991810860307668,1.026530103031207,1
7.036752103833548,229.6206162661838,19955.71054192327,7.608653347887742,285.43268138115815,491.880577999789,11.026909475617911,85.24187346441865,3.1137643063071057,0.03675210383354788,3.541342519708306,0.6900077192711025,0
7.83097634338162,190.79904405060975,7695.063934702985,4.8452054756401095,292.5158244968426,507.4454883280784,15.526658445697135,85.00950589690454,4.588784656948855,0.8309763433816197,3.383609435360077,0.3120571744737307,0
8.141429899766313,211.79426732802523,15494.3598370104,9.450413981964612,333.073545745888,363.1293527237093,15.40338969465506,54.490733178293446,4.350921900795209,1.1414298997663135,3.5402580201639093,0.6135281620327844,1
5.973951249276727,182.14332829158508,26804.10949146879,5.73798825900627,399.25369012854185,481.9019289301629,9.20997214694586,48.93732850040155,4.208923205336376,1.0260487507232732,2.18820099807661,0.6230189998880787,0
7.490807653925485,198.9665123195353,6873.559885376127,8.534328845240768,333.073545745888,440.47119760915433,11.047455681181988,60.93598706754863,3.716367554767152,0.49080765392548464,2.9726480348702022,0.7725152577224376,1
5.331799285360081,149.95504742834828,19693.90677215798,7.146139714096017,336.01190807893107,285.9980485407315,14.298578791054467,46.113762864708185,4.734873906917863,1.6682007146399194,3.0198429889168996,0.4997796857116406,0
6.470151959152821,176.73637570597813,30594.28067473661,4.39313814981189,324.65923341898076,524.9097809286852,16.614247513308953,84.29970286763692,3.1253911119248396,0.5298480408471793,5.315892188349037,0.26441991320237795,0
7.992320364236402,230.17957338317615,17076.663788674756,9.59874228090855,333.073545745888,522.8880540200298,14.44918097369549,68.6407681986352,4.342796788042317,0.9923203642364022,3.3271595130403284,0.6643104293642996,1
3.889106956840228,178.43291954529747,27179.404819722284,6.481018907833646,333.073545745888,365.4916791554963,12.35003809198878,73.80957685478752,3.1850831676181475,3.110893043159772,3.8774605134608797,0.5247771978339527,0
10.258615434291345,167.42258105469432,34535.55385004349,6.354814991677399,344.3092890116938,491.51671150903354,19.355841101832937,45.10401752521858,4.209136505059297,3.258615434291345,4.598529052226879,0.32831508741619764,1
7.77766536646659,233.76157880680097,16780.11614682852,6.123297466049608,323.5380551409755,520.2850940450035,17.79474067602257,60.343890907079,4.683334812674568,0.7776653664665902,3.7995867449573977,0.34410712880987826,1
8.655298873146698,222.26879349353965,13676.753524467496,7.2712994666693485,348.618844341726,460.8706469496659,18.016760314276095,72.42820504429659,4.588758377714621,1.6552988731466982,3.926281339085846,0.40358526928520316,1
7.036752103833548,177.17402078695184,38977.33079809635,5.4771613075826755,400.3224341668411,484.172953298292,12.30010680798364,61.56947695408594,3.261591730784553,0.03675210383354788,3.771196413301098,0.44529376433819634,1
9.48960096649994,167.88762871252754,40032.41400480899,8.349206793755082,333.073545745888,354.7907411559858,14.16831423855723,102.56784617405872,4.300694899087454,2.489600966499941,3.2944236400354514,0.5892871984548876,1
8.297725877791718,222.43632124474937,20320.10845267344,7.32185864286384,297.1386868703105,374.1195224685182,15.779232784284488,93.44633014802731,4.166105473671524,1.2977258777917182,3.787525087033721,0.46401864266414067,0
7.172323075211824,191.3894224915491,14702.05906858412,6.557104819555656,313.8662821657234,525.031020156224,12.630181641633271,106.69503986064285,3.0842156404583103,0.17232307521182388,4.095101970449275,0.5191615201146232,0
4.83857110672314,241.13597543945633,18328.40262015074,7.403238654601807,267.1579598616741,355.2754542666764,12.717352182334366,75.39828261112056,4.580371969196687,2.1614288932768604,2.7764883488439493,0.5821367503487772,0
7.036752103833548,236.35697461904556,24873.622781133807,9.410657997698486,300.68841657290517,479.0560337017452,13.521923255626632,46.598870750583835,5.284233272110425,0.03675210383354788,2.558918200692534,0.6959555326441502,0
7.159613911959985,167.82331532132426,30897.990039257784,5.484920409928211,333.073545745888,437.34858492202767,15.581902736375357,61.853527954611465,4.943842600666056,0.1596139119599851,3.151779059975946,0.3520057948454575,1
9.56240594378952,202.01364260009225,13041.829140394102,5.820655207859319,327.1188240167457,433.38166673218615,14.139065908911675,63.54899265609275,3.7627198370300334,2.5624059437895195,3.7576707178924895,0.4116718058806719,0
8.35263517558002,134.75051216758874,33662.389050318336,4.439791251197312,333.073545745888,397.1149717089917,14.42088193812549,55.58681500962776,3.939011353106868,1.3526351755800192,3.6610400388186446,0.30787235915073746,1
5.42331849638569,185.90317938697905,18020.84242807019,6.401045767391125,400.3224341668411,332.0500555927286,7.71574012802364,67.33368742696973,5.2246548335445855,1.57668150361431,1.4767939504235281,0.8296086741612507,0
5.462355934706153,187.70953274686872,11642.148998545998,8.4396410712474,333.073545745888,534.6639448904972,8.129792646305418,74.60371287284924,4.486180492425556,1.537644065293847,1.8121854098037973,1.038112581748344,1
7.122637439985312,183.4026481831804,31295.902409509665,4.425026226149565,333.073545745888,411.61607027436474,14.066057477821971,77.18579203760206,3.750446964802988,0.12263743998531229,3.750500636144905,0.3145889257553228,0
6.143921454143699,175.27407595533003,29072.16965421457,11.09608644703562,287.6981570714125,469.9833240211958,13.142492971719092,83.27965820617686,3.4762133035925036,0.8560785458563007,3.780691241658187,0.8442907769950613,0
6.89792271658945,173.39092815255935,16616.51661653825,6.35293353105966,329.3397676162268,337.4360877112996,12.446975630517784,60.15941276592294,4.490105279441128,0.10207728341054967,2.772089312787275,0.5103997315688207,1
8.238996596889073,199.5945386636891,25046.79864028831,9.288019857195886,350.8359860186515,328.3633982586783,18.743230788080663,54.41696499379492,3.089923748952148,1.2389965968890735,6.065918205431005,0.4955399347460662,1
7.675913621057367,233.3007587362074,23673.10060598764,8.407497057013636,333.073545745888,232.61362402653705,18.459407785418875,60.99359036387728,5.040460814701462,0.6759136210573669,3.6622453386272094,0.4554586311374574,0
6.529304448100373,210.0040334970035,28970.08760585726,4.250150948976286,333.073545745888,422.8175562407171,7.091298157253846,83.69015566689606,3.361088406841675,0.4706955518996274,2.109821340312797,0.5993472923263592,0
7.036752103833548,209.53169733192868,44831.86987314955,8.898023977582804,333.073545745888,349.38523535374304,15.653298701189785,66.62248509808484,3.832478702926656,0.03675210383354788,4.084378761154616,0.5684439797001062,0
7.852206664016244,169.02837864959153,22912.18957899364,9.616222696805115,333.073545745888,468.4453961804769,12.60112157166344,80.62515954650635,3.5324376192277365,0.8522066640162436,3.567258466452363,0.763124288500251,1
4.909640554437281,157.24045839888794,10488.770936593655,6.929793189332428,333.073545745888,311.74575705391214,11.02379955446628,48.52552498025704,5.345323940025499,2.0903594455627186,2.0623254298201172,0.6286210599596553,0
7.036752103833548,191.15047940322967,23172.281510358534,7.1321536678159045,290.70916993815774,365.1405793760971,12.679500931782684,69.07443757405807,4.018446538686602,0.03675210383354788,3.155323246033188,0.5624947814344593,0
9.314522391908303,203.34164997521336,23087.21765865113,6.43707052209314,297.5667642274756,373.0441718548715,16.402773463358926,79.16345643924538,3.092940473017639,2.3145223919083033,5.303292547387101,0.39243790960318853,0
9.045720545334614,222.18416908873655,22829.110842069415,7.609833075619996,293.06245930229653,558.7478629141496,15.35758277142429,44.55526428426127,4.213700443947227,2.045720545334614,3.644677482664249,0.4955097877948444,0
7.15473588040487,198.1473264811238,32680.977991229047,8.972661232218787,283.1084920273045,531.6026341640504,19.80628716994471,81.92682593644768,4.629955736114066,0.1547358804048704,4.277855776805416,0.4530208363743015,1
7.371085073209565,207.71682442123483,24913.837165890058,9.616330436939966,362.3001800484017,363.16853841901815,11.542661782175117,67.72070437929213,4.4125895367028125,0.3710850732095654,2.6158470146201362,0.833111961980739,0
5.023380783822836,136.97687905798563,15040.841477655327,7.588021340273935,400.3224341668411,454.8848090531006,14.245091385263263,71.98385140039265,4.477351412174476,1.9766192161771636,3.1815881516337856,0.5326761761211071,1
5.555352972792188,154.3006836502833,20503.430054601704,9.644996547731552,313.470296699179,355.2069684706114,18.46869035388295,75.14036171327,4.5361459144294,1.4446470272078118,4.071448897550999,0.522234973930827,0
7.036752103833548,162.263688336678,28790.547684661266,7.621234063423779,377.7193866691482,364.2735781094777,14.21009080086344,99.11860137790951,4.476991214592083,0.03675210383354788,3.1740262479232793,0.5363254629333707,0
7.528980405257183,225.34098627618383,8129.734919236011,6.305472316742188,309.23124664725515,379.33929307719825,16.9619443701651,64.26578715980341,3.644409765433974,0.5289804052571832,4.654235063468561,0.37174228422130645,0
8.43344310417292,224.85608904654077,12833.461241077755,6.179495870819559,327.5332764554875,411.8499494676316,17.400425875755047,72.91730528459134,3.8247341378467112,1.4334431041729196,4.549445974329955,0.3551347282996708,1
3.889106956840228,212.0289444657202,20230.125576951767,8.569781529733312,349.15599871275197,353.9129274416658,18.208339671899864,82.38787399017336,2.798600948267049,3.110893043159772,6.506227040674662,0.47065142750534544,0
6.823930137037019,146.1305993708648,13467.87978042004,6.423224368793985,289.57645971631837,412.84050644309826,14.307686682629708,81.52953366202803,4.016144075544785,0.1760698629629811,3.5625422920482737,0.4489351816500804,0
9.002583109651113,202.9907652715344,19523.12486468928,7.244753274494474,330.36151226896965,366.49172865989806,15.689404490512343,55.697399521310864,4.904837414733298,2.0025831096511126,3.1987607264255735,0.4617608537732996,0
6.448191031909269,181.5898853338313,18460.678930218124,8.727866524390784,333.073545745888,353.6042916029809,13.939424708087245,73.99053906453214,3.932210320679033,0.5518089680907314,3.5449327544482316,0.6261281280280531,0
10.258615434291345,228.30086036125377,16600.392746647067,6.0940005305237985,333.073545745888,504.0505391333054,15.035046907486446,106.69503986064285,3.8098416540991424,3.258615434291345,3.9463695151057525,0.4053196616346926,0
6.906574998425876,199.63812387225596,15201.339953843984,5.1365988301122085,333.073545745888,306.02397473517414,15.2127981305606,90.57901960720822,3.2827495033578313,0.09342500157412381,4.634162150001916,0.33764981618625517,0
6.8663565150600006,185.631486884069,13979.381750036173,7.043424624083506,375.434032452048,462.53511465466266,17.194991643505546,74.55779006957154,4.346153563046948,0.13364348493999945,3.9563691060841366,0.4096206826086528,1
7.036752103833548,218.302176410988,42061.322799299975,6.331177450734106,324.541596304084,503.1392454736291,15.712138692949338,48.497825625990735,4.328026356733113,0.03675210383354788,3.6303233315995476,0.402948139111515,0
10.258615434291345,185.08791424977852,26453.003347820293,9.548769015124698,392.3462515682056,455.7438445846984,15.976017650632798,47.40009251630573,3.804352132029541,3.258615434291345,4.199404496950559,0.597693907596088,1
8.859696040242188,194.5564817360987,20231.517645479675,6.519658507972283,332.3499485755732,476.2317098188568,17.88956925706185,52.90907057588464,4.575331195431778,1.8596960402421878,3.910004452774734,0.36443907898786265,0
8.3503510398453,239.81600458044133,17177.78878280838,6.108947365964821,272.8447146597404,294.8760562690446,10.603467049677365,62.85274862912924,3.507227581181632,1.3503510398453002,3.0233179287404517,0.5761272950834893,0
7.036752103833548,193.62948626891932,18753.211763658328,8.685011669004567,327.3406381003838,478.102692765685,13.172901550882044,52.67395753254922,2.3734376939287394,0.03675210383354788,5.55013347704255,0.659308883175715,0
7.036752103833548,246.2397631693293,6974.225134833998,9.812468418952813,400.3224341668411,355.53246958810803,13.33009055138166,68.38837817709016,4.1386965672928335,0.03675210383354788,3.22084190367672,0.7361141055280864,1
5.122648454950097,195.0188877884117,17279.51374941266,7.027441295267254,336.46604197360665,446.71221913474346,5.328026018267515,72.8375396737488,3.5045245337918667,1.877351545049903,1.5203273501342238,1.3189575186411737,0
8.115624506544236,200.0990129830887,15513.012580820465,6.046110608477251,333.073545745888,421.06032596791965,8.320276394669804,53.77559172927798,4.4088119398732255,1.1156245065442363,1.887191973925991,0.7266717588467128,0
7.896743922258235,197.60207770854225,9407.664038720552,9.610055885550429,400.27457921531845,270.794058781986,11.300587314258848,53.20184835708191,4.889458166019273,0.896743922258235,2.3112141712514105,0.8504031487833832,1
7.063646975622253,140.61286572717435,17941.811255910274,6.275304600259224,376.0461562079458,402.593602031447,12.439739683775372,29.468428123944623,3.3958662401655895,0.06364697562225263,3.663199649456492,0.5044562229857282,1
7.036752103833548,117.1251603715048,37928.14217716675,5.609440345508508,333.073545745888,358.88876761151056,12.207108489369546,71.11989017420973,3.873853349593973,0.03675210383354788,3.151153189496915,0.4595224078553109,0
4.16111196816975,181.736388695606,25815.389206539712,8.53462900071612,297.23921899210234,399.2921708958753,9.343333976076622,46.63808080379271,4.16824218857341,2.8388880318302503,2.2415520288475292,0.9134456832136305,0
8.675192691679182,200.73594119781825,15049.584198812629,8.630380615158643,356.8054650244746,441.2980876471255,17.85305375302056,74.58651129713867,4.978575359632432,1.6751926916791824,3.5859756812766155,0.48341198380621486,0
7.036752103833548,208.2045307343122,17835.3090128928,8.930329974650807,351.21496237157373,278.2606083658911,10.208344451693051,52.24851658027645,5.709690240551309,0.03675210383354788,1.7878978077118173,0.8748067957643141,1
6.565319432045672,141.59184048422046,12875.127783719328,9.116994487137177,340.91392007168895,339.97699206430997,17.10715957252671,86.0675097255715,2.233894046042616,0.4346805679543282,7.657996109903346,0.5329344076993489,0
7.036752103833548,259.6710409184808,11949.597925537042,9.435445979542637,279.0010038469318,469.2876307016454,11.752420840452828,73.99704616076042,3.458352213645405,0.03675210383354788,3.3982708284631093,0.8028512001726347,0
7.036752103833548,218.57354817585485,11724.62331510551,7.565406844549224,296.4305395160663,452.72769126621745,14.665703807731006,51.26182669313928,3.5613978299719125,0.03675210383354788,4.117961651558882,0.5158570245162122,1
6.616649174874958,201.78084723792037,17063.172107897266,8.353373632495304,360.612309764348,491.7240649000355,10.353994558356078,60.00918381670152,3.8817671783074488,0.38335082512504215,2.6673397489879695,0.8067777878998418,1
6.35651106246199,164.61818523150117,17538.54117200986,8.345192367125113,345.14495757438766,430.95950454152154,15.329437895303954,47.0213818503514,3.41552552539749,0.6434889375380104,4.488162449132188,0.5443899430449208,0
6.941278904431053,180.81772204590763,15433.134836912068,7.140121953336555,325.5158572423616,480.8785435518915,20.3023365522418,61.52068662046166,4.178959771570964,0.05872109556894678,4.85822616243648,0.35168964829609667,1
8.322986672402298,207.25246223156424,28049.646283166327,8.827061283189618,297.81308453289193,358.725868777638,18.70927336873052,60.91142039439827,4.052135727552661,1.3229866724022976,4.617137729217302,0.47180137023072366,1
8.107091815038052,213.02927295867988,24531.86944038499,6.2372223880916655,322.0970558127406,517.4900494452992,14.352031407200116,59.860285558834,2.7691640707511267,1.1070918150380518,5.182800967263095,0.4345880925521448,0
9.004680613392885,173.7393301287329,28311.29184221085,8.4750833706704,333.073545745888,531.5214444396339,12.838812819947409,37.76479827767255,3.7750149839256855,2.0046806133928854,3.4009956181950174,0.6601142044370824,1
5.4566808884538265,219.51988565170765,20967.84060967087,6.826782139377206,355.0828780755433,312.0198403081765,14.029285049627164,57.85250663552826,3.7994725485537337,1.5433191115461735,3.692428666852385,0.4866093766445536,1
6.492627157365379,213.06538481772856,34314.08709117726,9.04114608484344,335.29192590906365,313.2547429967247,11.135311827023884,70.82910986892458,3.378778492774559,0.5073728426346209,3.295661007424867,0.8119346286259523,0
7.295141331699135,182.4066445648552,13706.186807812384,5.88788510267209,300.6082330329589,424.6501794365584,18.063470062899228,73.8369091876904,5.056104024299176,0.2951413316991349,3.572605785696272,0.3259553538835227,1
7.036752103833548,208.30383256343865,23495.307483305656,5.800340045149273,274.97527954788336,465.3308561251106,5.9803392059956195,57.2030892162083,3.210752658318472,0.03675210383354788,1.8625967116790978,0.9699013509857037,1
7.70218309918713,192.13753061224048,18126.030963032394,9.15458050661148,364.1912269571671,646.7325987352091,14.376336909241957,90.5275363195179,4.382159162064481,0.7021830991871303,3.280650724201079,0.6367811166101192,1
3.889106956840228,275.76714183651194,23736.816258284023,9.100772079375536,333.073545745888,426.23112913175015,17.985956556757742,55.69489291114778,3.3146297303616934,3.110893043159772,5.426232367909987,0.5059931922254628,1
5.700784947291592,185.9222470685828,27365.10636262947,7.563100468517474,333.073545745888,359.50655304063844,15.089440803496018,56.46343392733931,3.978141278692845,1.2992150527084076,3.793087261940307,0.5012180415292239,0
6.799375518361883,239.05767951559432,7986.493239056313,10.365679862326058,400.3224341668411,373.23213734140944,18.828594072149823,43.4406440192261,3.8199853771647767,0.2006244816381173,4.928968905413885,0.5505285881716356,1
9.608533593881912,231.34022823516116,4544.841717583644,6.5778340481222415,300.92232972838167,328.90449423468266,11.789619287242203,78.56818211662697,3.042796943791497,2.608533593881912,3.8745981511186627,0.5579343429101151,0
6.921257043340869,158.29205740728025,31177.133368775983,6.978993268667014,333.073545745888,531.6574429387377,11.482186616548065,59.998554156145495,3.5403842778756953,0.07874295665913067,3.2432025656364765,0.6078104192104411,1
8.165714932759002,203.4193306887763,16925.01229722553,5.5743416672346875,337.2523246543811,527.9125435620626,18.361435591602685,60.39354848444152,3.920116479963848,1.165714932759002,4.683899318183704,0.303589625976435,1
4.370476580258797,188.6540372531146,29542.338165335543,8.117114132677262,301.02218217666064,456.3084538577487,16.34683847675535,46.69694092362607,4.64938203413864,2.6295234197412034,3.5159156293914213,0.49655556624383085,0
4.270716194733736,166.83770854028538,24405.250534952756,7.391510138420656,297.20673916830356,349.5189103676489,13.478526445498858,54.47483954440166,3.763905902952325,2.729283805266264,3.5809935774252546,0.5483915189035761,0
6.448971089901665,237.4610992410309,18736.190901684433,5.5998703419812665,333.073545745888,235.0422834749786,11.54547699566666,56.71550955469331,3.759326201339547,0.551028910098335,3.0711551235957066,0.48502715470793456,0
7.493843860854462,197.33129091104317,26678.392878738523,7.198434575553271,269.892346696778,375.50306244103007,13.134916625076414,69.59080593173351,3.8199465596846975,0.4938438608544624,3.4385070527409503,0.548038044929223,1
7.693555234691673,224.3930365267601,21856.145212583404,7.041440296130538,275.2719704299378,404.8239207884093,12.848964664042398,63.15490498054588,2.7506959054782114,0.6935552346916731,4.671167018966269,0.5480161189811475,0
7.5742612367877715,227.9846645709775,8672.527773400137,7.33536186356088,333.073545745888,433.6795425189589,11.238913670655164,54.86588904451017,3.6867589826723,0.5742612367877715,3.048452767057752,0.6526752874735788,0
5.770620969105658,194.50014381121505,16173.727092975756,6.341797302117964,318.788932932303,387.13048289345454,12.042914193746071,52.51226110746224,4.240821477653531,1.229379030894342,2.8397590932430345,0.5265998473036896,0
7.036752103833548,205.43897678280712,20113.897568469984,7.248374249340612,317.2802103416212,558.9538725719827,23.295426859188986,68.24220581051297,3.651864698731579,0.03675210383354788,6.379048075968485,0.31115008031421315,0
6.5854502296739055,166.96596051286858,30210.250367370136,9.508298704434813,340.2457660548395,430.078590904872,23.234325912094334,72.79991739038928,4.2756402479314595,0.4145497703260945,5.434114923307708,0.40923495397171966,0
5.290004370919174,174.73842274732667,28697.004827070024,8.60678979248583,317.01646457447237,480.6803917021801,13.748302184693216,52.475867951784195,3.532322498228877,1.7099956290808258,3.892141303475369,0.6260256030772052,0
7.036752103833548,181.63014959101,22665.138527587256,7.221067920014277,333.073545745888,521.8735150665893,10.985421585414429,76.12635152600501,3.2919428728664184,0.03675210383354788,3.3370622372880896,0.6573318289641253,1
8.999498939207154,234.8354770083695,20933.512749666126,7.98045081211562,365.06096574459065,444.0770167050374,12.168763676980234,54.40470363997584,3.6950840554277695,1.9994989392071538,3.2932296535651706,0.6558143759006462,0
7.036752103833548,235.41745667390205,13927.002506501727,8.55144684504605,333.073545745888,446.4223567483664,14.134953926050343,51.7052148914131,3.662648159726404,0.03675210383354788,3.859215914391923,0.6049857880541213,0
7.719000805137069,196.00751839185236,13939.294022009968,6.935550714808682,345.65366218004084,423.20353345406727,16.836785518971283,89.33864945678346,2.8848187710564264,0.7190008051370693,5.836338785492177,0.4119284108635499,0
5.040331692395899,232.23447906840016,25653.690231044748,5.929307621591023,328.329579682243,529.0525352665002,13.539409584490327,38.34673827787296,3.603325615207352,1.959668307604101,3.7574749753045094,0.4379295231938063,1
7.606880475374772,183.84009969220804,29339.92926845399,5.7036171336762145,267.1579598616741,426.9859416742492,14.00698323032674,91.59070343135016,4.564460391989159,0.6068804753747719,3.0687045036484797,0.40719808346233616,1
7.036752103833548,202.56946742508012,22256.950364593784,6.9135005408949395,304.9514981066884,434.1984358160752,13.696893086033183,64.20566665026693,4.478070476621262,0.03675210383354788,3.0586588797299834,0.5047495072583414,0
7.025305941689352,202.80908099349176,23502.857795232936,5.239013199777052,335.5487189196007,471.131715895065,13.891519343283107,63.75185483763525,5.989542790855565,0.02530594168935174,2.319295062921445,0.3771374961352048,0
8.185923417313038,240.9791037623137,23641.472028426168,6.611448597083937,318.6890103719636,410.15822184516344,13.1099108733074,56.91398086899888,3.566945145029043,1.1859234173130382,3.675387948196974,0.5043091563830615,1
5.045625730051444,179.70250313503362,22557.603596394933,10.120334022861256,296.4251537591952,450.29569571087154,14.21581712550818,82.06633367292159,3.3317866407748085,1.9543742699485556,4.266723650551235,0.7119065489943077,0
6.320427822952782,210.31004278172315,11682.229317057963,6.968422637847091,311.77782190208166,375.9645577508962,11.97342200407394,62.96046257918819,4.553380742681595,0.6795721770472181,2.6295669198652574,0.5819908505258768,1
7.036752103833548,218.986406241385,9836.401847179895,7.064672494896746,328.72428899396186,386.3452474773828,15.547963572423782,57.32811605783707,3.837256627123341,0.03675210383354788,4.051842509224368,0.4543792508652102,0
7.139428272590956,179.2349792452903,19862.811257398145,8.111958085302863,337.94709455047456,364.5231509291738,17.384470545910744,88.36184636996892,3.771596492148275,0.1394282725909557,4.609312256173093,0.4666209187826014,1
6.599593818953803,198.323260816452,21078.887166441473,6.23423148205243,331.49563679988063,447.9877914293426,12.93630432875392,59.833619304688185,4.702310752770497,0.40040618104619696,2.751052037571124,0.48191746589309503,0
7.036752103833548,181.29612506605463,23433.90177406979,7.729588419260772,333.073545745888,329.740861722908,12.275713323952402,38.75679771996282,5.128346524187511,0.03675210383354788,2.3936976318501846,0.6296650618676244,0
3.889106956840228,218.72383999456605,23535.0289007381,6.475402064091609,352.5058975751752,421.1834780149268,19.273560508946616,58.9036980330163,4.768660397450635,3.110893043159772,4.041712946792662,0.3359733000611114,0
4.489783796199172,188.2519391176551,14906.047921749065,8.486030243192529,374.2269262476081,518.5852526497778,11.22657798925934,65.18275873376899,3.77622563147945,2.5102162038008284,2.972961923331649,0.7558874570170717,0
7.709106359864045,178.81082764194483,18610.124151836404,7.734441196438386,333.073545745888,462.2011628542471,13.888703887503423,64.84163725586546,4.235108119828695,0.7091063598640446,3.2794205519939954,0.5568871438399968,0
7.104594898620113,201.62711715909177,18093.97216209058,8.474123113348943,361.6291871075997,348.7329370678058,8.5824611658241,49.38268379310724,4.76305799060742,0.10459489862011306,1.801880090661989,0.9873766932633191,0
5.588537190733878,171.33312343988564,17732.240668204682,5.588614466203468,343.0415751407082,466.4454293513386,13.827755015910212,59.37645118056272,4.373998580206613,1.4114628092661219,3.1613526161465786,0.40415917519612077,0
8.520806572970303,238.3351124555097,28779.6500110336,8.282808464509609,381.6493228718946,481.3188026886131,6.016336609271207,39.09117136225335,3.9406045297946832,1.5208065729703026,1.5267543436616644,1.376719360254278,0
5.924799469006341,117.1251603715048,15413.896147652376,6.900029880617981,347.86183690896894,277.5880745769892,13.261143111954482,74.19399491645981,4.188927903696815,1.0752005309936594,3.1657598915682845,0.5203193497005913,1
5.606856130577717,211.51309718534105,32423.462685108596,6.812943275393427,333.073545745888,446.38640359860887,20.926950178989895,52.218978737459175,4.070966098496005,1.3931438694222829,5.1405353255547634,0.32555832988387917,0
6.158424006182359,176.03144985330422,26369.026569982736,9.771211536427682,347.8937384892068,453.7059933325262,13.254689080598157,61.05777775559813,5.080497554589536,0.8415759938176413,2.608934721302963,0.7371889857108397,0
9.130828108445352,209.7430437506691,11643.66347576501,6.594682306630487,326.39457684376686,509.6617816298283,11.27406477237571,67.52828789958576,3.0741343047001894,2.1308281084453515,3.6673938050606503,0.5849426852546057,0
6.394548022914309,193.04755784465576,31620.190785582636,7.065083740762097,333.073545745888,515.8063854323804,13.081881339181734,99.64069141400566,3.042496817945847,0.605451977085691,4.299717574822785,0.5400662960865626,1
4.681098760235678,220.47612607659403,38748.41134555242,4.65251383340415,306.4511896424614,442.5305081273516,10.941269894858294,66.62248509808484,4.125750332990424,2.3189012397643216,2.651946036439344,0.425226089191388,0
8.77504747012084,191.52687441559203,21768.640743818403,4.751004539411941,387.24555227245594,435.52339754528504,11.875184163890085,56.02909753244856,3.830698864046188,1.7750474701208407,3.100003807488819,0.40007835447136747,0
7.036752103833548,172.21468280183308,26653.764965717633,7.271684606484637,335.894456356063,510.0297247586445,13.809874030631704,85.38168152404008,4.492387447051166,0.03675210383354788,3.0740605344795147,0.5265568725535389,1
6.114332051439626,178.44628573387337,30606.22359320889,5.568042052840514,267.1579598616741,472.25540311888983,16.71147098711583,46.552617616218896,3.680409990337341,0.885667948560374,4.540653484350149,0.33318681066116435,1
6.642755695262761,168.89642168837517,36505.52425763323,6.062561086621286,298.5524799389983,474.05749017326025,14.299241868727222,71.70689113232498,4.299209281102346,0.35724430473723867,3.3260159270601672,0.4239777687726564,1
5.158396409506499,189.29578865279512,35086.39696295499,6.7361180268094865,340.87181907360065,331.5867257915919,12.909797813297814,61.34466370036797,4.645852434791949,1.8416035904935013,2.778778537570448,0.5217833464508299,0
7.036752103833548,217.36974600866083,17984.327439446446,8.59416288489055,333.073545745888,409.2207764785376,10.213779294934625,26.619225158022296,3.605154198874472,0.03675210383354788,2.8331039113443333,0.8414282113697609,0
7.96852586987492,156.45114877705169,27008.011874469055,4.716576507918205,333.073545745888,455.8404279578049,8.360283485419302,52.50118739443663,3.173879163212596,0.9685258698749202,2.634089208004954,0.5641645946551364,1
7.449659685994515,193.0420805044521,32251.359648458292,6.086599373560465,337.1350460197836,572.8061429370911,18.06029823755989,57.40133709609512,4.3704044218054285,0.449659685994515,4.1324079792348245,0.33701542225292713,1
6.630122155828689,192.52170324831775,36269.70131666216,4.973866332075417,277.4992970967101,320.4708529632049,14.786347362452377,80.98021278292363,3.352764605845478,0.3698778441713113,4.4101941801934155,0.3363823311985381,1
8.031055220266794,222.6284244862252,18134.83502046913,8.754513037929026,314.47156580599545,452.9702846516933,12.06596280304268,78.54971218738902,3.338880125546951,1.0310552202667935,3.6137743002354186,0.7255543925733804,0
5.808238633928169,195.514515850357,43110.50372146368,7.36881918172737,281.9189182328986,325.83135972889204,15.0470187768193,51.29479155514985,4.819063730480007,1.1917613660718311,3.122393995176846,0.4897195119713614,0
7.301563449379409,177.66289465631235,23441.267143294193,9.10701724282177,326.2906302400307,478.4670470173596,14.003395764618348,55.18334729018349,2.7749609493035416,0.30156344937940904,5.046337939204144,0.6503434413735956,0
10.026159156427404,224.26635768460815,14962.177833160747,7.428313128360553,336.97294962953515,517.5128415432599,18.8585188822683,65.36345158300718,4.182277581713326,3.026159156427404,4.509149382043951,0.3938969322478491,0
8.37291028476714,169.08705216090655,14622.745494434115,7.54798401839384,333.073545745888,464.52555235732217,11.083026574437897,38.435150778704525,4.906358241363542,1.3729102847671406,2.2589105341087454,0.6810399024723761,1
7.036752103833548,203.05024386397616,28184.900526966365,7.076633581769529,344.5241792801903,445.7007612398767,19.775367127025337,53.2701515784731,4.456104061234216,0.03675210383354788,4.4378143816806945,0.357850915154317,0
3.9782846273167376,160.81847436463886,14433.780495551264,8.41089222279898,311.29532886977574,414.3282148266,20.77148503355562,78.27324004383938,3.751565768898725,3.0217153726832624,5.536749393814762,0.40492491530030505,0
7.036752103833548,191.01230860303576,9626.893206045972,6.179376873861621,353.05589050551345,271.3684374970511,13.441175369206348,92.48613979627194,4.654177334718871,0.03675210383354788,2.887980305554459,0.4597348255929842,0
6.1067596362891035,211.4544891696532,39430.30782271887,8.316897373632388,348.7767188361151,389.5914400911419,12.89695310701478,85.35804917386378,3.924967064282447,0.8932403637108965,3.2858746608356335,0.6448729912986778,0
7.036752103833548,179.7962052126882,17029.53489268212,7.018990028324963,371.6755553128619,404.6721081170455,11.59343075084655,46.50460488901018,4.459393979995632,0.03675210383354788,2.5997766071077892,0.6054281578715843,1
9.895889212950532,210.65404066017476,13189.519382976216,4.945127887596356,333.073545745888,481.1367926215352,11.763452965982196,49.85192786633325,3.8134286591434106,2.8958892129505323,3.0847436605463847,0.42038060436133645,0
7.036752103833548,193.4101406425249,14472.391549496848,5.640672344946838,322.6744621102127,431.4573372034281,12.721921884768676,92.75885234396443,4.414818909753493,0.03675210383354788,2.8816400543683827,0.4433820575740271,1
7.025456547708931,184.484426519738,31659.96274454228,5.232019589230353,333.073545745888,559.0028537758723,14.393046365679028,56.290251982365376,2.9270514417687563,0.0254565477089308,4.917249230075841,0.36351020435786074,0
6.751698586301178,203.40045194899608,26325.817698746418,8.365470022720896,341.89563614291336,381.4403881892725,19.527318927571116,58.293945043696525,3.7560066720223904,0.24830141369882242,5.198956081220355,0.42839826733772496,0
6.957433637931853,214.38013896465355,15007.421534208548,6.997160010542585,328.8187599960376,468.5550615423049,17.40726103994774,104.20710403163932,4.8920504401910225,0.0425663620681469,3.5582743257638416,0.4019678680360459,1
7.682923444847809,217.78893220939432,31150.513421162406,8.02166779412743,333.073545745888,594.7025457573734,12.194231571451496,77.16978862354338,3.5427310869586095,0.682923444847809,3.4420416989307507,0.6578247337111924,1
6.511618075241813,181.87342172896433,29136.814623869737,7.685775096243834,345.75163845059745,475.3413506694927,12.321232157466568,52.43761714005619,4.850433707754168,0.48838192475818687,2.5402325564282267,0.6237829442896563,0
7.036752103833548,204.2405691962767,14665.404798289434,8.581319745945983,360.3887982983855,359.6221866110655,15.163178909809176,58.94560492789845,4.377502097292449,0.03675210383354788,3.463887648460563,0.5659314073293203,0
9.032660579144682,121.44144151263784,15618.170247930504,6.157490739246978,372.92745570034015,390.6572261202914,15.030315106001751,63.12561699518415,4.927218272272612,2.0326605791446823,3.050466048991001,0.4096714064974477,1
9.794717848521511,254.42506637463424,12490.55827605843,5.992480374252229,291.19726053329634,576.0460834739301,11.665297002454563,80.69821421798687,2.807129774600525,2.794717848521511,4.155594426880458,0.5137014393452544,1
5.859822103560279,276.39283372089034,3640.734319814579,4.0726262629147385,391.6973848495021,447.12186130961817,6.363174829578838,49.15529051129489,3.4266340746155777,1.1401778964397211,1.85697475541445,0.6400304458008815,1
6.550877192685638,145.80627067243805,25070.0087387663,5.716378673091186,285.2189427318241,369.61308408353386,8.65476478425677,66.62248509808484,4.824825939065864,0.44912280731436205,1.7937979731833493,0.6604891242105498,1
8.92398060773871,135.93846747362704,27919.770665753116,11.09608644703562,333.073545745888,415.6294837691602,11.94991382091655,69.31487957880282,4.155583189522957,1.9239806077387094,2.8756278963243305,0.9285494175752258,1
7.553844615241808,212.26444113154653,14319.401369905912,5.793011891235034,362.85265384752256,450.5359095235472,18.176482958371025,66.62248509808484,4.374563849807857,0.5538446152418084,4.155037948327451,0.3187091576403098,1
7.038092305552901,204.9232849564951,24607.088098483306,8.080155764252272,280.74562290173793,365.8452480411531,10.80755684852744,59.9124420538001,4.237697607399104,0.038092305552900996,2.550336361735881,0.7476393721411555,0
3.889106956840228,173.67770207295308,22581.224488235966,11.09608644703562,289.12684572757513,599.7292459226587,8.386407450304489,49.6585535944622,5.461473095749794,3.110893043159772,1.5355574892923003,1.323103508824776,0
6.436444496090232,192.99566481000423,19579.389545753744,7.640874321804035,314.92273899079055,379.67536682471626,12.897049257694732,75.83913181440319,3.415851385375155,0.5635555039097682,3.7756459596769956,0.5924513101160694,1
7.776044112626788,215.53379520869672,38895.356135547256,7.764668384049106,342.2624978595313,349.43109890592496,6.124625358081971,65.8329900683807,5.425945934424112,0.7760441126267876,1.1287661733706236,1.2677782986390602,1
6.48819323961521,225.4819087637101,34864.42789348474,8.951692284573435,385.5056353657395,324.50984090751643,12.69654480364062,97.11286018614004,4.592073570820997,0.5118067603847898,2.764882104554034,0.7050494223402571,0
8.92790592593881,188.0544191463757,22139.87884847068,4.252721409787046,376.3345659353764,438.51558702553854,8.597973315529089,92.8283206111665,5.474354698144387,1.9279059259388092,1.570590913272862,0.49461899439569906,0
7.685396843315841,230.335707570874,7324.701425458467,7.991366182885692,331.5125334296874,492.8503913894517,14.233951597560974,74.0686581571863,4.179187127681619,0.685396843315841,3.4059131014657575,0.5614298718582942,0
5.495035446034119,184.43483624840476,26744.301741742667,7.356517092999123,332.03028478519184,459.64217162082986,18.41792399218832,71.87557365083042,4.115428052361774,1.5049645539658814,4.475335076331492,0.3994216012997814,0
6.261110580253398,270.46617064471656,8572.421508507414,9.922076246517337,286.3275623696924,490.94265074565226,12.926434941642356,26.619225158022296,4.753018575157605,0.7388894197466023,2.719625858307922,0.767580196994091,0
6.898315040728939,228.8028036402027,44831.86987314955,9.5640266604158,377.8135053824873,392.3823256829381,13.872994262085795,66.98358863187693,3.822307139365953,0.10168495927106136,3.6294808676484824,0.6893988269825053,0
10.258615434291345,190.99484831095265,6700.775053800422,6.879857695471123,333.073545745888,498.9319114036195,14.562161354772456,66.70162142674418,4.956358408285043,3.258615434291345,2.9380761472685717,0.47244753408592427,0
6.427512442841498,178.32655536456488,25993.711405769885,7.294554070379053,329.6952227420036,566.7547237759687,11.974270241512158,60.73672331316109,6.032994877321904,0.5724875571585022,1.9847966889093307,0.6091856383785964,0
5.272156458908084,181.73287696977007,19015.46827486608,9.013016217643194,400.3224341668411,390.0120033463213,11.103466530373794,63.826010016872566,4.063825853972672,1.7278435410919162,2.7322686052727336,0.8117298666374158,1
7.036752103833548,177.68535582188017,20325.702131079575,5.849569808293142,353.6267682162175,279.66491975858423,13.964321206474096,44.542985167315265,4.032267338593523,0.03675210383354788,3.463142835217392,0.41889392995967845,1
8.05304368223556,211.78323531812987,37086.54605405966,8.267536832327547,267.1579598616741,512.8990363712608,19.166620232734545,73.2489843314067,3.3015748949924983,1.0530436822355593,5.805294454022567,0.4313507702759564,1
7.97532990104869,165.71424178064825,17182.45035907184,7.0021919944198325,383.2666553835232,363.8535788368086,18.659303789133048,76.03273944935572,3.306129016543918,0.9753299010486902,5.6438505732568425,0.3752654278147503,0
6.587464616653873,211.16927685734663,28990.297847067068,8.883665238289803,267.2023922065692,504.9087519621216,14.054690553116243,68.97647486931034,4.096841156438634,0.4125353833461274,3.430615585476674,0.6320782782543594,0
6.953864225511059,209.6382929790206,10575.18628088936,4.462707246137983,315.60659440039234,391.18431508600554,13.28533391608596,87.39088897956339,3.195710328196264,0.04613577448894102,4.157238421026132,0.33591228782155214,0
7.539881892843843,185.82597533815368,21575.245220759803,7.442998712138735,333.07963014214306,444.11663259163385,15.830564782291448,49.06797746408835,4.531593669500014,0.5398818928438427,3.4933761593549777,0.470166310825397,0
5.117390302624234,225.6574044119953,30914.111579007564,6.207729477942272,371.6493915314526,356.86228711669946,8.073420571182282,77.3881380783752,3.9371884418353353,1.8826096973757656,2.0505542571552837,0.7689093680058138,1
6.770926884040844,181.81806551589537,26880.22003988432,5.215861524347611,284.7455103993467,475.5489600577624,14.665441438488187,60.51577188968665,4.910533820344201,0.2290731159591557,2.986526310276774,0.3556566088084075,1
9.58118852272883,223.29621639654195,28292.780318432193,5.665430735232903,333.073545745888,398.4793172593071,11.350768174024608,44.57411986622387,3.9291775435011345,2.58118852272883,2.8888400077412597,0.49912306808227763,0
7.928831288871604,231.25221583823128,17444.814449921712,6.291798026684461,333.073545745888,389.0056782191031,13.879724489446517,95.5530547696418,3.413572942692293,0.9288312888716037,4.066038914774334,0.4533085349179597,0
6.65364951527896,172.58451220996517,34816.44453767991,8.28930674549619,293.61104846860246,389.4711493571496,15.872474487317334,67.97686941341948,4.871406193456357,0.34635048472104035,3.2582935190961746,0.5222441044007055,0
5.675294715190149,228.59039232873857,39172.38964292974,6.014737758938236,333.073545745888,330.0786127914452,11.42337702465636,59.267099212481725,5.021464632411663,1.324705284809851,2.27490893314549,0.5265288206304608,1
8.043889299098865,169.68822486897415,8896.195118425881,7.837861188542399,328.93981708544,430.83682506770674,12.26349197146169,76.33424711952472,3.1599493699500583,1.0438892990988649,3.88091284220249,0.6391214319429093,0
5.296578803810236,220.0808324081126,39537.08646010253,9.232766061940334,322.43359180720375,393.3886032687506,10.583336152737274,58.80146948488685,3.9184698008316814,1.7034211961897636,2.7008842711016245,0.872387029600807,0
4.91681922881674,162.45678429062133,22829.123211930557,4.024455657493151,360.5904450901426,541.7723150597343,11.580140749581515,66.62248509808484,3.8367032388187607,2.08318077118326,3.0182521322380564,0.3475307767833315,0
4.897691706502586,169.23576826579773,14676.71627206917,8.318607336847489,333.073545745888,437.5386923936241,16.21914101542484,81.94780622974464,3.89446433298463,2.1023082934974138,4.164664370755832,0.5128882482770216,1
8.370364964619357,155.5535654114512,27193.3173775301,5.791452509083575,333.073545745888,356.5198654775606,7.832108146401822,69.41966467298137,2.746649833830865,1.3703649646193572,2.8515121215746464,0.7394499234914579,1
6.069615757057698,186.65903974703815,26138.78019066394,7.7475474812942835,345.70025733716403,415.8869545163145,12.067619565343648,60.41992108497409,3.669711703641994,0.9303842429423019,3.2884371447844347,0.6420111934530035,1
4.562156482672166,189.2614176062637,23829.79288043376,7.815124720572095,325.16737135090386,401.5516566609056,13.624148222767758,66.62248509808484,4.822883763716862,2.437843517327834,2.8248960715926392,0.5736229538290719,0
7.148440931892334,173.27281821073927,30656.16311302757,4.737825631334102,333.073545745888,525.884832982694,14.567818921408955,57.822022692003095,4.308569820911373,0.14844093189233387,3.381125558086449,0.32522543914559005,0
7.036752103833548,152.50767942316656,11398.731104759814,8.728973147860508,400.3224341668411,385.3358042030552,11.67660134303543,58.600940118946525,5.444927203736903,0.03675210383354788,2.1444913332413957,0.7475610534143907,0
8.837786915479438,195.8272127022547,11610.20794869492,7.8700615413288,332.7590286287097,514.9259969241641,12.291615511880424,87.42907783821161,2.0870802171798366,1.8377869154794375,5.88938054288536,0.6402788057796968,1
8.891674050856766,184.869606190146,41801.44183689757,3.4095758357574946,337.04710819949133,461.0768210368309,13.715503928181365,42.07812210742334,4.5225992293244355,1.891674050856766,3.032658920249098,0.24859280453844687,0
4.8863798036263955,159.3179721842128,38633.30516883611,8.37017929917063,375.8991685935278,448.0508658299424,16.82061517732626,59.18318960874478,3.227849086219344,2.1136201963736045,5.211089340591897,0.49761430918644983,1
7.460727220198072,237.5796124964799,25222.95600386242,7.277442761541138,316.56233127238585,377.6822199588014,5.9146170684173285,62.0441831810599,3.949014617743278,0.46072722019807166,1.4977446637188339,1.230416347659196,0
6.771050289732039,194.63512208040103,15719.493609488409,6.7463438053848845,339.0015749083587,441.73039138365186,22.89101080761469,75.47282538912631,3.2448668321310623,0.22894971026796096,7.054527947469913,0.29471584140027896,0
8.034011916654261,197.6093924021595,25204.674081703863,6.501096900445839,330.5521729239247,490.82150012055195,15.107288653945432,89.8009474059229,2.4521208064730575,1.0340119166542614,6.160904655741628,0.4303284738270712,0
5.7011546449116155,233.51504254978772,41411.60170700689,5.895464025261905,310.1605448625213,509.7678877470622,22.6868367426506,73.75188269289774,3.403136416178923,1.2988453550883845,6.666447447815259,0.2598627491472116,0
6.903074330528872,206.92250438388712,17947.988113640647,7.048017331283495,333.073545745888,601.9852229466272,11.775109713528764,58.17625506029297,4.473887010766568,0.09692566947112802,2.631963447719646,0.5985521073008533,1
7.811512445222393,258.8916011614203,20911.904666062124,6.361756274566996,289.1421748787793,421.1330347716793,9.631649747296876,71.70322700573531,4.546070210293161,0.8115124452223927,2.1186755116129743,0.6605052904718772,0
5.94951876406115,160.44263125887431,16898.808297192718,6.045906439607806,367.3285416831002,451.0127884183371,16.359951099329464,62.36823391884996,4.072197621614668,1.0504812359388502,4.017473757908836,0.36955526537608907,0
5.368988344377341,250.66091599510975,15973.686891197172,6.4162983065822825,277.15193765979086,334.81995443651584,15.684362016443458,44.04038216824285,3.737882779977894,1.6310116556226593,4.196053954501553,0.4090888676738384,0
4.8118324898032325,150.4512796011593,27547.807056356603,7.569543692616456,296.0021940743876,521.5615612656642,16.29583717445803,44.28855177225893,2.8609929488436383,2.1881675101967675,5.695865655725874,0.4645077848453908,0
8.19221015591042,172.29276252556969,13528.549382907817,7.354685119646224,377.45571236939514,455.0153107798511,7.242761420491149,66.62248509808484,3.4892830784252853,1.19221015591042,2.075715607472066,1.0154530402431017,0
6.742622398258796,209.21734414391312,15488.95674774774,7.452361819474242,351.0522422487651,408.8535621673053,13.921281660382531,70.20524060392015,4.964672640375529,0.2573776017412044,2.8040678338182814,0.535321493089306,1
7.036752103833548,219.30091421337028,14859.46642428366,5.598326765629258,344.4423936728914,425.213574807613,15.771834366058272,49.35200147780443,4.655916598688822,0.03675210383354788,3.387481421599872,0.35495721554874454,0
6.087306100000082,214.55608597404895,11628.336675478404,7.231926684912577,333.073545745888,344.0720281513272,13.232307887943024,98.6866204155442,3.666671803251088,0.9126938999999181,3.6088052024196107,0.5465355098762955,0
7.036752103833548,196.4320066745759,18128.90829119972,8.008076903196557,323.5521380288736,313.3618702572539,18.600727893564457,67.96437640800943,3.5020815041262328,0.03675210383354788,5.311333434220542,0.4305248976542644,0
6.073684981465111,140.92619551286808,11795.31357950977,9.12842211372743,400.3224341668411,413.0758196231533,14.934849528287714,48.01896619957522,5.249069810806525,0.926315018534889,2.845236817445974,0.6112161682795233,1
5.433466238973562,177.82830229271073,31421.73163322104,4.584133909828415,347.0973536720579,490.2846741272502,16.066439028217076,58.41669860568201,2.871196030589475,1.566533761026438,5.595728491304038,0.2853235627666999,1
7.397413298543417,122.54103985982503,8855.114121331366,6.888688939098406,267.1579598616741,489.85160040482555,13.365906195266293,66.62248509808484,3.149157510432673,0.3974132985434169,4.244278638559197,0.5153925460097556,0
6.499067997822331,173.7688739026883,23734.84621110288,9.009055719782308,330.1646815742019,593.5617555564522,13.986293646632872,63.69387601471134,4.355880124898533,0.5009320021776693,3.2108988389711097,0.6441345579653717,0
4.737391256802652,215.52951074368352,30684.211642415034,8.781904577996217,333.073545745888,313.51350201495296,11.070289045614745,62.9144208045654,3.8533880722545097,2.2626087431973483,2.8728708256645956,0.7932858616902254,0
7.036752103833548,228.75681900556123,32161.84009048273,6.961296581915847,314.1432699341008,309.60841118198556,19.218374043518736,54.26800806615648,5.53747584049303,0.03675210383354788,3.4706012498298096,0.36222087279244225,1
6.266378409594093,163.38540452824023,28141.21649721661,8.508750972457303,376.87055545344543,295.6751366348994,9.938444983605793,50.15973380568105,2.936610534549435,0.7336215904059067,3.3843240301549287,0.8561450136664346,1
8.08041524398239,166.89170013825074,18136.128858582844,6.867552960029958,333.073545745888,600.9372030330944,16.30779008749954,55.586141732364176,4.070824291566874,1.0804152439823902,4.0060157141311805,0.42112097973183893,0
8.264090516352203,216.5518870292925,23556.934353273347,5.83068529423083,333.5005378051933,450.8574914603334,8.667720302268037,39.80417883432763,3.4105107155681607,1.2640905163522032,2.5414720796008385,0.6726895213745676,1
5.96130157218858,182.10899501828223,23926.078824959288,6.1887903080650615,364.97549898448153,567.5261592301338,7.791637810541033,58.174825290484335,4.91958504678586,1.0386984278114202,1.583799477525469,0.7942860877601854,0
7.486780879606536,151.20259145339887,31130.21264249527,4.58407124473733,333.073545745888,351.5754113995182,18.938527900247777,53.13713188211783,2.7484287971608525,0.4867808796065356,6.8906718737409305,0.24205001713081079,0
7.436782609345539,208.09400400931233,28544.61628698039,6.500052537164006,339.0238981601926,522.7937299996901,17.115276027720824,65.3112772256807,3.72766371920747,0.43678260934553936,4.591420451397158,0.3797807377956062,0
7.884841993204571,229.24265983190097,21733.82804358163,7.903081469320279,315.1899837510024,368.77089370676015,11.635399275284044,49.80432225005693,4.631640754077167,0.8848419932045708,2.5121544137219964,0.6792272962115478,0
7.617033493510344,242.9894019480517,17681.272356996255,3.1462213405647073,298.4132377405312,549.9873176434662,10.065225241729024,76.51317021394024,4.299543395683084,0.6170334935103439,2.340998095480748,0.3125832708579279,1
7.414148196336244,235.04453448737107,32555.85253707369,6.8459520238449025,387.1753164773568,411.983364167012,10.2448150683598,44.48929725226032,3.160624468232638,0.4141481963362441,3.2413885072211697,0.668235718256379,0
7.042793877475889,194.04671884652177,16733.124102663063,7.701926488840809,350.243966042523,504.9254660509991,19.70342152772605,82.25345354623485,3.965647066605856,0.04279387747588892,4.968524991828117,0.39089282473656006,0
6.655605025818962,216.44117153408857,20571.84570844355,8.984236816261834,333.073545745888,336.83145481608153,17.745996131265372,71.70430486446324,2.9516447152886705,0.34439497418103837,6.012237864234941,0.5062683572980616,0
5.613562647017462,204.56936580429772,16615.908152421656,5.618949090806702,316.0998242171189,341.5236715512083,15.1739562558098,73.45016449811061,3.465088675725583,1.3864373529825382,4.379094821732832,0.37030215625889684,0
7.110845138033223,213.88633690096805,25043.53280335705,6.048437038051848,267.1579598616741,505.73553454097697,16.38314048027098,91.68102605172317,5.712792127184658,0.11084513803322338,2.867798660923123,0.3691866450238214,1
10.258615434291345,228.3227976007996,13124.105636341585,7.5166432155506255,319.3540394138715,376.2319179250843,8.033858640214078,48.529037926729586,4.178897908640168,3.258615434291345,1.9224821695503351,0.9356204305494104,0
8.277058197816894,242.55924577575604,12715.814279597913,5.1287325411688105,371.3027473027786,561.7611560542605,15.220021381154822,61.79901423925479,3.751324090887501,1.2770581978168938,4.057238712295665,0.33697273320170157,1
6.125810325429851,241.4435345856695,8810.895810076594,5.740321172931416,369.0227150459364,367.9679432358893,16.81650684754021,47.66172716945021,4.9530576907486665,0.8741896745701494,3.3951761724427207,0.3413503698255084,1
7.33347772602672,233.72135507753296,16066.552124395566,8.181988064844402,267.1579598616741,401.73930871328145,15.313977749206288,81.8420621564831,4.772662700779373,0.3334777260267199,3.208685696146059,0.5342823180597968,1
8.289224270217973,191.85880507632103,22526.27975320522,7.979154754697431,333.073545745888,292.86081668296544,18.003678678623942,72.57558072146392,4.291001305314759,1.2892242702179733,4.195681427699283,0.4431957742600369,0
9.609834364508853,227.36694921951323,22690.045870943104,5.38543992959052,314.31748108982003,394.7315635215286,16.98835630982785,75.33969427761166,4.308357589285532,2.6098343645088526,3.9431156803141305,0.3170076912895525,1
5.4293348423692915,183.43938250141753,15265.407564152069,5.714731299239791,394.0011950047867,446.87914866784786,17.58155747773162,50.26695118748365,3.0817359202705807,1.5706651576307085,5.7050805868879735,0.3250412246717452,1
8.679934969964185,242.22866728551904,22984.05095148243,7.518764659399904,333.073545745888,352.94258812349034,18.704409059274894,69.90790244915216,3.873470298448302,1.6799349699641848,4.82884927190962,0.4019781771022283,0
6.580043295312247,220.575466415346,27668.4857194752,6.198069013423888,333.073545745888,474.6276911318629,11.47022614854052,53.50804291517807,4.756446279122354,0.4199567046877526,2.4115112552360665,0.5403614883261082,0
7.036752103833548,205.23363448310545,21829.27314846263,6.677057058644299,331.67464974935143,338.5677576666739,15.566655050606188,56.6086789870826,2.5456313453594457,0.03675210383354788,6.115044491394597,0.42893329414728637,0
6.641500687280974,198.88440946619727,27867.486756939925,7.327729345294117,318.408397185988,573.723762288018,13.191719634585809,81.55111393074623,4.694311215541648,0.3584993127190259,2.810149608479694,0.5554794213942351,0
9.347344621102474,201.63283568822908,13749.59603662392,7.333742136171539,322.04466679436683,512.4463050206832,12.434716127111813,43.827118677426654,3.615151099257613,2.347344621102474,3.4396107786627663,0.5897795712764182,0
5.374222584708865,201.33144005132263,19410.233762899243,3.239580330769817,384.5628382049877,350.17803981469956,13.451088780656278,66.62248509808484,3.6427784384129183,1.625777415291135,3.692534507803369,0.24084147705478762,1
7.607223911235492,160.5652530477201,39184.8467196431,7.8264110490998995,312.0560664594202,503.1580785347783,13.366994490172884,62.02230789181907,3.5250271306094576,0.6072239112354918,3.7920249129648234,0.585502632573917,1
4.439095783352975,190.15344884856492,20864.340465449102,3.1462213405647073,333.073545745888,515.6312051072605,18.08100298181432,63.36308247611045,3.844230760680544,2.5609042166470246,4.703411268474989,0.17400700446331094,1
7.036752103833548,163.22446629720451,18570.285339002497,8.109345860796047,296.1902616244719,463.74171616547545,16.90014797748978,61.349831919856896,4.1357453288543224,0.03675210383354788,4.086359905485652,0.47983872045135945,1
10.258615434291345,256.2019802629078,43536.02087409114,4.047620470589589,333.073545745888,433.4760113496979,12.42739492239241,55.73299125192422,4.88051238141723,3.258615434291345,2.546329443478275,0.32570141772793687,0
8.631270000435086,164.37116910453548,14880.651798256704,7.278263165429877,350.951581415931,444.1081116537782,16.857458789281907,58.17786717623098,3.64094400316757,1.6312700004350855,4.629967982107986,0.4317532568019203,0
8.146185794091142,191.3824099844461,20506.698417601805,5.4769487141531865,333.073545745888,445.9312070234705,9.41690159756314,57.36364724949467,5.1779636245974725,1.1461857940911422,1.8186492725015857,0.5816083003312029,0
9.87179123237563,117.1251603715048,27912.90826267047,8.660268825453098,340.0462976098619,490.4518347329697,8.517762309220359,64.83124835210783,3.652263830808235,2.87179123237563,2.332186384012959,1.0167303916602708,0
5.188776875456335,178.99326880344694,22648.237552796974,6.318063039015589,326.4678979014824,404.56112927225183,18.84038348411468,89.91443807938477,3.769503907225608,1.8112231245436652,4.998105572962732,0.3353468207797288,1
7.369911642352921,155.64480514137412,19283.402051083736,5.43502468987419,399.9407843772094,391.32421549532114,18.148561789737418,63.69861685922977,3.821721167441023,0.3699116423529212,4.748791511940143,0.2994741100351796,0
5.603325960876688,207.89718718220348,36873.55798910287,7.631345800124248,400.3224341668411,511.4375201166876,13.515235725797368,85.3455848549943,3.9004213611254857,1.3966740391233117,3.4650697987223826,0.5646475866425504,1
6.917858355091138,200.7055053333032,27651.60909872825,6.529774495645817,321.6964552079039,453.63750973401943,11.283386641171717,91.94218052267152,5.544167317192912,0.08214164490886233,2.0351811120490386,0.5787069188174888,1
7.036752103833548,226.27082374398685,15380.12407914492,6.66147386631929,333.073545745888,392.5582048839587,14.083109642986358,50.286394726964225,4.516869764126983,0.03675210383354788,3.117890765180732,0.47301154092947667,1
7.036752103833548,202.88242945570312,17505.852735168726,7.104365818605476,310.53283662626154,429.2898954320752,17.958968013429,78.58753831483234,3.537040784668471,0.03675210383354788,5.0773977540421695,0.39558873414688306,1
6.844141767435719,184.39304269729791,41408.11482166175,6.459987321712143,333.073545745888,398.04680429896104,13.166415750097483,68.89062012258368,3.412853174713619,0.155858232564281,3.8578899290949957,0.4906412613488263,1
7.036752103833548,183.21990415570303,20311.40246629031,6.79089737329086,381.4590234839477,344.96706395847934,11.138459105731329,71.70459491893476,3.887361927071366,0.03675210383354788,2.865299514013409,0.6096800912180476,0
6.950786515485461,201.80549063698905,21709.647708957324,6.120771056260089,352.3037707030098,417.1844457622795,19.683492919789387,49.23680885668419,3.99797521508543,0.04921348451453866,4.9233641874902405,0.31095958274493074,0
6.203572848208437,139.12908302130592,6698.239095162861,3.876812714975288,333.073545745888,601.5261669886679,13.36816453958977,68.29868905392219,4.305549361837694,0.7964271517915629,3.104867767447034,0.29000334440010656,1
5.1743459983462,234.32856907423485,11746.607522157146,6.961265386435571,314.9868004507202,407.1023016775681,13.771679971240076,36.183535871813014,3.689144992138577,1.8256540016537999,3.7330265596934837,0.5054768115071099,0
6.096179889884819,174.87162930711008,16314.23337543478,8.063020678594038,333.073545745888,435.7837749934654,10.658878247311408,62.08358883537714,5.142471131650314,0.9038201101151806,2.0727148294512543,0.7564604581319233,0
7.036752103833548,181.3897158495122,18908.62825773127,7.215349522969699,325.9008185961469,356.16660206376963,14.782836732215344,93.4406678564913,4.0134770619805265,0.03675210383354788,3.6832982525187825,0.4880896113231173,0
7.169251038319984,162.47822634657382,39624.08717906605,5.4083539516291195,300.69512981801296,507.0270059985916,16.559228592883812,66.62248509808484,4.533174154664913,0.16925103831998367,3.6528984713602695,0.3266066166479939,1
6.7440642612684085,158.53483101484937,16304.52891880814,7.13391347576691,333.073545745888,514.7485244986723,9.333898337083554,38.54231046477511,3.53412596272367,0.2559357387315915,2.6410761230519384,0.7643015226684409,0
5.772769697849313,186.06060347906904,26693.761606845692,5.808579500930309,333.073364224501,312.8693643369379,12.376272275359668,32.76116091576364,4.154685423680439,1.2272303021506872,2.9788703678859396,0.46933187169475343,1
8.370440489338627,231.44255333831305,15063.814968339631,11.09608644703562,333.073545745888,422.2938192522455,15.027087583819991,67.50300434801802,3.210635410482233,1.3704404893386268,4.680407764254733,0.7384056056595707,1
4.265269639731993,199.49945148957448,25634.533284034696,5.91488443806432,267.1579598616741,300.5479287887852,12.19873249840566,55.94236582908737,4.9004460690541425,2.7347303602680073,2.489310123445572,0.484876929136732,0
5.895145558138062,192.04136914735773,14704.906246105586,7.905768670318106,305.8077373909683,429.7662232666163,15.018137686499756,44.887597536876235,5.075214287652746,1.1048544418619377,2.9591134238259174,0.5264146799646239,0
6.054607180419152,228.198026777358,10215.812416702389,5.983974183637757,306.7968615478785,441.49850043692663,17.229149428715516,65.34021270301885,4.889163359744538,0.9453928195808476,3.523945639989847,0.34731684585354683,0
6.405392481776244,183.867245042979,20526.30683510295,8.450272354606483,366.1766335901449,548.6377020787955,13.448796635489714,69.0541381402804,4.531920781408072,0.5946075182237562,2.9675703342150714,0.6283292070889117,1
8.651023362891474,188.71163652051757,13207.860965906144,6.834673314493745,335.24478343571593,399.6910675025163,10.689364774323622,43.95331343463439,3.644278971793858,1.6510233628914737,2.933189781536432,0.6393899749329343,1
6.8236420060869065,170.32817202926725,14053.220679296996,8.12063135094418,333.073545745888,544.0110745033851,13.542212836092176,77.22700303469509,3.3863626717905237,0.17635799391309348,3.999042674861851,0.5996531622696278,1
7.033945358536714,246.6228710490064,15428.450915708274,7.570768596359379,305.6164224886144,516.217847243303,17.52681934068454,91.60279375318576,3.931730862730215,0.03394535853671421,4.457786022191713,0.4319533406059715,1
7.60952119012474,223.2883935684083,40879.789572607275,7.030699301374778,310.63244990609746,370.2708799690314,14.375368304582024,73.75695721230473,3.145842902755236,0.6095211901247399,4.5696381476498535,0.48907956049058193,0
7.397650662541773,260.08338456831405,26730.635333884977,8.076995435790266,361.1131994106313,376.48217100413063,17.847827103880775,101.46682520254603,3.0784787878788222,0.39765066254177306,5.797610617472508,0.45254780518835397,1
6.565633547125035,159.7293626987247,19044.68007121265,6.693213781270785,283.51467184857086,393.62517253953155,18.207136967175416,67.05411869738255,2.7709484970749205,0.4343664528749649,6.5707213308634085,0.36761482190872546,0
10.258615434291345,198.37801183496515,12958.74845688364,7.135496643869766,322.6232486591874,522.0278703100935,16.72219460413686,71.77601755015179,3.72245485080585,3.258615434291345,4.492247933717409,0.42670811972230094,0
6.071183421975166,138.22398341526616,14852.53068032341,8.09354088776789,333.073545745888,389.3028091908815,17.02353148629038,100.44093991534476,5.036334153688545,0.9288165780248336,3.3801426963855996,0.4754325163878818,0
7.036752103833548,226.5483539155369,13584.49033849808,4.1906962110019705,374.15762079529134,335.37821151987544,9.147436118854102,82.86492862981396,2.364558911796688,0.03675210383354788,3.868557558308392,0.4581279058332503,0
5.916930488243061,185.9250211478212,27977.673208238462,6.7746097430471695,329.6193364555097,428.8327463475267,20.638075559832032,70.7954955109489,3.157559520446912,1.083069511756939,6.536082341475114,0.3282578065551234,1
7.226592711428238,207.83222909914724,22097.41322267961,5.8627172735769895,354.7083820209171,353.6540460556215,10.40105630962296,66.864140327047,4.337116898531741,0.22659271142823822,2.398149313198072,0.5636655100585648,1
4.745764371481156,186.3031370656567,33153.81297558052,8.840473500525777,370.1678510128087,296.96410172607307,14.784313577379407,48.45137453619465,3.6991462587291006,2.2542356285188436,3.9966815439671866,0.5979630272513313,0
7.036752103833548,220.8360348292076,27319.569029946357,4.507101600118199,329.99718827271676,463.9651678344625,13.986735330572117,66.62248509808484,5.666547310958305,0.03675210383354788,2.4682989649137452,0.3222411214163383,0
6.867521704142662,182.67216893349493,20247.201029333817,6.867072504706312,330.80565165072494,420.3334571223487,17.95282208677844,60.068799535740766,4.837268003830061,0.1324782958573376,3.7113549138085404,0.3825065546244727,0
7.83336100102891,249.3400530553223,13394.731607479194,8.341669769803286,393.1378719260449,443.6291232113895,10.98334419100712,76.64573393234751,4.27097313834306,0.8333610010289103,2.571625075507516,0.7594835293561775,1
6.2570857911396685,180.4062106095163,13826.257913969886,7.075130627265931,346.6274674316441,422.6003746669102,11.838105675716236,77.83821185008256,3.9947136966926338,0.7429142088603315,2.9634420915009083,0.5976572792488262,0
7.119824384264552,156.70499334039215,18730.813653342713,3.60603609050572,282.3440504739606,347.71502726194376,15.9295359088257,79.5007783369744,3.445756223321899,0.11982438426455211,4.622942034630273,0.2263741947518769,0
6.168838539281275,238.30104775006848,24827.516640873157,7.7200109589287775,269.49017326233366,482.6733272625631,22.091990222757488,79.16928110264583,4.435760073378445,0.8311614607187252,4.980428354300739,0.3494483987924189,0
6.124672270969831,179.57975245979594,27951.613070026902,8.075626885846768,303.6469276155788,467.1718220182185,13.835116679864484,69.01748768088481,3.631006709381833,0.8753277290301691,3.8102691558922266,0.5837049653433718,0
7.889079734906216,208.4023672254965,24974.692773772986,7.296281894131476,333.073545745888,453.1669866413551,12.5296795900677,60.43501603557154,4.034040700765162,0.8890797349062156,3.1059866306516155,0.5823198637573612,0
4.642953052237968,276.39283372089034,16115.929863948231,7.707342332983643,333.073545745888,439.9444080994625,18.44079002531879,60.14584225957783,3.982867293106576,2.357046947762032,4.630027575161231,0.41795074421708023,1
9.671796765490882,130.60836326298843,30220.612486408867,9.30914183245864,370.2948672726229,411.8813745180707,18.024005185338467,76.1597177250839,3.895103865877136,2.671796765490882,4.62734786506952,0.5164857211395717,0
7.036752103833548,169.9748489570146,23403.63730437139,8.519729851090208,333.073545745888,475.5735624274493,12.924106818027212,50.86191298403442,2.7473129992921272,0.03675210383354788,4.704269996570191,0.6592122234701918,1
7.288736661267014,233.97780970903895,31617.07541496605,8.533888277656953,331.8381671295742,490.0470946153679,12.225341786167746,31.802024220675303,3.5313846614470856,0.2887366612670137,3.461910694046955,0.6980489976373132,1
6.772156537729458,196.90009840651135,13790.296201812738,9.57505287265186,333.073545745888,347.58837474387843,17.705727306416122,68.37981451778118,3.82725596122325,0.22784346227054186,4.626218590966283,0.540788422082705,1
7.036752103833548,184.7860379024852,18113.0173023734,8.319079887725366,381.5132119281767,530.2483872202363,19.385941008014527,70.95756540389422,3.0770348929711995,0.03675210383354788,6.300199829419401,0.4291295147940758,1
6.8388167067275365,196.19621328987583,11877.236648749766,9.624699426514695,365.3488403434551,363.8034764766291,14.924058068282193,41.12138241369346,4.776536254772465,0.1611832932724635,3.124451306931786,0.6449116411613433,0
7.036752103833548,189.81468195044715,19887.76982585297,8.115767880723318,400.3224341668411,547.0267663209369,12.958917018354782,70.93748132988566,4.893750991721558,0.03675210383354788,2.6480534853986346,0.6262689423012237,0
10.04967371845643,132.83283666326895,11557.032038390476,8.550572663151964,323.5080720095449,442.768049670696,13.376148628814008,92.17616983865368,5.133477823277881,3.0496737184564306,2.6056693889842393,0.6392402074161082,1
7.051785800016845,211.04940606054575,30980.600786788866,10.094796011661426,333.073545745888,315.1412672443021,20.39702184072246,56.65160378979331,4.268428857506186,0.05178580001684541,4.778577257127364,0.49491516926221524,0
7.664628096551665,150.6672096648113,33918.04082347813,8.74629542154002,400.3224341668411,436.3356220967888,15.21692954481125,66.62248509808484,3.4874068798248765,0.6646280965516649,4.363392545174665,0.5747739595566715,0
6.907379614971787,210.2792102358162,40290.22163641817,6.874702423784096,294.0151976953636,340.7049784474409,18.25347218684368,84.02211890886437,1.8487974931046152,0.09262038502821301,9.873153972660015,0.3766243472359598,0
6.660461917426393,229.3393324433285,9632.730976373949,11.09608644703562,326.1570433481099,439.1213011349973,21.15799139785412,40.09669634637755,3.673135983203847,0.33953808257360674,5.760196664214611,0.5244394760327546,0
6.7370040722130575,220.10010235916033,24694.744205217467,8.37365987599885,333.073545745888,384.3086730249027,6.7480919380226965,26.619225158022296,4.063170288841773,0.2629959277869425,1.6607943545363733,1.240892790438134,1
4.713116701054447,209.3420508856412,20070.56779192111,6.591108949152465,301.9655414236933,354.17018130813824,14.023834466992582,89.65078816454175,3.923356035619532,2.286883298945553,3.5744476833671848,0.4699933170683392,0
5.8724398594676614,185.4039760393175,14343.423206831076,9.690213096119871,333.56458741789834,409.1135117518084,14.741239563464433,64.18372511140791,3.741067232809489,1.1275601405323386,3.9403824378776355,0.6573539760375848,0
5.626339528125955,230.85798277086917,14442.41887543212,5.210368684159841,333.073545745888,346.553206388495,11.368702444786322,43.19518162723674,1.94331877663582,1.3736604718740448,5.850144984613528,0.45830808319213495,1
6.901863448736066,164.72348623241737,20442.61501430499,5.163931372998991,341.53708898075774,468.4163498271398,10.362622626299128,65.69487776478398,4.047907292461217,0.09813655126393428,2.55999441627627,0.4983227760866984,0
9.406325752898285,216.76215866041707,27948.58944543105,6.156110794077742,355.47303468825606,347.9830782769112,16.340715053314568,32.108292482849905,3.097277957477165,2.406325752898285,5.275829293278967,0.37673445729014,0
7.036752103833548,227.0826935890821,44831.86987314955,8.075967471855613,279.7580696354296,472.2459375237826,17.01380109372684,72.60633190698321,3.14478972588668,0.03675210383354788,5.410153672127027,0.4746715300534325,0
3.889106956840228,142.27208424350587,23257.20883365817,8.279275414450787,293.16079970939967,391.8413032158793,8.923593870388572,68.316612123375,3.4656378359366347,3.110893043159772,2.574877040808799,0.9277959762521437,0
3.90656751428705,152.81884608210035,17857.716894287623,7.363060149133315,324.3828430618761,342.408790968701,7.637198276826609,75.20134628943072,3.204795725910893,3.09343248571295,2.3830523212532,0.9641047565008407,0
9.26439090863462,160.4286939702,19607.754919172457,3.988748935660376,400.3224341668411,427.7938337302106,14.992989779791571,95.8048003722675,3.175520773635625,2.2643909086346206,4.721425595084564,0.2660409116663131,0
5.34534537107888,238.51022998356785,10315.353973322302,7.822600687352608,281.77170706015625,496.35087527790273,12.624613199723512,87.34283315176273,2.3628860224049033,1.6546546289211204,5.342876354229755,0.6196308705832713,0
7.036752103833548,238.4095980755224,26493.07620652817,8.669944102585777,311.55367904139865,369.2838638747586,11.75993045445574,91.2392992027705,3.2412671866611316,0.03675210383354788,3.62818803542751,0.7372444419564035,0
6.9549072165208425,159.7663994260648,21895.285700634133,4.493900097817161,337.26717749262025,482.5982701668688,10.6634916314066,78.76359170252715,3.169714975942725,0.04509278347915746,3.36417890824906,0.42142853689245524,0
4.775983438506525,196.27396370686995,19185.79187714887,4.942929900651313,329.1439120958413,459.0835567812651,13.37094975238972,84.58424963544294,4.382161618971923,2.2240165614934746,3.0512217174465817,0.3696767710978136,0
8.16776766297284,144.9029317530772,36185.67853808146,4.545520136658822,297.960229910378,605.4588933746072,20.222074873529778,66.62248509808484,3.4106855396131177,1.1677676629728406,5.929033535818163,0.2247800950350899,1
5.7637728070588325,183.07362857774297,22025.69660620265,8.952895934078386,333.073545745888,376.5813885225825,10.54739835050492,63.29975681311175,3.253200106695462,1.2362271929411675,3.2421599540210293,0.8488249696973689,1
7.274198050602535,156.11082919985324,16255.901371056703,7.654550197659413,381.1804664929224,591.80147197882,12.31249282127692,59.68051841776585,3.1527627940382823,0.27419805060253477,3.9053013881215026,0.6216896681346368,1
9.418296121790158,173.6402158219489,8777.686783625666,8.456177900240938,358.29206415435345,596.8258366273537,16.78521506775212,105.27245577681984,4.604633153598903,2.418296121790158,3.6452874447437007,0.503787253384662,0
6.242414484103846,191.90872954929208,28149.41179162288,7.130436799595529,319.3067850802741,448.2425267423017,19.370090874546293,60.93948098211983,4.5087050978944845,0.757585515896154,4.296152921476055,0.36811579654743093,0
7.70810998872957,188.9978500866441,15456.220085905528,5.047915868669222,322.75459928037634,523.0526625927213,16.09019348605176,57.28576319116484,4.896625907872932,0.7081099887295697,3.285974975994496,0.31372621835274583,1
7.036752103833548,193.50341477990372,42268.33429600594,9.005942788081622,267.1579598616741,384.68487540523466,9.08527855506486,75.43963292505106,3.6017354805033044,0.03675210383354788,2.522471758898721,0.9912675480702178,1
7.036752103833548,191.66518320342715,18964.09225556579,8.14835846973079,318.99240588522815,354.10182991675475,15.072450177670817,84.1156733811639,4.600663396060018,0.03675210383354788,3.2761464171520043,0.5406126962150808,1
7.036752103833548,191.3482590490084,14017.372065676183,6.490700311377002,345.5604811564392,423.9783891770644,11.86324832037826,65.79168659116394,4.167336456868864,0.03675210383354788,2.846721304228559,0.5471266881517455,0
7.309596473979961,193.4725961371903,19343.149511401392,7.664060566570742,306.68545533280894,426.5619276201299,12.84436554595942,106.69503986064285,4.048202462876381,0.30959647397996104,3.172855728163692,0.5966865348436902,0
8.312379503092345,203.7445475058509,8727.247349356963,7.4563022582930865,333.073545745888,543.392988344829,15.47040046786907,81.50868191992566,2.988093010442307,1.3123795030923446,5.177347303600763,0.48197212423861785,0
7.818274839301502,179.21821727387433,27558.5425325701,7.504452893461385,315.4474916325816,359.0991899954832,12.61866665635904,52.377477319332925,3.3292431658507295,0.8182748393015018,3.7902496866385773,0.5947104003234128,0
6.09815652147278,189.995845993418,27776.901051693392,6.4430978778694525,347.9304004157372,245.85963197125264,14.63688225637759,73.42463245501654,3.9773623643299727,0.90184347852722,3.680046532244187,0.440196028417598,0
7.036752103833548,119.88581029792708,22331.237876497587,8.051538021964916,351.16142711715133,472.0640909647271,16.64281537247524,62.64709100380799,4.659394533911933,0.03675210383354788,3.5718829301667534,0.4837845855994043,0
7.046548537016283,128.48251739864054,30569.8105511719,4.449122632711616,281.7247144955857,348.26459071234075,15.142005565420334,58.15730431450026,2.869226101819664,0.04654853701628259,5.277381339322102,0.29382648947412543,1
3.889106956840228,183.34943078375215,14841.24199556939,9.534969961286142,333.073545745888,293.91759908716335,12.94229093098062,106.69503986064285,3.7802587309291775,3.110893043159772,3.423651244143333,0.7367296312071127,0
6.555439264384325,195.1579764546396,15405.49648051099,3.1462213405647073,333.073545745888,436.2780756249885,10.855263219853043,66.62248509808484,3.7920401696633417,0.4445607356156751,2.8626438200872104,0.28983369514033813,0
7.036752103833548,212.4800362196764,23572.157802019516,4.976788270790193,300.72699494168444,449.95108280302503,7.090387208534082,66.02679551194069,3.0938144500611764,0.03675210383354788,2.291793845813873,0.7019063166104313,1
8.725393412154087,213.6103718183284,18862.67305435684,8.670126667077591,324.02710551049836,396.22901020212464,20.05573720722566,96.5914599123888,4.5655421540494405,1.7253934121540873,4.392848020599057,0.4323015476914196,0
7.679090583265879,204.8599935748639,21530.316230563425,8.185399540034222,333.073545745888,445.37094397090425,16.31014592596989,78.01988843085404,3.186823454952539,0.6790905832658787,5.1179932112742605,0.5018593380664762,0
7.036752103833548,197.57073625851984,17439.444060922862,6.226491277850969,333.073545745888,406.0147938783555,16.690265724955225,68.96901781677818,3.4583200005897763,0.03675210383354788,4.826118142910648,0.37306122067786623,0
9.149126710275947,162.6832745067215,21463.05918843012,9.820674940153468,333.073545745888,501.5669017618129,15.667044235864635,83.69155052502879,4.8056412110796805,2.1491267102759473,3.2601353883032274,0.6268364450542473,0
5.701100970110508,170.49631109661308,17121.505917055238,9.536011425597028,374.7758755692835,378.87385464972425,10.972150061025957,63.293296281629715,5.9567534977880054,1.2988990298894922,1.8419678140336957,0.8691104754718314,0
7.036752103833548,180.6805980896203,8692.538151660434,8.671792922162801,396.5287539986979,534.3390860240023,10.29978689572232,87.65201500154626,3.9136018398050982,0.03675210383354788,2.6317915530323104,0.8419389806817621,0
6.914868152466825,206.24993699261313,10343.378848293443,7.771205679437534,324.38317019159336,521.320673044623,16.173730170324177,68.24694466378305,2.9886114436022857,0.08513184753317482,5.41178572850663,0.4804831734619323,0
8.52966934763357,157.7004810745708,18203.730028658225,8.926826327180082,309.54197739161157,498.6508327129349,12.287824431743331,52.02874104822046,3.7760408374335346,1.52966934763357,3.254154736827547,0.7264773068894088,1
8.310938776156911,245.7196095092649,7929.504748550626,8.832389880833562,373.46354411156966,348.61854331491566,14.105871577811,84.74056756548339,4.408559683629245,1.3109387761569113,3.199654624284012,0.6261498416430615,0
7.753936117609168,220.09827877045177,17169.584382234276,7.98403919630692,344.1218987043604,385.0450025893611,16.848511672256222,47.0033216991352,4.833026694103558,0.7539361176091681,3.4861194138845764,0.47387204743917366,1
5.218989651481935,164.79099156176568,27007.8869057916,6.592516958774432,333.073545745888,422.2238018334672,14.070878980982856,73.92031967832119,4.383942553936008,1.7810103485180653,3.209639633327324,0.4685220091198548,0
5.504452320660907,164.5009841094295,11950.235031074297,6.80095766880417,302.1904944537348,537.5396091372029,14.393869036597096,69.93982215954854,4.657360934464802,1.4955476793390927,3.0905626917421776,0.4724898621088292,0
8.332953484844603,236.53240416246217,18881.795177645276,4.2756930471398,333.073545745888,384.7291623763276,15.121055225824932,55.50773876389136,3.40829958802318,1.3329534848446034,4.436538044490721,0.28276417885659566,0
7.233538435483265,231.56083223939436,16621.494788968663,6.0730409069883,333.073545745888,475.8216448594685,8.688714873315973,35.83396852956144,3.679015067771328,0.2335384354832648,2.3616952775581157,0.6989572447223524,0
7.036752103833548,240.61151665094417,20006.22910887966,4.907299307429319,379.75859394933474,327.3055580292028,13.2858383815082,83.18441418933719,3.453125500424731,0.03675210383354788,3.847480936442396,0.3693631366836716,1
7.036752103833548,134.31115980652015,8076.822282595229,5.322111986280421,333.073545745888,599.6145352913743,9.253350628665032,100.33566495591938,3.3739365078527763,0.03675210383354788,2.7425969233656615,0.5751550573084874,1
7.774645242924598,194.73385836416105,13829.939069948674,5.603120373679527,333.073545745888,321.90568103150537,18.870938839942426,66.62248509808484,3.9118167662242658,0.7746452429245982,4.824084343314613,0.2969179289003881,0
7.036752103833548,183.48883884863795,12675.938962030115,9.777807381254815,319.8705844996722,482.44502561272526,13.309722696880272,46.85340961872429,3.240419096520532,0.03675210383354788,4.107406540026048,0.73463639095278,0
7.036752103833548,215.49160601037417,18489.65250509375,3.758833181507526,294.60303753204903,370.27462103283153,6.530428639650097,68.10002373951824,4.58215729826292,0.03675210383354788,1.4251861709198828,0.5755874251650196,1
7.582941676733986,185.0459927680697,23072.780698281265,5.892272673694608,297.5057723704099,518.0485235245408,12.038457154669516,80.31255776009792,4.164028619351949,0.5829416767339861,2.8910594436509,0.48945409769182896,1
6.09309191422186,208.90802190878557,21456.604421755143,9.60068342275516,267.1579598616741,459.0155542019981,19.29676488223538,31.00723533740552,4.523557774146086,0.9069080857781397,4.265837108721559,0.4975281081475709,0
6.433722352782365,177.2525105355911,20321.229404327143,6.3789179770739155,373.0517721049259,375.028222460977,11.68464797296872,61.6298226203521,3.641489972443004,0.5662776472176354,3.2087537938147688,0.5459229448681695,1
8.969697389596341,195.74476483084467,9049.682594601836,7.46706801791988,396.45356835928294,378.52851122469855,17.75769652262335,106.69503986064285,3.983098817989866,1.969697389596341,4.458260484063151,0.4204975340078193,0
9.75657762790083,244.4613420526374,17940.099080400287,7.149052944175392,333.073545745888,337.7135685501509,23.295426859188986,73.23346576083395,3.74900925781602,2.75657762790083,6.213753832927547,0.3068865267205391,0
6.6695323796655455,190.751164895691,16246.173191143023,6.372975147661259,324.34189329335214,383.2458249968398,7.852085540481937,86.44056051532446,1.9648630966312208,0.33046762033445454,3.9962486738621856,0.8116282359860625,0
9.540252240007296,224.0545823004423,31683.86459332765,11.09608644703562,315.35908503766194,493.83637899978135,19.093599143799903,81.39372182255684,3.3295038991199046,2.5402522400072964,5.734666180802724,0.5811416581193439,1
6.9678613966386695,183.93347620579485,13401.044394115284,6.4576865551836065,371.78836357866857,433.23942858663617,14.584231395682366,66.0291561168986,4.893215273397656,0.03213860336133045,2.9805000598421643,0.44278549463428685,1
9.380658050788323,265.06121614938957,15156.78983399899,4.271544671064371,333.3344692970964,503.1706154265755,11.286410043484238,99.01600307034776,4.034349047158281,2.3806580507883233,2.7975782744569155,0.37846793410296514,0
7.036752103833548,183.5211070261417,20461.252710219946,7.333212177578906,333.11947587324437,356.3690224100897,20.179028868493845,67.01990322225635,4.886633785371213,0.03675210383354788,4.1294325757477175,0.36340756841975247,0
9.868877880662472,214.16623531463387,15326.855914122048,3.351597819645086,297.0841735120907,424.2928308059576,19.188441382876533,70.07051409613914,3.355489790912581,2.868877880662472,5.7185200552012,0.17466752917037182,0
5.574116594512444,193.15807637478707,17546.40325559531,9.219973244815074,366.1974184826738,538.5325177764771,13.951331611702926,67.1420326135497,5.152527697942889,1.4258834054875562,2.7076669397829645,0.6608668506032892,0
7.274756854860161,195.11802979495917,21496.745136029276,6.571089751859015,360.697815086255,418.3735820992234,11.38254345750579,81.23560796586705,4.271580716118446,0.2747568548601613,2.664713966387379,0.5772953293870913,0
6.538084087098238,197.42819880817515,15979.060270378986,7.42494459051666,273.7192819103171,452.1872325904003,18.584959371226716,77.73081437484429,5.143750121633965,0.4619159129017616,3.6131140352146383,0.3995136089723375,0
5.897391120843136,172.03438531654584,30575.357138474,8.649614737162615,393.554892238793,426.5058342925407,16.311658241895543,74.54398066731065,2.961602417916417,1.1026088791568638,5.507711850687732,0.5302719121882209,0
4.103867855230838,168.28365132507074,22207.470232223448,5.850079945096555,333.073545745888,344.86950640572655,15.466455102163366,34.719623004715714,3.8088506940726377,2.8961321447691617,4.060660887960635,0.37824307691781295,0
5.47098182179818,191.8130460025501,36435.79351381371,7.369649468415712,323.1200361720617,383.8710546413385,15.881381663068964,52.765049009659535,3.84401987082408,1.5290181782018202,4.131450425674801,0.4640433156713309,0
8.22680803429499,191.2786805505674,16472.192309271515,6.8639270579151646,333.073545745888,354.9262268283152,15.183645523829796,63.41678671446479,2.1887018433563847,1.22680803429499,6.937280485525213,0.4520605143924192,1
8.315267620031083,229.75744606378947,15077.850342877471,7.053503328651694,333.073545745888,446.9549100852281,12.195093858269388,77.52343001886976,4.1285253608325965,1.3152676200310829,2.953861206740609,0.5783885579101319,1
9.058628424072683,155.35755713289635,15737.46893784722,7.251978855273583,343.2339769805977,463.3892559930158,17.85447001822547,83.17518933638533,3.652134470079709,2.0586284240726833,4.888775393054023,0.4061715884985287,1
4.029052709937867,203.38685650310157,42327.16801603931,8.550483092447966,279.67525562479693,503.7324283021422,13.758835833706884,46.3840637682621,4.179656266918069,2.970947290062133,3.2918574311362527,0.6214539205451358,0
7.036752103833548,165.73795349571807,22900.118250642405,5.735689156908452,379.3749332159944,473.8049105142925,13.082871746601768,63.03516288847686,4.069165566663121,0.03675210383354788,3.215123178732456,0.43841205735172184,0
7.455541163214249,225.31415091536135,16242.0602812753,8.204102140049303,350.108093451594,331.67382444251,13.114965415811469,60.16214812631485,2.9303645961216582,0.4555411632142494,4.475538967959881,0.6255526609781018,0
6.592442507785291,242.4804726770679,9381.239930798449,7.303183678175727,312.8143949567998,440.60113456028665,14.02729679512936,70.92987947008055,3.0608273538358923,0.4075574922147087,4.582843326562258,0.5206408094302797,0
6.728004385653386,201.12689562562372,22888.788064695444,7.663987986322337,319.46349086183164,325.5375394237454,16.788306066307086,58.96122018291547,4.410697353226663,0.271995614346614,3.806269375466481,0.4565074939392432,0
5.692124156757815,165.90628041516382,22396.209253823825,6.6826915019357935,309.1216019501163,530.072519956057,11.47201557102909,66.62248509808484,4.682390726356548,1.3078758432421846,2.450033282447231,0.5825210816738149,0
6.791992649110415,210.40796654138103,30471.92909753608,6.6144379698152695,326.5858460314715,493.1794165608168,19.9855551748646,61.12014348829919,2.914057480221306,0.20800735088958522,6.858323300823672,0.3309609155703209,1
8.524296362923824,141.81024255508072,12658.17716099802,11.09608644703562,347.26809222079953,387.08588727087727,12.789957590815106,69.57709863104351,4.343059523555191,1.524296362923824,2.9449181104999567,0.8675623433999301,0
7.036752103833548,220.89270497366263,7460.247260338701,4.987537147081148,333.073545745888,320.3547808944436,13.11436462525984,40.61290900390388,4.266869045131157,0.03675210383354788,3.0735327034917286,0.3803109726843785,0
8.4795927987054,200.7656790297213,14901.80814391939,7.379506080364964,333.073545745888,485.0931670137117,16.806346943813253,53.13417014300742,4.221265968887627,1.4795927987054007,3.9813513496498896,0.43909040233107305,0
4.296247023728075,276.39283372089034,19672.48721317725,4.955218159094366,400.3224341668411,330.06737897028455,11.293186608906352,70.66553966423821,4.16332898150423,2.7037529762719252,2.712536997806278,0.43877940672715315,1
7.457164758414312,263.03670448344104,31085.08343340377,3.1462213405647073,333.073545745888,584.604353693162,11.809444002627572,45.50136205249078,4.106543051529011,0.45716475841431237,2.87576216264635,0.26641568167383656,0
8.534406879569957,248.5774824415473,22372.303266771247,3.1462213405647073,366.1462493572561,341.76019789426,14.69290181303245,78.7089366195172,2.5447337011519235,1.534406879569957,5.773844246467587,0.21413204596807395,0
5.716755666530133,197.1042098290997,12641.527808865552,8.702061413699436,287.01256445172953,345.08393643177794,17.27396599830405,58.41151474383049,4.0806749961624265,1.2832443334698667,4.2331138307841485,0.5037673983372667,0
6.947028539657349,168.87953922942603,17540.030217458585,6.4094762736430955,387.29990710288104,372.02281697437945,15.19819135981379,74.0073725974143,2.60018773266633,0.05297146034265143,5.845033927298424,0.4217262238758521,0
6.707108205835426,211.08650294582856,10794.783898287207,7.9671884272551745,373.5718777961506,406.1985550358406,18.78167887832683,66.62248509808484,2.6402464129852556,0.2928917941645741,7.11360563633349,0.4241999905689444,1
6.353436843717337,218.54936272771417,18664.84429697529,6.690393745252398,312.39301924216994,503.414897004023,15.422459239950284,94.38693228247772,3.861109202341755,0.6465631562826628,3.9943069303219048,0.43380846124158756,1
6.3927604591581995,216.6755430239586,19323.677250204684,5.9064054859095405,283.20551707712696,358.17449357422,14.982646221169546,41.58660591244366,4.421528142053679,0.6072395408418005,3.3885666564238712,0.3942164157455538,0
7.036752103833548,259.1449276933153,2808.0257556794477,10.087062401210986,392.8331603845455,354.4052784934516,13.89895041982237,63.857673746213685,4.081328787472204,0.03675210383354788,3.405495547673144,0.7257426906914033,1
8.1403444634267,153.74817023416347,44831.86987314955,7.843497716454735,306.21895013230574,423.4559056800464,14.322018870397528,65.07660990046965,4.362792108070999,1.1403444634267004,3.2827637056413117,0.5476530396851786,1
6.021051322822076,178.2236825844903,18966.36304658116,10.213574601446007,333.073545745888,400.56633007782665,12.841828287281714,60.87015055400795,4.661057552180376,0.9789486771779243,2.7551312955024976,0.7953364254391174,0
7.221689439703995,203.06902862030773,13703.22037683134,7.823612288977235,352.1245674695835,412.32048977970464,16.125741249657324,80.05887717164558,3.160818481426782,0.22168943970399457,5.101759636832606,0.48516292570306263,1
6.916825973221457,210.86043856058933,29263.554068981717,6.011610979169929,267.1579598616741,392.3635857582856,12.892210110530016,77.0797800059377,4.598622246118412,0.08317402677854258,2.8034934415234,0.4662979009287092,1
10.258615434291345,236.72504872652965,14036.163655600054,9.002884993024143,333.073545745888,564.9028128454197,17.405817715350736,66.62248509808484,3.133838701697068,3.258615434291345,5.55415061782674,0.5172342157674098,0
8.692115322047213,144.2363578280657,2552.962803650125,9.202633941435824,347.9751368047353,517.4274708823453,13.96342114247642,42.388661324476296,2.283475159435164,1.6921153220472132,6.1149844217906715,0.6590529060524222,0
6.35311030182946,206.2698099355494,18409.037315470432,3.723776180465787,348.20986313265814,389.68323436473815,13.20542544756654,60.29134211114647,2.856175486931272,0.6468896981705399,4.623462698467449,0.28198833223988723,0
8.75856005645011,174.72868612181793,25564.76756368057,8.070254636949876,333.073545745888,371.9151708220489,14.94369928304934,47.185565754648394,4.444375641530267,1.7585600564501096,3.3623836340531197,0.5400439304918326,0
6.3356831419159105,164.07037156082885,26594.352076277777,7.381256051400532,338.429461935427,607.1025732139511,14.929149928370125,106.69503986064285,4.578861190294835,0.6643168580840895,3.2604497160917676,0.49441901195960203,1
7.036752103833548,240.13457185335577,38097.32979626167,5.400497252176246,333.073545745888,359.5763336209988,13.514886515832416,72.7710171921469,3.2124926934616096,0.03675210383354788,4.20697682406016,0.3995961672525704,0
8.817402774388958,175.7549712209079,23173.31952968372,6.730860948186203,367.1541839092352,552.0745439981175,7.733109270054627,91.44335575809907,3.8640984193819543,1.8174027743889578,2.0012707828546255,0.8703950562105014,0
7.036752103833548,168.40952478826227,26148.53787266999,9.030439938494691,400.3224341668411,445.3458752967511,10.67458248052418,51.87695476154837,3.893326831733837,0.03675210383354788,2.74176307310099,0.8459758598516528,1
6.966835167879632,158.04306530443398,12256.678286509748,7.105619057118607,371.51743510289,382.4438627183512,14.40808046999507,78.10073531721515,2.9574410713545625,0.03316483212036836,4.871804796973049,0.49316899490859406,0
7.036752103833548,214.97243510204896,36112.13463432474,7.094065865731884,333.073545745888,414.10156657400273,15.874563602062947,71.63181778169515,2.4325072099122913,0.03675210383354788,6.526006176413001,0.4468825472422714,0
7.29214180515922,174.48042698544876,33991.65156687047,9.511792391790864,267.1579598616741,435.1080173052642,16.293614068290026,81.69010445060522,4.466912564165001,0.29214180515922017,3.6476224207700305,0.583774217810161,1
6.64646992248928,251.83624820857125,5516.874952577377,11.09608644703562,333.073545745888,339.2087033421608,11.930433304821292,76.52427002988566,4.387601741834642,0.35353007751071974,2.7191234044658916,0.9300655922099587,1
5.842359064086903,217.32479950557504,29644.81360596982,4.17910796288259,328.50392114461044,310.77117786861015,14.33539517144851,62.654955961615514,3.86529596711091,1.157640935913097,3.7087435437498617,0.2915237160453247,1
8.149437297610588,220.20373454322575,23978.10768273247,7.384126121281199,360.41400496961666,461.80454812006025,13.364676879325884,103.38020997579588,4.949257360747264,1.1494372976105875,2.7003393044342943,0.5525105945653854,1
4.951413520154646,153.21214977311226,20117.359061039177,8.985571802690806,391.0690453986924,418.3301951097606,11.83169083850197,68.38761309007789,3.870681284651756,2.048586479845354,3.056745547268926,0.7594494452137865,1
5.766204133561628,179.57265248274012,27700.121945252253,6.198937218819007,333.073545745888,536.2686726684562,12.828120735218874,90.00676549871449,4.472018169722266,1.2337958664383724,2.8685299074904376,0.4832303081284441,0
7.036752103833548,219.7257126431681,9840.78281985046,8.51365460907883,309.83873238358365,396.80565205746944,12.428763405196833,71.62549656666408,3.1834353228956065,0.03675210383354788,3.9041972712970154,0.6849960568501099,0
8.060609623630814,208.04271074179587,15489.325660001314,5.620298799083457,361.97042412905046,423.4208383688278,15.371549685455705,75.44558913152149,3.6009056695460324,1.060609623630814,4.268799804076455,0.36562991685681306,0
5.7310421388707296,223.70496558825224,1351.9069790965912,6.496722627942392,380.5140788236188,620.3046389138948,14.672927103066913,62.02362962212916,3.675807027324031,1.2689578611292704,3.9917555525196255,0.44276933563004767,1
7.036752103833548,117.1251603715048,28415.57583214058,10.55894999846796,296.843207792478,505.24026927891407,12.882614472289331,85.32995534051292,4.119087300328971,0.03675210383354788,3.127540254784162,0.8196278171292464,1
9.161088612884836,119.841904634348,26618.059636775655,6.105573328902787,343.2892340426031,379.7251815981085,10.899926412079594,54.58073576270175,4.888061137333914,2.1610886128848357,2.2299074982759364,0.5601480723749065,1
6.056817844582385,211.7658864715774,4440.277357352502,9.507303261832131,333.073545745888,316.9217755347997,17.76639712322566,53.5411906294422,3.3580608070454523,0.943182155417615,5.290670078183342,0.5351283471129369,0
7.578014307935787,204.73048254069977,19944.57311160331,6.192652936198879,333.073545745888,517.4830565730041,13.975825718961858,54.63770469436776,3.5038185114325295,0.5780143079357867,3.9887401943394822,0.4430974324972797,0
7.868147086463669,199.0359730490921,20434.105735193974,6.210993673823739,337.9160907650076,549.4149828010675,16.50157842370851,66.62248509808484,4.315898406460025,0.8681470864636687,3.823439072516147,0.3763878301794642,0
7.036752103833548,237.08394825431665,35434.28006200042,7.617648684118439,381.3375271741137,365.0325033529768,13.45387219547672,33.439867711155,3.825936697459348,0.03675210383354788,3.5164901415961105,0.5662048819279449,1
9.537878628968349,200.5575073663755,20044.206252319666,7.078689514914572,303.91934120728524,335.5548031990471,16.636174009005742,71.30902217479439,3.0245566409360234,2.5378786289683486,5.5003659985984825,0.4254998225903869,0
6.223677774999095,238.08421065543837,22423.495207292573,9.336773799527514,333.073545745888,474.66533168597664,14.027765944351984,80.77427549141677,3.919575057474987,0.7763222250009054,3.5788987734017206,0.665592309636053,0
8.373170925244922,179.52140640052664,22022.626216658857,5.215042349699976,339.4922222008321,396.6966973925066,13.69708743901839,106.69503986064285,2.786329667144387,1.3731709252449225,4.915815484691217,0.3807409416182258,0
5.711212506317297,145.82586873102096,21157.179728977742,7.954721153303788,385.2060973762994,441.0865632549943,16.682024549834864,70.4708890707142,3.9533349669675464,1.2887874936827028,4.219733584300201,0.4768438418668248,1
7.036752103833548,200.9699224107824,12700.488038605892,7.713783211663833,395.0903643033471,464.0249169876139,15.089339139885285,63.624565301633346,3.756100422662207,0.03675210383354788,4.017287458971338,0.51120745772535,1
7.1846977625084145,189.7583964307932,13317.468112041415,7.832320390412843,378.67545609846854,541.3060966740787,12.492178514273805,41.69618315433919,3.904063423060472,0.18469776250841452,3.1997880056704964,0.6269778929660339,1
6.232010556459672,208.66817151495923,12149.69673030878,8.56003932416824,333.073545745888,325.3447060796601,13.246995476140512,33.38035358893525,1.8487974931046152,0.767989443540328,7.165191623396096,0.6461871820971596,1
7.615556979306126,204.8699744563404,8403.284552226864,6.012315537887127,400.3224341668411,311.17895469026456,12.742328733030092,67.28232845720794,4.2431337337783965,0.6155569793061257,3.003045986636251,0.47183801265966885,0
5.143587480040672,180.3826185492308,32740.56466119368,7.988892566309927,328.43743041703715,389.24214752706166,13.94318281997812,66.62248509808484,3.0961644901713825,1.8564125199593278,4.503371303711004,0.5729604277943503,0
6.4570975247378914,192.26494470628745,18340.04680554661,8.832137591649273,335.9701137014056,517.432196800719,23.295426859188986,51.79709967852757,2.6373648851846876,0.5429024752621086,8.83283847343679,0.37913609679271876,0
7.036752103833548,186.17484065173625,18085.15884117502,4.9512770484847,298.3997239549346,347.98668637819156,15.715545904300312,75.59059872694924,3.068919236981341,0.03675210383354788,5.120871411033633,0.315055981101737,1
6.718249444896243,197.61749383374325,21043.626929110094,6.6306745098240025,337.03875195403407,641.5258451890836,15.554505724271166,63.684352242963065,4.488904316315408,0.28175055510375735,3.4650999805535316,0.4262863893637678,1
6.777506359435946,207.0507482906684,15228.912908891563,6.182409481989718,321.39940357304243,523.2417319701859,12.68372439366675,86.16597060753259,4.263180267696578,0.2224936405640543,2.975178299307888,0.4874285188385366,1
7.036752103833548,183.4648531176378,19998.85901868015,7.151888696454071,337.53953263765624,294.84680153384915,10.088668007024978,66.29916222466287,4.183319910746318,0.03675210383354788,2.411640948010638,0.7089030962829728,0
6.043212070647804,151.14832194256886,24207.081673345863,8.414071858453845,333.073545745888,410.9092889320161,10.085050117572392,106.69503986064285,4.196726496344011,0.9567879293521964,2.4030748068246046,0.8343112752094038,0
6.417702476103476,185.3121832196149,33360.17072164734,5.573848753615652,374.7138549390038,509.8196527449088,17.848994429542984,103.32182693363175,4.046305671849512,0.582297523896524,4.411181820132395,0.31227800890071533,1
8.469537299759363,128.62007905441806,15273.049287387006,10.725523601983545,333.073545745888,553.3462601817421,16.930868218048317,69.7366881291891,4.1495532982566425,1.469537299759363,4.080165483112609,0.6334892475898478,0
3.889106956840228,199.0833926307596,15900.79714505642,8.56119827965195,291.1041670402553,371.8471360273854,11.973577231683803,66.62248509808484,2.353338140211447,3.110893043159772,5.08790978193138,0.7150075035211941,0
10.252734368477768,217.73666923136716,9651.87482568678,4.338353353084402,369.2977086485563,528.1216264671157,18.661403050196384,54.15044964071182,3.2903724922745674,3.2527343684777676,5.671515131644262,0.23247732814824013,0
7.835906989202027,206.665788118744,17643.40714703863,8.137483668926913,333.073545745888,474.9897732700027,16.1671855402264,68.08226489261818,3.1838640933419695,0.8359069892020274,5.077848798944047,0.503333319540764,1
5.810742057236217,151.87617187372092,25419.551655141106,7.874166460655202,313.3647973555195,494.1529743470612,14.646684965981876,77.37381254511361,3.4369668618570386,1.189257942763783,4.26151350687,0.5376073795084838,1
7.036752103833548,201.57204599380577,15618.135242204173,6.7052108779967545,367.1934568277954,359.9520067091986,10.940974529417872,26.619225158022296,4.575874147599674,0.03675210383354788,2.391012467889794,0.612853109850024,1
5.1918343271406275,211.09418477114804,14866.103863221915,7.23869130092435,323.10928513649435,388.7165795048576,17.780000111166657,83.50540623227637,3.859800939300224,1.8081656728593725,4.606454007427682,0.4071254695466874,1
7.916669698835311,201.45580795921015,39431.25263187423,7.525440974837567,276.2069197343787,432.5899955159263,17.821921846035764,70.23960066561966,4.275192719102842,0.9166696988353111,4.168681705907757,0.422257521808961,1
8.242558635342093,155.61611241226024,24042.18816001168,7.639210005222214,338.2938679790613,418.26375748477966,13.265852598441882,66.57795244522269,3.5294272368553408,1.2425586353420925,3.758640694239338,0.5758551418145806,1
8.76176840475976,212.42695183704657,14168.924869029612,6.385732629514457,333.073545745888,488.599547388391,12.601801205815434,60.23707330742579,4.6735478549126945,1.76176840475976,2.6964094303986568,0.5067316979921803,0
7.146117224742147,181.4344193519679,33266.57157516288,8.381737717287855,373.1971457990462,485.1092147580308,15.46998024074594,52.81293150934866,4.775201717853433,0.14611722474214695,3.239648901795747,0.541806585725614,0
7.974521648923869,218.69330048866644,18767.65668181348,8.110384501123875,333.073545745888,364.09823046204866,14.525745697593209,76.48591117965157,4.011718108339787,0.9745216489238686,3.6208282048950715,0.5583454448140485,0
6.848000112594903,199.77681389459036,26296.948300252538,7.339173310543906,354.25055480333185,397.5364707259912,22.139958377616153,51.53496489332906,3.815227608716361,0.15199988740509696,5.8030489515188375,0.3314899176357083,1
8.436759028788977,242.48857976769693,44831.86987314955,7.863084070543416,333.073545745888,575.9370182227921,14.53177738690374,50.77420795130515,2.4999101346874286,1.4367590287889769,5.8129175814566265,0.541095787534838,0
6.316470521496127,187.03011599287933,32651.802764338703,8.14917752207392,314.2083463145692,463.341216610962,14.243420688434355,60.26917985417959,4.902735485533553,0.683529478503873,2.9051980930368684,0.5721362254331798,0
9.239440361060408,212.56907634315343,14829.624212321543,7.172920416881898,324.1289152553997,575.4219683641888,16.581120438382868,66.88527012551617,3.471971127332792,2.2394403610604083,4.775706667645593,0.4325956144484677,1
10.258615434291345,166.7419492964931,12887.193762055927,7.701931717372632,333.073545745888,589.6281054893342,15.786496735951516,66.62248509808484,4.345012724758552,3.258615434291345,3.6332443890792896,0.4878809629720829,0
7.058182608235123,187.947191066058,26608.92915410663,8.556396061089337,400.3224341668411,462.31456700444886,18.428386952452627,41.290330469321425,3.61383477061922,0.05818260823512311,5.099398014231006,0.46430518410866045,1
8.025220020635544,213.51972211063432,15457.498661666325,7.669540025909633,318.11439462330753,376.314445852985,9.42274451470638,55.459550906941985,4.134942729310314,1.025220020635544,2.278808402618345,0.8139389962235037,1
8.129585513966727,177.89896662548156,27834.21769634046,9.00600774687328,334.4385388035782,397.0214275538664,15.936261676600791,81.39075849624524,3.3625371351987914,1.1295855139667275,4.739354926500677,0.5651267131845661,0
5.671773833095615,216.0428111329883,15949.153179175562,7.500573232707446,333.073545745888,372.5352427667598,17.895723720642764,77.45788496183523,3.833159745782931,1.3282261669043853,4.668659862577071,0.41912654278010414,1
8.575673021827997,197.56028281048032,15888.625206780936,4.865462911988274,311.55738096097565,464.7255668404904,18.736926753865248,40.224520831208224,3.506229064263776,1.5756730218279973,5.34389541200844,0.259672395384274,0
10.258615434291345,117.1251603715048,19237.949676491447,8.907019729031202,375.1473147568442,500.2459518438111,12.083895646926578,66.62248509808484,4.1069244900386614,3.258615434291345,2.9423216165562387,0.7370983044030434,1
7.036752103833548,191.7642561265863,10830.80124539962,6.362889370429761,333.073545745888,492.2003089527555,17.291645155864842,43.27254515821943,4.26677539510979,0.03675210383354788,4.052625109598672,0.3679747615163665,0
4.303574607482778,227.0070857735085,7323.302300551966,7.490508409340612,326.69519854080323,412.8964036380487,12.906730021234525,68.74891758502856,2.010537157431691,2.696425392517222,6.41953994930486,0.5803567454080365,1
9.901930594363924,206.74646923922108,13180.677800723712,5.878834626293839,333.073545745888,426.5348074742217,14.321873739074704,75.4087541254813,4.226949553930562,2.9019305943639235,3.388228359037004,0.4104794053431063,0
5.386307352101625,212.5929905085604,40149.316556861646,8.124231912485545,318.7916672292244,355.5464203360061,17.348801665880217,64.21090504359704,3.6625634650940584,1.6136926478983753,4.7367908008780075,0.46828775846666476,0
5.646083311861947,219.34293247231992,22455.695011751144,8.283757694778313,386.0387902287798,401.2562922845298,16.650114369808136,31.174039374468897,3.9385056274364985,1.353916688138053,4.227519703488576,0.497519537299985,1
8.153210075272153,127.14489180603142,10280.92949674048,5.828357794463706,267.6368856420806,487.9083271902029,11.943476580641343,90.61935439214014,2.905788134056523,1.1532100752721526,4.110235130505867,0.48799503788667337,0
9.663653196397622,233.48726795623753,13213.578253600464,10.149936905895792,293.07465745452157,326.77780298075004,10.43961936687407,62.4553730677336,4.741944304660503,2.6636531963976218,2.2015478239729482,0.9722515330253321,1
7.036752103833548,157.80119355420416,16963.625011737488,8.335618549876713,300.04423428111204,360.99599448807487,12.823860949370784,71.7170050975215,4.4053857056590315,0.03675210383354788,2.9109501177042247,0.6500084438514803,0
6.715940563939271,218.0623835473045,17180.188184343613,8.915970937560093,393.2757718326051,349.0030699501286,14.354595084553296,57.24708237694075,2.4047292060079903,0.2840594360607289,5.969316245410691,0.6211230803738461,1
7.264069096752565,216.62239216240556,19412.11272261369,6.93245793887396,333.073545745888,301.95355082979233,19.210990803311574,67.71258467249298,3.9602821137582938,0.2640690967525652,4.850913495697133,0.36085892960919114,1
5.277875568290585,166.7330067528863,18404.050688632713,4.777124262366933,333.073545745888,347.21945676336145,15.52604285116388,63.0086684527317,3.6326070323383224,1.7221244317094149,4.274076011765495,0.30768457877367295,1
5.924540482437398,186.6200683962633,44376.18738226209,6.614180462593355,341.6377735314358,273.44683817182425,12.75811531659724,59.45669088659757,4.224342508773007,1.075459517562602,3.020141541544033,0.5184292334746048,0
6.8331110185961625,178.6580736754134,31461.19675997045,7.94285715338279,302.5353706368913,415.0974384997248,19.370328472583765,66.62248509808484,3.0215735952193197,0.16688898140383746,6.4106735948968945,0.4100527646999961,1
7.710959938844849,181.93812564611977,6552.626314154267,5.389248620834634,390.59639197646226,516.2840828595396,17.01078491025436,58.24173419085486,4.288946820394494,0.7109599388448489,3.9661906888598426,0.31681361750522724,1
9.393891652231943,252.73924846918945,13150.207458747062,7.166592283226883,333.073545745888,368.8346037482147,14.397392942571344,50.77529346522603,3.0485658663001405,2.393891652231943,4.722675792919241,0.4977701042156068,0
7.036752103833548,182.1618803258951,30646.815275421897,6.325161655042652,294.96608830837704,404.12015243193406,14.712284631836098,106.3717198108593,3.855772963661712,0.03675210383354788,3.815650183462592,0.42992379384992063,0
10.146290479832489,242.1517339200836,24649.6747478938,4.803372504546434,347.0697246428614,348.4840390940583,17.61479894242268,73.00154535934048,4.481552363497344,3.146290479832489,3.9305119260426093,0.2726895860439613,0
7.036752103833548,158.20764744104997,44831.86987314955,4.064877887005874,267.1579598616741,399.7669648211219,16.086232449405315,53.502085762742944,4.108856703319134,0.03675210383354788,3.9150132739838766,0.25269295635866496,1
7.2943644330256765,191.77362022797823,41569.95198509877,5.311112031956964,321.3205510637133,342.5013872422897,13.792535167923347,54.463524613615895,3.3365823322327546,0.2943644330256765,4.133730164831142,0.38507145946869203,0
4.923178856199699,208.4066729518673,15990.149227610937,5.648145717519176,349.65517499861113,404.4057627404978,11.403372215685351,84.52577496008485,3.329600783081267,2.0768211438003013,3.4248456598111523,0.4953048199589001,1
6.964198299767605,193.75327979898748,27408.4993324818,10.18460459991426,307.6945220861755,302.94043324888753,15.889649588055818,78.0767379802981,2.3956831824148326,0.03580170023239493,6.6326144759361245,0.6409583737209417,0
7.036752103833548,167.38612732636108,20944.620814413163,4.963124049313229,333.073545745888,566.3392939723461,11.31880659612483,66.62248509808484,3.6797950347550294,0.03675210383354788,3.075933146625705,0.43848470849636423,0
5.198067642905195,200.46444487775312,37200.242064765705,7.401099400667652,311.7948866428874,573.1355323579303,17.23865591477505,74.9482169651606,3.295033859358623,1.8019323570948051,5.231706689176134,0.42933155623767044,0
7.802426084121588,232.6702799913262,14382.902158061956,7.62692290707145,333.073545745888,413.292183492284,15.495603371645757,42.00208201140493,4.363529881475539,0.8024260841215876,3.5511616148814507,0.4921991246128731,1
6.977744099966936,166.8455743237098,18622.444795556585,6.60970624817921,353.33991913602273,333.96856768978546,12.534560005168087,48.46358837752259,3.5306226939577465,0.022255900033064435,3.55023958702241,0.5273185271868701,0
7.3560567780554384,234.78230155080655,31409.063978837024,7.3955296826678,283.5095825426214,428.75310359554504,22.166320991934526,87.39912189045668,4.549916839518295,0.35605677805543845,4.871806870754681,0.33363810583274706,1
7.036752103833548,158.6952089156538,8721.231884671792,8.104497502263726,400.3224341668411,471.0735367230231,15.353949732255389,74.8856757713294,3.392134168351501,0.03675210383354788,4.526337828606356,0.5278444384504829,1
6.260891633792807,188.0618054339691,33809.22470073784,8.141301159936118,341.4980435868673,522.3012315577494,14.467501195370346,47.05015549403313,4.3973861916141885,0.7391083662071933,3.290022134725787,0.5627302522574605,0
7.098245544161473,207.53538090335985,22671.47976122911,6.284582109974256,295.58568565997103,297.10649439357326,17.105327736425465,71.02082542930135,4.909571475286931,0.09824554416147269,3.4840768361252827,0.36740493017192705,0
8.307462969006558,229.9412343165086,18452.645570929,6.895145947235456,338.4837027730708,464.90098483203025,9.512102516349389,84.05341480502423,4.625729241507733,1.3074629690065578,2.056346137739534,0.7248812983778078,0
7.68878591609137,209.18562534531952,29568.535852018093,9.817335635498171,294.34773223445876,355.6986132389772,13.918768617655758,71.68153964307832,3.9186731557714785,0.6887859160913701,3.5519076259902853,0.7053307084733282,1
3.889106956840228,186.1239242423718,11920.907422128525,8.64203410725165,332.7445191883906,447.5942189939348,18.48218481516426,87.69744349780889,3.4899385974344517,3.110893043159772,5.295846618305661,0.4675872320340506,0
7.036752103833548,168.0424650881038,18564.37205508863,8.562156382020357,345.20522222021754,419.1315765130688,18.45989019837691,59.70020966469975,2.9624329710874653,0.03675210383354788,6.231325450133344,0.46382485627939046,0
9.484703254003293,122.9069907624203,44831.86987314955,4.219710533068505,267.1579598616741,480.8480634739415,13.533432949702672,41.7312192332455,4.13227423789269,2.4847032540032927,3.275056033441816,0.31179895278250586,1
7.036752103833548,198.23440827751952,26486.18143996345,6.472958397268817,333.073545745888,472.6937251298784,11.03223998772154,63.72979505876907,4.1486113170854715,0.03675210383354788,2.659260288623939,0.5867310553198549,0
7.174135162807995,203.4089346206224,20401.102461471397,7.681806287243673,287.0856791225615,315.5499000194935,14.533510036354244,74.40561602695702,3.939895656598684,0.17413516280799524,3.6888048857862774,0.5285581899671965,1
9.454119448104636,224.8171317663408,21379.963927406425,5.407691662106037,267.1579598616741,431.6130013390234,15.772333808298356,52.03384490115086,4.0586260103019,2.4541194481046364,3.8861254725462278,0.3428592993892616,1
8.394509584685622,224.34714746831528,23961.504534871307,4.724373099493707,337.40634181291495,476.57945644874286,17.2136760829859,64.97596072194818,3.7124728343256175,1.394509584685622,4.636713105915484,0.2744546140094208,0
8.069297892811402,191.0041071514581,16654.509370021242,8.038212717585301,350.57795005359884,418.2000717349236,12.29376978964234,49.00925640494752,3.021381555454751,1.0692978928114023,4.068921946824438,0.6538443619233245,1
5.866250667826014,146.86567978891298,19679.062670213112,4.868479989471089,320.01237161717387,414.4270167181951,15.522772618167096,84.40368411231617,4.281313459019756,1.133749332173986,3.625702518875749,0.3136346705316412,0
5.420347746957928,232.38682737740476,25107.20862979831,6.536679802286158,333.073545745888,473.2680964008711,10.817122515876632,81.22498270271524,3.756720170385539,1.579652253042072,2.879405211424437,0.6042900215285578,1
9.445129837868656,145.80540244684383,13168.529155675998,9.44447108562294,310.583373858597,592.6590209759507,8.606396746986945,77.57745951035697,3.8751652466165463,2.445129837868656,2.2209103298474724,1.0973779464154327,1
7.985406393829891,200.13469747068575,17583.08033488389,6.771728798328565,296.5698232617678,377.58420310561297,10.28928812083933,66.89074702275413,4.7524517390713035,0.9854063938298907,2.165047962759963,0.6581337854151166,0
4.3194406725876835,186.0561785752214,30565.57839108449,9.811168421989796,276.83393195522325,282.68740212076233,13.448689001288528,66.62248509808484,3.2419721011866467,2.6805593274123165,4.148303697018941,0.7295259553941523,0
8.159666704184943,215.64821633422147,17068.29886291952,8.769621767000698,319.2532011303291,459.54115883111615,14.192544352996777,60.373722302826465,2.9571948491508113,1.1596667041849429,4.799325129944406,0.6179033815910252,0
10.258615434291345,220.45107827315525,10571.770376968932,6.521422284947895,295.9760943834978,414.2560864758929,14.774800598861418,58.735932885039375,4.154845327510767,3.258615434291345,3.556040208041396,0.4413881459802785,0
5.09993200503465,189.66593654788983,21807.40013130367,4.368152032038047,333.073545745888,334.5123058810013,14.732291221052549,49.98567904726279,5.159301248966906,1.90006799496535,2.8554813248249857,0.2965018590790595,1
6.989813770294979,221.00023527034057,20769.519635864715,8.361018660492272,307.52315882358425,326.58635982044206,12.28623693266917,62.7686154045542,4.808582691098531,0.010186229705021255,2.5550635534144885,0.6805190251330133,0
6.259267532952487,130.3742718610842,9734.677103081169,10.282328870705385,320.3597655205257,399.35070886675425,10.846787074769397,43.420195174329464,3.9321419587747375,0.740732467047513,2.758492554438884,0.9479607050333182,1
4.961352728384606,166.25996162297542,22229.230089547444,9.922077892734912,295.131831185993,449.14719149056054,12.001547405946155,63.4279786441529,3.902837833888625,2.0386472716153943,3.0750814770356056,0.8267331478510747,0
6.918062437943979,188.912864809962,14052.446111514224,6.192192751461062,333.073545745888,338.32083981132797,17.860100804426793,66.73703060684957,3.566298461651997,0.08193756205602121,5.0080204975702065,0.3467053446428994,1
7.036752103833548,187.8732835139628,29532.61500346444,7.981036898934483,274.4933954888678,469.1321168532849,16.169211703512303,78.92552710205408,4.586748358609115,0.03675210383354788,3.52520062452583,0.4935946508515426,0
8.35761299314161,163.09825445217052,34989.04708052216,7.696942683440743,317.30168011128416,404.4926142301905,8.271881619595717,67.59815754327194,4.366242227773332,1.3576129931416094,1.8945077468380422,0.9304946694005344,1
9.186453377063309,169.1198051240283,27055.69626088422,7.442479684166754,333.073545745888,498.6353223340039,10.247444234540184,50.40116028899717,3.4538614564722643,2.186453377063309,2.9669520323072756,0.7262766000525699,1
6.453064802576986,178.99824538756306,23129.460177853423,6.354508121755911,326.8531854313641,371.8827630574564,13.178300671577516,41.525863036479365,3.440858801932284,0.5469351974230143,3.8299440925134394,0.48219476834872316,0
7.61067277645396,193.66187049860335,20511.62083191808,6.654331842184067,333.073545745888,394.59540591035824,14.319384212713544,39.49726395871697,5.404817647950804,0.6106727764539599,2.6493736692058354,0.4647079286809034,1
7.083779060507377,117.1251603715048,8580.245561280903,4.2102840805824915,267.1579598616741,434.7477154375999,23.295426859188986,94.1603073012966,3.887680684530791,0.08377906050737671,5.992112716399141,0.180734352939636,0
8.41860665004133,191.8670896367085,29313.78335293502,5.605863656386442,306.32536352065773,546.7909944376429,13.133959338424065,96.1251983386593,3.442847819687195,1.4186066500413297,3.814852183842731,0.4268220332587883,1
6.839415897979054,166.8669703511137,28508.637799593933,7.238828645086748,333.073545745888,460.7659944495249,11.378737972966746,73.46513313160924,2.854526551578415,0.16058410202094642,3.986207092895235,0.6361714300929595,0
5.088213197324547,159.96261228698884,39125.20919646321,6.055622508469588,375.6191860334602,400.1553243308145,20.18959951192863,68.68869382332437,2.6006186786445613,1.9117868026754534,7.763380273447525,0.2999377082717284,0
7.036752103833548,199.8458747722934,12635.367703570148,7.886383490971209,332.6151537639464,293.83426449669423,13.217536037328216,54.54961803518716,4.4805743911383615,0.03675210383354788,2.9499639853108444,0.5966605933237739,1
7.036752103833548,173.81671013134212,26552.974400983858,6.290279267076197,293.17027314789544,366.7187056845937,13.271499488833795,72.12983989978943,3.206995482747466,0.03675210383354788,4.138295617170109,0.4739689586997817,0
5.564342490630351,256.20882997776937,11245.735766690404,7.212253930841305,329.33836637555214,369.5555132553011,15.640053344806006,51.15034440489525,2.2859878491983503,1.4356575093696486,6.841701502739461,0.46113995334271096,1
3.889106956840228,163.63974692058176,37962.16799126102,6.6845702741913415,326.69401786030267,467.5629728711818,14.567268860188278,50.57797909828098,3.6628377319913583,3.110893043159772,3.977043469852291,0.4588759828264035,0
7.036752103833548,187.04328340357503,24634.552442871332,9.081880472815234,333.073545745888,443.8433994171436,11.053924602664893,74.10818032317249,3.498716818980463,0.03675210383354788,3.1594215865874085,0.8215977562419784,1
7.665187780430904,209.997246463362,22993.72935030665,5.543901316277938,343.4942197241109,417.7389883575675,7.750606555288982,63.55182239341074,2.7071291616855064,0.6651877804309043,2.863034317664031,0.7152860310279551,0
5.963479205038237,223.03163757809904,24435.642080113394,6.22129199951579,305.94701245357066,284.4970261350037,15.188556943191829,40.14270489188471,3.7278133228957,1.0365207949617634,4.074386658666418,0.409603862511809,0
7.293929250131249,180.84312475494775,15823.339374460484,7.72197742911649,333.073545745888,457.5204429007732,8.857599141829951,37.7347900028964,4.403250064507214,0.2939292501312494,2.0116043832311528,0.8717911517194719,0
10.164173337271418,243.60650760422067,16522.715753614277,3.992171360485953,310.8450723294215,487.6980520817313,17.22323748837107,83.87149583721258,3.530940954727128,3.164173337271418,4.877802498371028,0.23178982066476178,0
3.889106956840228,211.75720506527983,14686.283390031202,7.557872729231761,326.912133932792,371.2693735547996,21.765169504162884,35.78152885407552,3.143430669227733,3.110893043159772,6.924015469218095,0.347246199049358,0
7.966762553436026,163.92724187974397,13354.706509808377,7.4769692413802575,333.073545745888,366.3795436395859,17.12586347296633,66.62248509808484,4.816347767394934,0.966762553436026,3.555777270305399,0.4365893034586878,1
4.739548767002988,162.24688566600025,27215.90274170991,3.1462213405647073,372.8150748102446,437.21759018140494,15.13047648872248,65.0912914244809,2.942348225414489,2.2604512329970117,5.142311578120387,0.20793932927164707,1
7.725192099493611,213.9513281293329,20461.759043330087,5.34031864919632,333.073545745888,338.21425829801234,17.032466110374628,58.587459359296936,4.1633255369929305,0.7251920994936114,4.091071396642542,0.31353758763129996,1
6.334162775563274,197.48232643207052,23460.82138066364,6.121463538019163,303.5503239230728,399.5637856608893,18.82221589785013,62.222874607265496,4.038829793491571,0.6658372244367259,4.660313060943639,0.3252254275487791,1
7.446225785014987,241.57386212826185,13312.446107003378,4.532979039049278,333.073545745888,529.4590745941816,17.23787068676603,62.522183491970935,5.0866985617202864,0.44622578501498733,3.3888124269199618,0.26296628269540756,1
6.071838864034008,217.82653090645024,17162.753926666857,3.5211252174992507,319.03734575176514,612.0949256774842,16.54223928642915,64.82630836955246,2.691610394877723,0.9281611359659916,6.14584977530928,0.2128566117122537,1
6.548017642485212,176.0065361472179,38368.012617715474,7.415053893783208,278.09330932124794,291.12152764296957,19.422535020533644,81.36856759048145,5.930227576581439,0.45198235751478766,3.275174771042304,0.3817757828300053,0
5.877974040440475,141.61528668804954,13652.293199392612,5.701659125426225,279.7824004075164,538.4954044402176,12.03404226901938,67.90725800888524,4.0322595038243865,1.122025959559525,2.984440677284051,0.4737941353513878,0
9.735889387811044,209.76151279365297,10897.150288987916,6.106566875517484,358.19312075764196,449.3677902049433,13.911645427699227,47.10018614354204,5.573210318927751,2.735889387811044,2.4961632767184816,0.43895357082672903,0
8.545890346487688,255.3248719121277,31056.57878232473,3.619779035217955,333.073545745888,426.8833666605269,13.782988735849584,34.44829324752186,5.036882986625275,1.5458903464876883,2.7364117919825706,0.26262654943454705,0
4.570854412606884,194.96794523962052,44260.19117940517,8.030451669296072,333.073545745888,460.7790583154997,17.942185042252106,79.0082720110365,4.484185987055187,2.4291455873931156,4.001212503860132,0.44757375998583104,0
7.036752103833548,210.62735850548063,27983.17942203171,5.947212908027238,333.073545745888,436.8440525505291,16.127527143449186,64.56404411046557,4.290393223612015,0.03675210383354788,3.7589849097530426,0.3687615891988337,1
8.378108022890373,198.5112126776972,28474.2025803626,6.477056754250701,319.47718727518304,499.86699387859846,15.389083407099406,35.22120041408733,4.524692969777054,1.3781080228903733,3.4011324323571155,0.42088642721737607,1
6.5108556110746,223.8606218312135,15147.171463824649,7.667533316037838,389.3911483904019,437.05136427690576,12.085025824992384,52.339075416909125,4.225608375907182,0.4891443889253999,2.859948648802373,0.6344655603230464,1
10.258615434291345,117.1251603715048,25999.95366943259,8.477393872457034,318.42724084571626,392.70408181841583,12.716350142148713,52.24697244385633,4.661798516052168,3.258615434291345,2.727777138069103,0.6666530184400514,1
8.2850715273713,151.57377799438208,14402.726696074144,9.050080219969011,303.08183839259914,322.52181537897917,13.652652679244396,106.69503986064285,4.2746613334345,1.2850715273713007,3.193855236812378,0.662880670131368,1
7.036752103833548,207.39109666789517,25110.037626373865,6.3297910704598515,345.5926344737984,420.2191036459721,22.34641467115887,92.3277602148874,2.739234987146461,0.03675210383354788,8.157900515332289,0.28325755519840795,0
7.036752103833548,184.614847643805,22289.727086089424,7.167404798884858,392.46219870433384,409.4909989233753,12.21558820095703,63.90425570636129,3.351766902910961,0.03675210383354788,3.6445209080103576,0.5867424551509418,0
7.895769121117427,168.72404736817538,28723.61762656382,9.341475229715137,353.97618125213813,517.4366759132656,11.99277232817002,79.86055183417302,4.391731338483637,0.8957691211174268,2.7307612130822263,0.7789253556366978,1
6.070090952233811,161.53026648702547,26764.494430409413,6.241526547787452,333.073545745888,485.8662578948289,18.780519826116347,81.94610645099593,4.699457410935833,0.9299090477661887,3.9963157844770594,0.3323404396276345,0
6.967696683162022,177.05589009355242,22886.965734750156,6.43093480799846,315.2829020618055,507.79006183312174,15.288037895913815,35.76760103714643,4.819637104172265,0.032303316837977825,3.1720302573504977,0.4206513897421676,1
7.774468468846811,216.7528721919807,22316.398283637125,7.947534131189499,385.04343760501695,288.068577690003,14.136699006023434,68.86186084786507,3.8910973336994905,0.7744684688468109,3.633087060172767,0.5621916096262335,1
7.005230139691345,219.92199744788428,26597.58644737425,7.351021452283115,333.58372260341633,379.5988064306426,13.284690658476508,98.96538914467112,3.589865760483302,0.005230139691344782,3.7006082801490927,0.5533452820180949,0
8.46133087400179,212.58136638921465,34406.77644574729,8.679151555836665,384.85538150301073,477.343368601036,13.801712181380369,66.62248509808484,3.771944146409479,1.4613308740017903,3.6590437150228023,0.6288459585977736,0
9.323583858284508,212.71066980589015,15751.175300296723,5.501070114239315,296.8485120030009,399.7737042300347,10.62226549121732,74.55428505833692,3.006650221855861,2.3235838582845076,3.5329224134819026,0.5178810114383497,0
8.829806178150646,216.1221437373345,17732.914670264538,7.856311801421975,377.2538338696831,301.89595905839064,16.21071289056607,64.40935885651264,4.423886041610509,1.8298061781506458,3.664359586510732,0.4846370033089046,0
8.45790103691031,228.7321522076208,16061.590097622857,4.142485398906173,356.30482527606006,370.71210755002613,14.06171029149533,82.36469150915318,4.9142760948250785,1.4579010369103091,2.861399554840497,0.29459326201723335,0
5.343075102966485,211.6620911431769,44831.86987314955,6.651801292027482,279.76749968588933,485.95971744569687,19.682336972782764,70.54686225078603,4.240031707717554,1.656924897033515,4.6420247978176405,0.33795788392749687,0
7.036752103833548,202.0798644763472,12519.090659913514,7.62752384206607,333.073545745888,399.88338796337496,12.748216736108134,66.62248509808484,4.43921523990166,0.03675210383354788,2.8717269101517204,0.598320800598018,0
9.927023723224528,208.49073832297736,19666.992791505276,8.008618310012316,340.2378242732727,482.84243520889055,11.360427034258294,85.8291127991443,4.051733473083127,2.9270237232245275,2.803842924488013,0.7049574440207427,0
7.036752103833548,240.42978682732485,25959.613897834544,10.571596299305776,333.073545745888,446.7429748194644,13.573471029245129,80.2683717898251,3.3583534546716933,0.03675210383354788,4.041702926968751,0.7788424565600038,0
9.281302611348124,215.90762487437595,36622.22860622794,3.9034962261395423,333.073545745888,383.2600282040939,19.034877385803952,80.31759654634227,4.069976588751361,2.2813026113481243,4.676899803677718,0.20507072054900732,0
7.036752103833548,194.1666252984787,11275.872655429052,7.266597743360296,399.2820813381721,427.89690725010786,15.213175742008843,34.471753362322396,2.909606161949619,0.03675210383354788,5.228601283691872,0.4776515692015006,0
5.928767339528974,192.04842038980323,19240.05820156024,8.986862677728771,400.16416090223504,459.26096138734226,9.893655008905,52.157787167286365,3.592912289891955,1.0712326604710256,2.753658162789261,0.9083459814693325,1
6.574083863949985,186.94421135042364,22723.809958995014,6.212264734972436,330.7896948074798,385.0189505628823,12.062533812111385,72.59527718777949,4.977323507740182,0.42591613605001477,2.4234975624661548,0.515004916606335,0
8.132736965065675,206.7864480377924,25838.12848375008,8.68483259764943,346.6118492998286,472.27702558634405,11.633015233835806,66.62248509808484,2.9694339207381235,1.132736965065675,3.91758551520777,0.7465675645142414,0
7.080445821121838,196.6589466144085,36966.85331934397,8.98678433778731,294.3157326178766,530.0529192768847,13.822057343922836,85.77722213443843,2.66494605525722,0.08044582112183818,5.186616115564342,0.6501769934822003,1
6.790838199257259,271.60121237018745,14348.572923584908,9.923315466056431,368.842011462866,610.6295503471943,9.386798893815753,91.40211169023884,3.4382798388279716,0.20916180074274138,2.7300849854415876,1.0571563875132939,1
7.323545119666458,184.13607042511688,21044.2026629225,6.842947201540685,327.2612020965961,379.49245341347665,8.335244529353815,90.31206176129578,4.89842104143532,0.32354511966645827,1.7016182882664492,0.8209652825993214,0
4.137044912614196,117.1251603715048,17101.95156861621,8.652210468304967,322.89225232255393,360.64807839886765,7.848312949150397,70.97700107955893,4.327356026643432,2.862955087385804,1.8136504339319646,1.1024291999992677,0
6.788291583178551,182.03689538627296,25661.360539469097,6.939853225180281,352.34492925276413,419.8958884537812,11.835382178148222,71.43603836861604,4.255948316623421,0.21170841682144914,2.7809029895915587,0.5863648958990526,1
5.862641232845869,185.06521994820335,44069.27215787578,4.382721317231579,400.3224341668411,331.57013865036913,15.306078918039075,59.60581211442579,5.507420939572829,1.1373587671541312,2.77917310240193,0.2863385883714285,1
8.847880710565029,190.70085322501603,11705.072281969924,6.663397069642296,380.59249104930217,386.4641507477815,16.319104528451362,85.6936490771539,4.143450991614013,1.847880710565029,3.938528686100337,0.40831876833108716,0
7.388518502791958,201.0577144409084,13921.146216729854,7.766494669343486,333.073545745888,560.7747290451248,14.467094899865115,74.37401767003854,4.409053528240368,0.38851850279195776,3.281223855863461,0.5368385419644518,0
6.175164949384786,193.2826016541531,32875.19205735977,10.896662749833538,337.5062107470867,414.902017213629,12.997822914330186,69.86738194587295,3.3413692911239643,0.8248350506152136,3.8899678221410174,0.8383451585168727,0
7.036752103833548,200.30865256846292,25355.998921437615,7.105245339879502,304.64808984573074,394.2460613156858,16.06737625068854,77.81098846170383,3.2798883380141772,0.03675210383354788,4.898755596558206,0.4422156291609459,0
4.886057056804735,272.9203850794966,15496.61171860211,6.985179146933568,267.1579598616741,569.5812877801923,17.30153609224243,79.5979880021016,3.079373114175483,2.1139429431952648,5.6185235865292045,0.4037317094829421,0
10.258615434291345,276.39283372089034,28652.143303733286,3.1462213405647073,379.27749521051993,334.2116688511952,15.011892615833348,65.19987815797609,3.051607724265514,3.258615434291345,4.919337297885899,0.20958191025590028,0
7.138374316854361,184.7452287708936,22575.18857693228,6.9077144976833775,333.073545745888,504.865692804048,18.503761888918746,66.13698818743458,4.144872250700283,0.1383743168543612,4.46425276956117,0.3733140409954218,0
7.036752103833548,273.2556208042687,44506.441560756866,8.4126881311681,267.1579598616741,485.6472318592992,14.705013533659496,52.164235938228394,4.12478067750866,0.03675210383354788,3.565040451435777,0.5720965533159874,1
7.036752103833548,196.24885743929997,17909.365782253528,3.672270532953142,333.073545745888,417.2873151070302,14.557068395130727,57.734652478816095,3.888235227107233,0.03675210383354788,3.743874483151165,0.25226715853820825,0
8.26830759203937,168.687890271917,13181.673516106885,6.383226137929187,298.3070930770492,294.2980647361996,12.366424357289134,79.20647326283952,4.405408198445283,1.2683075920393705,2.8071000445664342,0.5161739106901031,0
8.654792650142806,218.1726596472281,14799.31146415062,6.164048563812341,366.1479915107312,416.8703326101443,8.954519548868973,72.62027967629705,5.148137887599708,1.6547926501428059,1.739370235414136,0.6883728202054223,0
6.952511673596021,211.69729744028268,33737.28852434523,6.3008707021111,333.073545745888,395.4070038215699,14.182396069373056,39.802907065092306,4.1054954853125665,0.04748832640397893,3.4544898820667966,0.44427403007336863,1
5.89241318577243,139.36225285473324,11006.048507195754,5.31199041263291,339.3279049414732,446.49439421429935,10.56707076084433,89.69288268204068,3.3118131930849275,1.1075868142275702,3.1907196916144596,0.5026927547058194,1
8.437875983021623,183.1066248848405,12856.92869494354,7.40001948091398,361.7796821265965,587.0226089682598,15.926920767801391,77.95126164870987,3.815468994490743,1.4378759830216232,4.17430114528451,0.4646233332968462,0
5.767349596865663,272.4721780907016,15417.932834388865,7.728859875071584,315.4049171336671,424.461151952724,15.284267575678255,60.822134700690526,3.896090487367949,1.232650403134337,3.9229745054071414,0.5056741732064604,1
7.814250246965275,203.38346319871127,24470.204256335895,7.631406985299353,321.9745696764728,516.6468166551115,17.24290912056989,80.65197813729628,4.10466196258988,0.8142502469652753,4.200809975806222,0.4425823095949148,0
7.036752103833548,190.77945990455603,12224.310506438514,4.646211052742901,308.56488629958307,399.2713589317787,11.876796669068938,61.88663598802028,3.4631725477162503,0.03675210383354788,3.429454662155454,0.39120065713025937,0
7.918039170296733,197.35758832231664,22899.06291433173,8.283955430574803,295.35107021964114,358.0973864136281,12.95778504431621,71.69435134740182,3.3861098132109193,0.9180391702967334,3.826745714806905,0.6393033039936995,1
6.057068041253538,184.37323179806208,14807.26848996469,5.753405051896213,384.82196652880856,462.006169573346,14.753055398199251,34.26586025604486,4.3717478538333525,0.9429319587464624,3.3746347037440376,0.38998055024031975,0
7.036752103833548,223.72043045827704,15893.67441054203,8.289191783611953,303.8506627738951,360.4684842117428,15.234277164197463,48.19557178785351,4.157927298303721,0.03675210383354788,3.6639105033178367,0.5441145090216767,0
9.043095631701522,181.56666281388723,8273.59197053936,6.7010419208711065,333.073545745888,372.5512190398168,9.762360818326329,65.2163378646853,4.008499340500041,2.0430956317015223,2.4354147409423748,0.6864160584881848,0
10.258615434291345,198.59675077781947,29614.348790081058,5.782417746039318,304.6220612044535,383.269410360684,14.902820337952164,47.89640648971523,4.362542226660023,3.258615434291345,3.416085426243859,0.38800825796076377,1
7.053116739303244,240.85176993682336,19500.349983359236,8.051172565689857,383.6678658602108,377.1881249381013,12.955577262805434,55.52219528895001,5.671998849860188,0.053116739303243676,2.284128632888589,0.62144447761195,0
6.652824347726776,187.94640877340353,19155.727560817704,5.949621952624554,345.3585328021798,433.8752091433009,20.52319058445346,26.619225158022296,3.661529274018269,0.3471756522732239,5.605085592240841,0.2898975009876854,0
8.933877610085764,276.39283372089034,14179.622740757455,8.128262379819619,318.3565023281675,335.2405111582438,16.664900007773383,48.35725675238977,4.374796521715554,1.933877610085764,3.80929629886924,0.4877474145227848,0
8.154840855474227,202.3173347600352,25620.771365199776,7.651668437911807,367.2242972013084,597.8700731609196,11.802846743479222,72.38476153380526,3.696327574847777,1.1548408554742267,3.1931270460622643,0.6482900232394477,0
6.6227913564466245,195.8671168312793,13900.71652278062,6.363537539773553,387.3569379848417,310.85113801547385,11.758374239371392,52.40618787071562,5.609290809737711,0.37720864355337547,2.0962315098242694,0.5411919087652582,1
7.380104834625337,237.92263717888255,16862.543476270643,7.101816885471475,306.18292499042246,478.6545180309788,13.254475387897685,92.86455712547516,5.0304522019670195,0.38010483462533706,2.6348471709695835,0.5358051632998463,0
5.5419790193089264,185.67187362857936,20143.06526175514,10.236175974570024,267.1579598616741,517.9357855247945,18.46401541280278,49.37131866346893,3.6729759831771327,1.4580209806910736,5.026989141878959,0.554385121076493,1
6.867301321799131,174.1849763847294,24112.153470524572,5.529942235981782,297.6555748707137,484.12293887759057,11.48268699578233,65.30441362142098,3.8235950398688825,0.13269867820086922,3.003111959540603,0.48158952311627445,0
10.258615434291345,237.5826727898112,21871.7851725781,3.1462213405647073,333.073545745888,374.0216552281401,15.804450887402822,64.48638399702615,5.749585831041931,3.258615434291345,2.7487976704821353,0.19907184146464774,0
3.889106956840228,120.78544948310385,13691.094972435034,6.835951440246375,328.24028919650993,261.4352151594753,18.406139020307307,54.85212343389985,3.2819205591698437,3.110893043159772,5.608342152139403,0.3713951666511468,0
7.036752103833548,166.91399143546516,24037.51049003736,7.1367126114855095,349.88527610338025,411.47846097100654,9.456473170031018,94.90112226620026,3.743703735181629,0.03675210383354788,2.5259666130086056,0.7546906471867518,1
7.393977956767953,209.61921423329784,17939.704696020402,7.233735968091231,333.073545745888,349.20962279329416,13.57934866572117,68.15246723872353,3.7827275813713945,0.39397795676795333,3.5898289749348335,0.5327012078016966,0
7.036752103833548,143.30020028246173,16263.167465418488,6.2297365643921605,333.073545745888,503.66408513852423,19.5854965798938,66.62248509808484,3.4517400465867496,0.03675210383354788,5.674092093107881,0.3180790551263564,1
6.727185265204605,197.43921597682296,26012.48874565097,6.95200803307596,346.6287351593673,473.3300783045845,18.43783527648162,69.466289077676,4.158248534758004,0.27281473479539464,4.434037717641359,0.37705118587822545,1
5.1408005276963324,209.3585611702615,21407.614287150733,4.415975931396427,267.1579598616741,378.8971896117619,5.328026018267515,86.73722285990391,4.19225744935354,1.8591994723036676,1.270920217022668,0.8288201085046948,1
7.179864148534108,180.85421061094956,10859.55375155814,8.263503442433247,341.3024863096711,358.05626352455874,12.065316925324224,83.32991785643361,3.878447313763328,0.17986414853410793,3.1108618574362357,0.6848972810810693,0
6.057828113719532,230.71769333077793,44831.86987314955,6.443391565892092,333.073545745888,397.2367838901215,14.037903158503354,76.70160915731434,3.2922492668733674,0.9421718862804678,4.263923462852378,0.45899954103825796,0
4.758648346768645,203.53783248501048,23603.065416831178,7.667128478800443,324.08433407149784,288.91245683813605,18.064956579413092,85.91666620114039,4.405508764376716,2.241351653231355,4.100537178577538,0.4244199547713268,0
10.258615434291345,192.92444756734045,39234.470183564605,8.860762307418115,267.1579598616741,463.4351017760191,19.62817698172813,81.49652916525638,3.761288428295522,3.258615434291345,5.218470249608762,0.45143070924191725,0
7.301444654287731,143.43135025761055,44831.86987314955,4.768780800964818,267.1579598616741,446.83967260296896,12.575416892102169,60.64840389938017,3.1600748401136087,0.3014446542877307,3.979466800280991,0.3792144994211119,1
6.640862809077265,215.06086694339217,16488.04765596487,6.642337169245401,304.7574336004323,507.128833334956,11.979156801454735,26.619225158022296,4.708268601649437,0.359137190922735,2.5442801315494137,0.5544911653504359,1
7.519227463461571,210.3847903786547,16897.307040908778,6.568657940815905,344.70367330852383,315.5204353314492,19.85618427037366,66.62248509808484,3.2757249591599726,0.5192274634615712,6.061613369961381,0.33081167663240146,1
5.976769618087598,258.9527320159533,27267.98186095415,7.648599331443458,383.6571521070967,514.118920118766,12.256790251190353,82.46979842996726,2.9946710955082176,1.023230381912402,4.092865549311597,0.6240295012530823,0
6.96694296188432,222.890265013408,25441.05612229293,7.383783243231286,333.073545745888,647.3499388419574,17.391282497995917,38.73264681496417,4.356931132830452,0.03305703811567984,3.991634932054309,0.42456804548566845,0
7.036752103833548,220.81370245025343,21410.31962366429,6.324879788817687,335.8458627247201,382.1978390094081,9.500295528973766,86.99013440229453,3.659974811789956,0.03675210383354788,2.5957263155593173,0.6657560392486938,0
4.037287739350788,276.39283372089034,44831.86987314955,7.779459314488093,333.073545745888,401.2042709521434,16.542921333834613,87.81480025951095,3.045048569942414,2.9627122606492122,5.4327264479137725,0.47025907258097066,1
10.258615434291345,209.1030499711667,11848.22826962888,10.141060053348731,349.92322923848394,393.18644622133166,15.474875939143828,66.03031725974894,4.416183694491997,3.258615434291345,3.5041278863278915,0.6553241161935729,0
6.336267097401388,228.45502800644888,29342.70975589484,6.963477658871202,333.073545745888,398.1818843774973,15.545029094675217,92.01125691126146,3.7457248858316183,0.6637329025986123,4.150071192735968,0.447955238199022,0
8.054885744073163,200.9434839528824,12642.065947280007,7.309821638629845,334.4420643076838,446.7484416115787,14.94908036525527,71.20203815261473,3.514097774584284,1.0548857440731627,4.25402964577276,0.4889813266800039,0
5.870615501212626,186.17837556961345,18909.846005859377,8.494235191534507,328.74731541306977,427.18253097731366,13.300023895523625,52.16241878935162,3.728785236766734,1.129384498787374,3.5668507259499544,0.6386631046377518,0
6.21727313516034,130.94446388846563,19460.38281898756,7.0924629553053675,300.13127199830365,556.6537100333977,14.083608352195483,57.897074706807686,5.325833445695803,0.7827268648396597,2.6443946945398347,0.5035969670800141,0
6.193170101205059,225.68342182130323,12883.726495777477,4.73936011678666,333.073545745888,389.4059776465183,14.560135796918814,76.45781594495153,3.4666452881126055,0.8068298987949412,4.200063861965563,0.32550244430324266,1
7.036752103833548,197.71218301547103,12962.389672891964,6.47658388248892,362.7219539268882,503.8430011343108,18.89239347564819,80.34634783629686,3.500848661792521,0.03675210383354788,5.396516646183207,0.3428143473733342,0
7.036752103833548,220.97604896937304,11562.435509561536,6.033392288744586,359.1869011960677,406.4663850226815,14.14931749164407,59.37321782034496,4.589161805096586,0.03675210383354788,3.083202338328521,0.42640868479337907,0
5.7753308887641,169.72816947711055,14710.72283062666,7.2618107608561555,359.2669617856105,535.6525598606431,11.772464430288096,67.29719877784986,5.164259921170333,1.2246691112359,2.279602949964852,0.6168470660506705,0
7.036752103833548,206.26341782629424,18221.085342175687,6.237135144845256,352.15922580169735,547.3253177708582,11.759852211669909,62.34838795134365,3.469561085530682,0.03675210383354788,3.3894341481055226,0.53037525491014,0
5.290666876847178,160.4320288205544,9265.104947513526,9.272066266646704,358.547147467949,464.57333821732254,11.22081748921238,67.64606591824145,3.530573615782637,1.7093331231528222,3.1781844912871255,0.8263270879535933,0
6.618186566692918,164.2545648416487,13776.621791774089,5.925462323451307,333.073545745888,315.1993932446135,12.08216871396644,61.47442286838712,3.79706786115003,0.38181343330708195,3.181972504524734,0.4904303170482485,1
7.727421140658746,227.84271956426537,18767.941634604955,9.716908128728283,333.073545745888,328.8541690388659,8.233404553677929,66.6782137100115,4.601802090002829,0.7274211406587456,1.789169243587271,1.1801809185006882,1
5.470802484400142,213.16047846432213,18295.37092139286,6.0433954485275,333.073545745888,317.94845862493753,13.789267236562296,49.64245119325531,2.962852429032913,1.5291975155998578,4.654049741860894,0.438268031693184,1
9.268281894641785,204.36048528423495,14333.53802380583,9.070126286573686,328.2979467927449,431.4754121843943,11.934801935396024,90.9017997166344,5.255703381928599,2.2682818946417846,2.2708282407269844,0.7599728571699889,0
6.665495068276907,222.48777206240769,25319.913867098738,4.970958566316776,339.0597495868991,318.5643303881261,19.368697905911915,72.71677464001053,3.928495392384576,0.33450493172309326,4.930308181893282,0.256649070258379,0
7.8179012805146595,221.08970817902247,13742.145965163592,6.373737432069345,287.6984809266881,460.5992142125421,12.70482719696713,66.77759953605474,4.622667687389199,0.8179012805146595,2.7483750309915873,0.5016783645756714,0
8.24518659646861,199.30577420576543,13909.479065439597,9.369641788553407,400.3224341668411,423.73678433827496,14.801329007397667,97.27700425141389,4.125731794026834,1.24518659646861,3.587563651438305,0.6330270174281962,0
5.517737316420501,190.6699278409826,17638.322473218224,10.525857765559618,333.073545745888,461.92898116329553,12.531684282728747,44.88784333517118,4.523106007500935,1.4822626835794992,2.7705920425819497,0.83993952354249,0
9.49424264803844,274.82836925370225,21879.70420789106,5.265718338065395,364.682634348411,581.0781564148187,13.63601397508762,62.11964302909877,3.1890255397078775,2.4942426480384405,4.275917370175511,0.386162551719518,1
6.746934968256862,154.33216162064275,25137.42767692439,8.495903871344124,274.8840892219141,330.08372292196543,15.983632393097878,69.94325357106453,3.4855359764780687,0.2530650317431382,4.5857015722290235,0.5315377087548105,1
7.481397771916631,186.07476549927424,13781.780283955726,4.649253929836745,377.3443718640398,323.7728426252204,11.687123837165814,66.2916498377711,4.039976289796705,0.48139777191663136,2.892868696733174,0.3978098971829082,1
7.714312671631406,191.69263971651105,19789.636079978252,7.856556902117845,340.3263143932337,377.9263683128556,18.917026715796226,58.69220411270067,4.425133970460173,0.7143126716314061,4.274903893796719,0.4153166670870503,1
9.443358884146123,117.1251603715048,20438.2246900842,8.024953110998103,315.80565878312143,458.67723149125976,12.53868068723142,50.85247033933497,3.4866464085132063,2.4433588841461233,3.5961997925618254,0.6400156979158499,1
5.913374863624714,148.60794425320634,14467.785926491071,6.159095130224607,333.073545745888,427.04098167178466,14.4234035896946,56.46038631836534,2.4998319694156934,1.086625136375286,5.76974692555795,0.4270208945414475,0
9.076317993707086,215.91272332236247,14153.64337792511,5.020026909643878,333.49920270803597,311.7970420567545,10.776320935891135,69.11459306184557,3.436985823583103,2.076317993707086,3.1353978030840053,0.46583861724884085,0
4.761105184627487,150.07453325598388,19197.105514887666,7.936652408675291,374.4773192771577,400.45126841493976,11.13215005689142,69.2603504608719,4.581395077548666,2.238894815372513,2.429859778211496,0.712948680638147,1
8.892998479215112,224.07818298371927,22960.180643869724,8.982036448800589,274.68945853272015,466.2454797409944,9.693048966796198,59.5772117702484,3.619132804902203,1.8929984792151124,2.678278695766023,0.9266470800799331,1
7.036752103833548,194.44531580820777,41461.31699893496,6.951665550292708,267.1579598616741,362.500414204749,14.11024905318436,58.75146343948484,4.894842462723428,0.03675210383354788,2.8826762613841788,0.49266777867794603,0
7.036752103833548,192.61766234494436,36520.65869741918,7.458969893744622,333.073545745888,474.1478985256791,16.986365370742135,82.44020227297665,4.323989597567092,0.03675210383354788,3.928400163566399,0.43911509565649026,0
5.584124358081074,203.75642576459444,29999.98700535768,7.213328663165363,310.6602841265498,366.5581312021816,14.18302517343841,65.8812708385787,3.8527318927484218,1.4158756419189258,3.6812895075424428,0.5085888282906995,0
6.684699736748975,193.84093110096603,34157.18447357784,9.876574050392144,344.5354072354149,498.063996249716,8.818756566850709,66.65935223322833,4.030659830632323,0.3153002632510251,2.187918293652914,1.1199507385845051,0
9.888941401311577,220.63882299221908,19892.38891391681,7.986456361636122,326.0765602807416,460.8124248503234,14.929172151503508,59.60280779405531,3.750163510344408,2.888941401311577,3.9809379322755203,0.5349563757207687,1
7.036752103833548,205.23519375198808,22613.29748499291,6.485809596531018,267.1579598616741,313.0096388778709,11.623604636163977,28.400877340105264,3.978495493860283,0.03675210383354788,2.9216073594891485,0.5579860328667745,1
4.72578556493077,249.67099941958304,20834.294278345147,5.03601005290663,378.9986844595122,411.1144852611775,17.769641429076046,78.81743621228539,3.1563314195864676,2.27421443506923,5.629838390534342,0.28340525550848034,1
4.400509038627463,119.33403564526418,19100.087123976155,11.09608644703562,333.073545745888,328.399763492733,14.912108679987057,49.356509229324985,4.010809122979649,2.5994909613725374,3.7179792168542707,0.7440990366324379,0
7.036752103833548,179.15495640317573,18282.069275890364,7.874879211027755,326.1868555054351,397.2211508502477,9.438369332562218,57.85107898133763,2.7578568378969393,0.03675210383354788,3.4223552798354677,0.8343473431911816,0
8.716820333772386,153.9800344608404,11734.448856789284,7.123611322699021,333.073545745888,447.0280768382274,12.736044254919989,39.92752082303626,3.205128767209267,1.716820333772386,3.973643870903039,0.559326791018361,1
8.337696200697742,168.46918072827563,30969.047593280786,5.452161832344376,333.073545745888,302.4223184971019,14.529864109388429,41.39276824555531,3.454197456668698,1.3376962006977422,4.206435817645908,0.37523829652220775,0
7.397544009543939,184.840924899607,19797.10854291745,8.422000034825615,387.1903037447218,428.4147839334657,13.1434437950669,62.33797615381316,3.9471378883607935,0.39754400954393887,3.3298660540737237,0.6407756996846539,0
8.922409558967978,207.52072640009976,13291.92260936976,8.560537109298675,357.9443267771911,468.5383258139995,15.692738321524075,106.69503986064285,4.081728016204542,1.9224095589679777,3.844630121015777,0.5455094189678592,0
5.702925976824722,216.85047387261517,35606.44017680798,7.1843510891688,333.073545745888,504.63826042575033,16.140790019197993,77.53618351780308,4.137739016206605,1.297074023175278,3.900870996239038,0.4451052665649206,0
5.803496975764156,193.20099135531484,19451.767602835265,4.146601117658612,267.1579598616741,365.4776179894939,14.920615561874342,26.619225158022296,2.1817141666785806,1.1965030242358443,6.838938368196488,0.2779108423879846,1
7.036752103833548,225.95909234244704,9660.658301980391,8.827654541082934,397.9242402936577,315.7509090103922,16.71655697181717,26.619225158022296,3.9592936152493463,0.03675210383354788,4.222104843482177,0.5280784809866768,1
7.036752103833548,180.89303572718228,17705.608615915477,6.2233121801062214,350.1952531204174,447.93712304214415,10.461024655155256,32.074863481955944,3.9991254999566994,0.03675210383354788,2.615827395124541,0.5949045901669628,0
7.875895135481787,226.28478781681216,12710.249451611751,7.303126583151656,346.4032581373675,445.3741474328599,6.063461912529135,63.12804403102223,4.238589203481521,0.8758951354817874,1.4305374243418694,1.2044481327759031,0
7.869781869538917,184.0661690759395,18608.65629705439,7.411034745446107,333.073545745888,364.5776034677032,17.58072562779688,26.619225158022296,4.219575577587189,0.869781869538917,4.166466778012541,0.42154314223443545,0
5.842933080915621,168.29528712076493,19156.123132395467,6.878347938601747,331.4776492735007,506.75680774199674,14.526151009052684,80.42371544528775,4.143224936339837,1.1570669190843788,3.5060002114886393,0.47351479829724813,0
8.189213850977879,156.32846478012033,18432.47651803924,11.09608644703562,370.121384654358,288.3514710571789,11.871899812522202,79.76584121349576,3.7095088780387897,1.189213850977879,3.2003957942818175,0.9346512089565077,1
6.683367696720804,272.111698452723,18989.316768242767,5.33620199356427,336.5551001437835,307.7250090371044,20.178716181851428,75.4022602836187,5.208061134164884,0.3166323032791958,3.874515253855952,0.26444703820734483,1
7.036752103833548,228.25199483106684,18593.222636013652,5.905206999217824,333.073545745888,475.29573327780145,13.672646799134384,54.492468787347754,4.122850190557185,0.03675210383354788,3.3163085852940006,0.4318992989486413,0
7.036752103833548,163.40981923744118,32865.50952537349,6.066792957232626,317.4674988476398,279.646803827296,10.811672993221237,81.52645740099578,3.5746051622017676,0.03675210383354788,3.024577394719708,0.5611335451879531,1
9.51462662210288,215.7255270197802,16553.562437442186,7.547859470408599,321.77621306029215,453.9184895001651,9.640241051762018,57.86542318162909,2.645036370222636,2.5146266221028792,3.6446521173160544,0.7829533148526101,1
8.758824521484824,197.2152104214156,19572.14707975613,7.493432998912598,376.83827872529696,518.385545618882,19.185921024334448,35.78601004092003,3.527565358764985,1.758824521484824,5.438854743770579,0.39056934503373403,0
6.934503590060883,176.96943085029608,15323.40882188845,5.666870422440619,369.34180307751546,435.94838605718,21.81315970022024,104.74769954043892,3.875238036589964,0.06549640993911687,5.628855276864376,0.2597913479995314,0
3.940125459897819,163.17165313895137,25911.32167953699,4.138540036994002,371.96717975283417,487.9851851449728,17.751705391115934,63.61240285441542,3.4780048078684977,3.059874540102181,5.103989576715255,0.23313477283880646,1
6.217255306949025,205.64825148296077,32911.92971677305,5.94607364340275,298.39049042684866,414.7710169231197,12.12836582827748,79.24503323687058,2.081425020190486,0.7827446930509749,5.826950230576789,0.4902616920803702,0
8.039696863248341,233.85621914582333,8201.362113225236,8.293018014651564,333.073545745888,461.20977974503825,12.87796036376335,68.75086751424018,3.8260632484284898,1.0396968632483414,3.365850526177865,0.6439697853098761,0
5.500186640904189,254.67270502539407,21082.85204428116,8.369354097772296,347.81651449635694,469.7953750459356,13.496404312223149,60.045866658609945,4.178478951476263,1.4998133590958114,3.229979434855215,0.6201172759825545,1
5.098967067721038,197.1426366030082,21682.754770791347,7.7559050954694015,292.2514261959766,424.6661117841069,10.927590451540595,51.22096002026671,4.333667364665705,1.9010329322789623,2.521556688702353,0.7097543067805631,0
3.889106956840228,244.18739150014136,24856.63320937223,6.618071066219877,366.96787330342215,442.07633661599806,13.302880139674071,59.489293507127485,4.7548263932198465,3.110893043159772,2.7977629973789027,0.49749155816196555,1
8.558388775285017,198.8888677601275,8535.40295572258,4.7966658362851735,321.4034765037299,453.5711626270173,14.351624496412567,74.32620443283511,3.9462277186114703,1.5583887752850174,3.63679490464566,0.33422456832392833,0
6.875746152392153,192.0236594206504,25422.33854849112,7.571359938533217,333.073545745888,501.6059819605693,10.785964944965144,68.29461681514815,3.397302571603791,0.12425384760784741,3.1748605085277473,0.7019640129744249,1
7.785106673059819,174.88936090224752,13404.25433236888,7.517805732687179,333.073545745888,491.4317215284837,13.82554783351452,75.05942632608333,4.904613043963691,0.7851066730598193,2.818885993798062,0.5437618298713223,0
6.75076118602011,207.25450536342476,23642.992596628425,7.691012379460733,293.7830398628194,446.6969390598088,6.0003909304893455,30.90081514607788,2.77772626475094,0.24923881397988978,2.16018001717939,1.2817516703168943,1
7.036752103833548,139.3311517595722,2912.2112468274267,10.338233980802318,343.31802082745713,532.885196073215,11.078341219067111,42.17282405365111,4.093097748782288,0.03675210383354788,2.706590263028215,0.933193232017063,0
6.862995092159006,184.48065871704677,11579.11339840144,6.149493861922862,364.11020048312946,556.9562713683235,9.246907607305443,34.249780092905915,5.3432850343321014,0.13700490784099362,1.7305657132879442,0.6650324041339075,1
7.036752103833548,204.7349975348732,33798.10895559447,6.578160636500236,333.073545745888,426.0805224202867,13.940220861276371,69.05166195667726,3.8451271657169954,0.03675210383354788,3.625424240878836,0.4718834966876157,0
7.036752103833548,142.27741265590265,21208.61828519181,9.502685366042252,333.073545745888,429.6901556789518,16.29271779778753,58.962902387660215,2.6015175888806197,0.03675210383354788,6.262772008405273,0.5832473685934276,1
7.036752103833548,168.96302590875112,21030.234531024977,5.564002470746845,400.3224341668411,440.95207139525894,12.35272153960426,72.03364435651835,4.69101750323518,0.03675210383354788,2.6332706918732374,0.45042721982202777,0
7.036752103833548,186.5952547717052,29496.9101574473,8.11774776205242,378.43050067865903,616.1752427782974,14.962779709959593,65.44456251887024,2.4752844638171903,0.03675210383354788,6.044870350785793,0.5425293546305233,1
6.109073311509666,191.75557141833468,26853.949493176107,9.064612799735334,312.2019838188006,375.54736167496,15.514032977701902,73.78968300991471,4.881101138250652,0.8909266884903344,3.1783872859628395,0.5842847071731164,0
5.085429352833509,173.5659710719438,33455.24099482324,6.033247172047696,351.2712670306564,507.47624901785673,17.795957452409937,62.46613537245576,3.961730669540862,1.9145706471664914,4.491964357210585,0.3390234467102091,1
5.726336215779158,191.75228971567427,35899.280308832764,8.066654024034838,378.7746045945564,307.9875511048973,12.568720680384333,60.19235078048578,3.912289081846988,1.273663784220842,3.212624937681168,0.6418038547726177,0
5.115817063771218,191.95274297485884,19620.545328612152,6.060712994989327,323.8363839136296,441.74837932486867,10.96648615295345,49.23823132273568,3.9020887676437543,1.8841829362287816,2.8104136003963527,0.5526576478373095,0
7.53928739507425,258.49007575555623,26999.382075920206,7.002092479278954,267.1579598616741,352.19591205388673,14.65080895317061,59.15884348385835,5.427372664623769,0.5392873950742496,2.6994288321561912,0.47793210762136856,1
9.836030547126414,230.47192153993083,16103.360549293073,5.599314066414057,333.073545745888,300.0624865683152,14.383718429700934,61.93929664896926,4.219118007986666,2.8360305471264144,3.409175802453779,0.3892813742495586,0
5.869736755337525,207.7254551598048,22244.218235890683,6.5977643395030885,352.5639869759799,465.61648082479246,14.838100233982516,77.8227370729317,4.689315047790611,1.1302632446624754,3.1642354839728797,0.4446501769642033,0
6.977405633483939,205.5634994781838,16100.967947448617,5.527299246272879,371.36185124470296,532.3420829575954,10.346574097929192,72.57395937677795,5.327584531962534,0.022594366516060838,1.9420756430573536,0.5342153508728832,0
5.655117422470192,146.7620232813935,19271.90312346903,6.39143892140127,316.49563058220923,469.8950015549349,11.97141687184319,62.004563201076834,4.401152242426085,1.344882577529808,2.7200636316049023,0.5338915565243073,0
6.908272154356689,211.10555110633769,19224.98628010973,6.379970101156275,307.1022061806672,323.88545374509846,21.20847660360488,71.92098788711762,5.405567222899759,0.0917278456433106,3.9234499925019577,0.300821691231239,1
5.1959206693648685,175.1571552273615,33473.11251835836,8.407449953610357,319.253631429962,484.27989018962126,16.812766967214372,94.35695426785966,5.3759018937179075,1.8040793306351315,3.1274312984449897,0.5000634024097191,0
7.036752103833548,178.0804422985554,35044.371280297135,7.760027275505321,357.0828184487795,381.6451308720579,17.551381784903924,71.11118160577068,3.761633184058843,0.03675210383354788,4.665892781196973,0.4421319602339126,0
7.036752103833548,204.7372919371708,25680.717388367215,7.98019274322726,318.6772727355551,311.63557392495636,20.37683816788217,69.02052991972698,4.323784880397048,0.03675210383354788,4.712730632722958,0.39163055062070584,1
5.58246981997149,172.33158423726564,23512.837957229076,8.011316209784852,364.4834216194262,452.0807653778561,16.472044685086985,95.04565793385632,4.048113258131365,1.4175301800285096,4.069066146539694,0.4863583044234706,0
7.496510679592297,207.13732804747673,39423.66606481486,8.49411536940996,325.4039934454662,569.5692234467325,14.3139868039122,66.62248509808484,3.3634032575749067,0.4965106795922969,4.255803259948574,0.5934136234968991,0
7.036752103833548,185.8467966778486,14971.949025291871,6.66634287546027,346.48618873704487,418.45359071383103,18.68421531211061,67.71245963073115,5.110414148991792,0.03675210383354788,3.65610518272605,0.35679007158246845,0
9.57822672035757,205.74874230698765,33080.58882545031,5.659847929157454,356.69830078910877,333.0699110580093,16.984961425114875,68.9060880292909,3.419238761867212,2.57822672035757,4.9674672172856225,0.33322699147031964,0
6.978664262373817,183.24279619429385,23114.446075687887,6.500825401623311,323.1557768835911,470.0787053155338,16.08284747893407,65.99571677480579,4.766943236072579,0.021335737626182905,3.373827484121046,0.4042085834569878,0
4.3132191507406965,191.11933730430457,12770.831829545388,8.231574473126987,284.9459492993567,499.85479662246576,13.501270567670415,76.44396140716938,3.9235902023946743,2.6867808492593035,3.4410492508572816,0.6096888305571139,0
7.036752103833548,191.2586554129844,14064.899154832416,7.036949296843435,361.1549510894291,399.8386617026264,10.845263529339206,35.58299178321919,3.732339331231006,0.03675210383354788,2.905754182862045,0.6488499453200697,0
6.38231460426029,212.8385142858631,24259.751669473862,7.360504474852797,333.073545745888,342.58144361480794,12.332979143567512,67.7489913795461,2.881370055449986,0.6176853957397102,4.280246766635705,0.5968147511120255,1
9.879071257570804,208.90564522641387,14673.670669338468,6.24024762050264,366.8176388395701,442.3374864089906,19.626021989762194,66.81658138804367,4.218831154474738,2.8790712575708035,4.652003509773599,0.31795782689940955,0
6.336588682161135,117.1251603715048,15570.14232208766,6.851404882360647,400.3224341668411,380.4330193873439,5.328026018267515,48.7355139639406,4.356593856228123,0.6634113178388654,1.2229794585215212,1.2859178188980882,1
8.769676021676739,215.3687416311452,13969.438862550478,7.548543437259352,322.79907015152514,369.0166667859881,18.91918835431352,54.75521405592216,3.7767184616875142,1.769676021676739,5.009423799209075,0.39898873550511327,0
6.1491851735534615,150.56359352557246,20596.39123095366,6.906910694445656,333.073545745888,431.6512829698361,12.829380169701778,64.3949065970703,4.275614874442733,0.8508148264465385,3.0005923231758764,0.5383666291525587,1
3.889106956840228,158.73207576140192,23029.663613563633,6.821679099461131,286.5228468169785,307.3791420351913,9.71223191091832,79.85092857457249,3.762615331099367,3.110893043159772,2.581244287556841,0.702380097556384,0
7.555822759422741,190.4619172664933,29411.628645120265,7.86887830943357,349.94894140528936,524.4659994857778,19.40814391395935,79.5555931048464,4.099168690603565,0.5558227594227407,4.734652473267501,0.40544206282043277,1
5.896339345911832,178.6780936921637,17420.08714873037,5.2921624194223185,333.073545745888,473.68669331238493,16.437715183384512,79.47117720888966,5.0328549210101725,1.1036606540881682,3.2660810166974152,0.32195241482339954,0
7.159398310953257,171.816105324697,28954.801012055537,5.817090294681839,357.3287587922074,530.5264113279316,18.11704225580013,79.09444034942162,3.254926496664732,0.1593983109532573,5.56603557970626,0.32108386631022207,0
3.889106956840228,276.39283372089034,26931.243483430993,7.116897432866793,333.073545745888,521.140523649194,14.235154202578428,42.080353265271896,3.6632522218404526,3.110893043159772,3.8859323504331904,0.49995221910736193,1
6.60364071679867,206.91974260852413,14598.025787498464,6.452140869579198,316.25350286808873,582.1106055828028,12.520932515651223,68.87249654242956,3.4037984349167267,0.3963592832013303,3.6785165386683674,0.5153082924299529,1
6.7841161148075155,189.60834666312743,12736.86500142577,5.935771844008357,333.073545745888,480.30858096175547,20.6064086396986,76.62148875956959,4.072186607547674,0.21588388519248447,5.060279787086738,0.28805463677539395,0
7.9484883721691055,197.5945420985787,23602.18783183379,7.098458252650266,333.073545745888,394.7679885141045,14.876693759461602,78.97422652032716,3.891124346326485,0.9484883721691055,3.823236836486473,0.477152913830919,0
6.9639793510478585,180.40150602930817,12878.176353612203,6.424098532500371,333.073545745888,358.5164767719204,16.32962499884377,66.30262948798031,4.489870473182842,0.03602064895214152,3.6369916369271476,0.3934014491792545,1
6.143018479793687,147.47197267460024,34865.32463358429,3.6844626644107903,285.45510184832324,475.4452677053376,20.939359329513877,54.19852016954725,5.370403410374523,0.8569815202063129,3.8990284026028497,0.17595870200569436,1
10.258615434291345,173.381945364966,28912.202201016768,7.071294493360232,276.63439102605554,286.063394408431,17.685650942924894,55.14736365662774,4.135568909483627,3.258615434291345,4.2764724886812875,0.3998322773839891,1
4.912557262009445,276.39283372089034,44063.098416627654,7.9279769445687425,280.9336642514092,327.4756503972149,14.857981085483177,66.62248509808484,4.897372508450066,2.087442737990555,3.0338672473820503,0.5335836925200417,1
6.887414371129534,223.60305799350795,29189.13672090755,10.514466037259698,267.1579598616741,386.62286249434106,11.31229361612941,67.9161827033808,4.564188355184362,0.11258562887046608,2.4784891107289457,0.929472436323207,1
3.889106956840228,186.917765461785,19988.649261869065,7.174952251824625,333.073545745888,483.3342093477697,13.422801757550758,74.38170140421502,3.635634542700211,3.110893043159772,3.692009718768882,0.5345345812958836,0
6.800119090315878,242.0080815075149,39143.40332881009,9.50169458771527,267.1579598616741,376.45659307467866,11.43246634722874,73.7772750262626,3.854939899721073,0.1998809096841221,2.9656657895989906,0.8311149552522892,1
5.28029229639521,164.05738871795833,13679.05690473032,5.971385389371607,333.073545745888,635.8884840582251,11.805625077563093,35.433863716753535,3.835305907991308,1.71970770360479,3.0781435125738437,0.505808446764241,1
5.652501287341676,187.8311801753223,25868.598733450108,3.5237139413829164,338.0288520725919,456.2597910734381,15.496329208804354,72.54525642287913,4.85644419196427,1.3474987126583242,3.1908790475892523,0.22739022038784978,1
5.272227560197716,206.3131847013754,42210.88523695676,8.84971666468826,333.073545745888,410.6485371885456,11.92799852904733,46.54036847135235,5.068556188550558,1.7277724398022842,2.3533321387774153,0.7419279857563068,0
9.130607243837645,226.40374126733997,19968.677835142294,5.723791567393456,386.6997764306265,440.5430990977786,11.75171841804928,66.62248509808484,5.288486793442537,2.1306072438376447,2.2221320871007455,0.48705992406544146,0
4.077920470156396,185.8523263440593,9975.60133394594,10.758464391743033,333.073545745888,307.87757100128897,9.702581290743012,64.36111582650108,4.78905205310489,2.9220795298436038,2.0259916069320907,1.1088248539780396,1
3.994497605953491,179.45419201070274,18682.27713864192,6.464792740892933,331.1456211400727,538.1749592223946,13.916820320124998,66.62248509808484,3.3791473508468757,3.005502394046509,4.118440173435177,0.46453084308442266,1
6.848329601322462,195.45148242169228,15908.642086031294,6.241348598048285,319.26472220015205,404.2048591920263,18.93733758411463,75.39279510352954,3.7322020177545054,0.1516703986775383,5.074037369893225,0.3295789727963025,1
5.329938815249272,196.0346230520393,24000.523143797243,5.729574898504879,335.0923218449924,511.7051873083987,18.58809062683991,68.45803744806288,5.799322350328874,1.670061184750728,3.2052171441321335,0.3082390066461568,0
6.394980461331702,220.4223891479773,21051.256906654795,8.7395051283663,348.04776048348594,353.36541839326185,19.637041624544793,48.70998868529149,4.732002727289712,0.6050195386682979,4.1498364659556275,0.4450520017430013,0
8.293720110388866,206.1604148879135,35216.385970173644,6.440999765643898,347.06224073011657,399.4836212000171,16.065667944692393,79.95451096438448,3.954715282670767,1.2937201103888665,4.0624072111293525,0.40091699809187265,0
7.417502636689077,198.70565298813403,24389.36288513361,4.790681389223984,289.3313577693062,366.3707236475444,18.415180455004304,87.99622277162433,3.3912406668716133,0.4175026366890773,5.430217679529788,0.2601484759153498,1
7.7569391834656045,219.57621507293064,16478.071433262532,6.950541221617701,333.073545745888,362.7492199188479,13.054671937044134,82.10099962266007,3.8703388472536906,0.7569391834656045,3.373004038988319,0.5324178748204976,0
7.036752103833548,196.33467279621243,24108.127550510275,7.843143600307158,352.62391167393247,428.77061040859,10.287673166557624,73.44593375629363,5.034682957349176,0.03675210383354788,2.0433602692261568,0.7623825826252394,0
6.906992171811655,216.78529084002471,19991.23914904896,7.302351651289456,340.10602778835107,356.4591368515823,9.614106024611772,61.12264362555359,2.1247593522163015,0.09300782818834463,4.524795473797061,0.7595454921185811,0
7.036752103833548,192.057661022839,25795.6936351192,6.11686336752183,318.92656404790614,509.0628334635237,13.939193244337332,84.31540019203419,3.789195950500151,0.03675210383354788,3.6786668590814324,0.4388247455556299,1
6.150553015211817,212.81937743864663,15017.747281118674,5.544435529850245,319.4949519195244,279.44706566597955,12.850505624337243,75.02879271135131,4.8105371794819956,0.8494469847881829,2.6713239028322193,0.43145657147476046,0
7.036752103833548,191.53163008476997,12885.516912011995,6.979954608076548,328.60022093335806,596.7510259112656,13.447513114523758,50.75606431714502,2.3729247217580594,0.03675210383354788,5.667060283943793,0.5190516662509369,0
7.036752103833548,185.75572785563844,27345.174288027636,8.932763593498796,333.073545745888,313.87877126741535,13.420126082226544,56.97484976379481,4.407566169075395,0.03675210383354788,3.0447921874873605,0.6656243669502386,0
8.468694414938106,151.95430074578832,19148.224744060233,11.09608644703562,390.80736127034294,374.99468956000806,9.901729762761818,70.2699593087864,4.375598892354405,1.4686944149381063,2.2629422265192387,1.1206209008192292,1
6.665774201161871,155.7096794097609,30610.047900416503,8.172548400173357,337.1737674114045,425.6919559344481,15.101532720256046,79.78046693757119,4.903553219156194,0.334225798838129,3.0797115817054683,0.5411734034147355,1
6.978290867613598,191.85848413660383,26189.647063515873,7.27943319506844,317.1841648795262,564.6475642135422,19.426893317894155,50.50653974992088,4.931878078886141,0.02170913238640182,3.9390449374686805,0.3747090541571196,0
7.036752103833548,215.43191943883585,19909.938849114144,6.902628164684116,299.08641790230433,371.4829106557067,10.766349203052188,85.2671816033829,4.59253797924015,0.03675210383354788,2.3443130807859824,0.6411298197161809,0
7.243482154402432,196.9823785600006,29772.019247449647,6.497200835133999,333.073545745888,322.3652373888966,14.154954780899176,50.6550008331396,4.763578511529136,0.24348215440243237,2.9714954367068716,0.45900537844854167,1
6.306864459373674,220.96997974032553,22418.90818885896,7.153363581991464,283.97599250264545,350.9092266374597,19.86138156029648,61.83618530381484,4.619172769338624,0.6931355406263258,4.299769299032074,0.3601644326760645,0
7.036752103833548,169.67353060135926,25541.152765221417,5.457299213311014,393.2646996081426,359.77813414088587,16.82030771639961,60.376041382505264,3.611330374366964,0.03675210383354788,4.657647269865416,0.32444703039191003,0
7.705711006313976,178.92285762430564,18476.619165976248,8.226228135087709,334.88991057789354,518.0433689948433,10.638798358915722,63.15748918774163,3.8619560774085047,0.705711006313976,2.754768669271356,0.7732289948859515,0
7.565198073160248,213.4282694402866,11246.426645933883,8.208677807352506,377.2216722685338,341.7164586410778,15.669955291483175,67.23005672019866,5.185000023597019,0.5651980731602482,3.022170144262068,0.5238481623470788,1
8.697122159630041,166.45277418872513,27752.000239563826,5.350923532087751,372.2640993858731,393.55579570931354,13.748667952485505,75.0245446082447,4.180567592572657,1.697122159630041,3.288707659745582,0.3891957505544857,0
7.036752103833548,182.25781425767667,17540.742497737258,8.422475923153424,333.073545745888,305.8275349204158,11.805005166813087,61.696112956457185,4.164772623814826,0.03675210383354788,2.8344890342443163,0.7134664568690505,1
10.258615434291345,193.43316279213033,14054.125487414609,10.328488971280226,327.0641849167144,479.4025091342526,14.0757873456472,66.36750317331158,5.1404494666364435,3.258615434291345,2.7382400505567803,0.733776945038692,0
8.339436756896689,175.59674225726096,12629.853049233752,6.976313538906217,333.073545745888,452.3375200261596,17.528839479028647,101.8513931339313,4.133696121710745,1.3394367568966885,4.240475042780656,0.3979905885533397,0
8.57012912066282,200.07187478771368,9782.344284281313,5.661696966941969,333.073545745888,511.16151114197817,11.856089044896237,66.04841335142315,4.60440456098565,1.5701291206628198,2.5749445586105675,0.4775349162753023,0
5.53953369002387,200.71168111573743,21021.41825917061,9.827309049243365,390.55415582288856,437.34165520118546,14.955890404456454,67.16981626990822,3.755660187275043,1.4604663099761304,3.982225674437861,0.657086146420874,1
7.575757883896304,203.88437279422124,20855.272321145047,8.109311853778678,334.0274201302968,532.3111875218963,14.236013174569962,74.63870560573021,3.176432526006715,0.575757883896304,4.481760143259446,0.5696335894540259,0
7.036752103833548,192.447171018824,18257.569271194705,7.472249065980871,313.7765457896923,462.40244905277575,13.932145376259996,53.18591655036131,4.358298340908286,0.03675210383354788,3.1966930874822572,0.536331507305535,0
7.036752103833548,193.9261803834449,14936.503970693218,7.203401351419109,309.4474322123628,447.45010822569094,12.18062590990644,66.62248509808484,4.297913885824022,0.03675210383354788,2.8340779735034465,0.5913818233411797,0
7.765635561977197,173.18556894396477,13736.342035671105,6.984101860179184,359.8136999394833,355.99802591894985,11.515123021868988,39.550476031066474,3.214449639874844,0.7656355619771968,3.582298909501169,0.6065155570113968,0
10.258615434291345,186.6526477450141,12355.344107252762,7.065576303430455,321.83151256825505,503.9641099958293,16.282371267239228,77.15217275097802,5.1669034830424145,3.258615434291345,3.151281646617884,0.43394022612089955,0
3.889106956840228,201.0973162217649,28102.75662504674,5.682035301583484,330.02353056666266,291.14844892992795,17.47063098396353,75.10180148396566,3.3161576568421625,3.110893043159772,5.268333874169963,0.32523352943379963,0
6.702496216244025,208.55378445476,29057.22761748945,7.029491110970193,302.7449601923821,361.947758191616,10.61458158945743,53.87973715099733,4.267952933982107,0.29750378375597464,2.4870422112437756,0.6622484729594543,0
6.767523658273503,203.75105571618775,21162.72673490324,5.232749727921741,267.1579598616741,334.90537583271,13.21432417038477,79.86300940720749,3.3002534975545297,0.232476341726497,4.004031864868758,0.395990688926673,1
6.730427772496591,183.9152961822356,9258.767076148217,8.005172947231275,345.0719543705598,320.66786536144025,12.066807991437884,56.43748498919986,3.961942034758809,0.26957222750340915,3.045679325920059,0.6634042979309128,1
4.723312573250525,252.274895005436,22833.192041516584,5.922450614186979,378.56030360783154,411.2950246366092,16.58457143941098,66.72840154231321,3.917586695104175,2.2766874267494748,4.233363163800209,0.3571060174040472,0
5.600876517470604,183.57378304518835,20411.664380714097,9.753766227622148,336.4048186843101,368.3599839519765,11.095878005944371,66.82012406162275,4.362033669355959,1.3991234825293963,2.543739068351477,0.8790440326896846,0
6.7046354257784735,230.7669397865982,9727.761715714958,5.94369457895465,267.1579598616741,405.7615711074015,12.82650936868879,74.38519941725967,3.4221786198283937,0.2953645742215265,3.7480526429328624,0.46339139860394113,1
7.423586011645774,180.45387128584332,34451.98421401317,7.930651012247173,303.79013417198775,429.8599985796419,7.665923381467792,66.70047596078888,3.36539749533764,0.42358601164577436,2.2778649815432015,1.0345329040055955,1
3.902475685915096,196.9032467083208,21167.500098968772,6.996311586298768,333.073545745888,444.47888250689795,16.609033155789916,90.1816758847452,4.528522696326911,3.097524314084904,3.667648503034557,0.4212353060794839,0
5.4881354688390225,192.5079836142217,21715.774408674897,5.454063428048611,333.073545745888,553.2872406359636,13.081524178342818,87.27953747817827,3.6529914223306736,1.5118645311609775,3.581043338161806,0.4169287108110385,0
7.286167388039818,208.4440850753948,30879.02668435887,6.856967134399797,336.04883168912306,352.6021463876769,10.5664520105654,64.02533282443923,4.686019915871022,0.2861673880398179,2.254887931630442,0.6489374558845352,0
10.059642098512771,175.87582782814636,5232.913253564904,9.674174823427954,333.073545745888,477.9837556664739,16.47052774185039,62.60455113782194,3.81878876006795,3.0596420985127715,4.3130229147669334,0.5873627358936325,0
8.062805643024472,200.49311204567692,11567.8878401924,9.889949954589298,333.073545745888,510.41440252841863,10.650935473654044,40.99280881476402,4.471842000471335,1.062805643024472,2.381777596514777,0.9285521492924957,1
9.267187530763549,198.61439471909597,24683.723566029657,6.110612421393192,328.07753320146935,396.8769490579176,16.471969353155146,30.383314574642014,4.324004645618281,2.2671875307635485,3.8094236463005013,0.37097033872591484,0
7.58004880807379,225.08855450869413,31749.9243962038,5.88479511562775,333.073545745888,503.9087330585392,18.502406101828058,78.3543406993554,3.959636523743514,0.5800488080737898,4.672752490822832,0.318055649907645,1
6.1663482229269535,210.0865581013059,37922.90561590639,6.760220714847252,333.073545745888,217.35832957837815,12.289237613808154,39.978096102873664,4.816304243581658,0.8336517770730465,2.5515902735162257,0.5500927215500142,1
7.529929502630923,171.8141967737356,27062.065888519344,5.029568518180121,378.2417817104374,325.09975596843776,13.786737325791876,97.24134982418197,4.585321994452448,0.5299295026309228,3.0067101799528095,0.36481206789650417,0
7.583770299043088,217.28326240967087,36343.40705514046,8.532725772698734,375.964391222051,393.8776829935728,17.442301311156484,77.72225679070392,3.642289213931961,0.5837702990430884,4.788827986424233,0.4891972183764418,0
7.036752103833548,232.0983390036539,16378.151575664648,3.1462213405647073,267.1579598616741,454.55520783105055,7.764144251689345,55.87664101186442,4.4318291438537125,0.03675210383354788,1.7519047435644741,0.40522443083868676,1
8.592417714156252,228.67603566526756,33013.47977434919,8.172356270228677,333.073545745888,328.5584399484513,17.128154585557013,66.62248509808484,3.701287941822627,1.5924177141562517,4.627618879471374,0.47712996471843466,1
6.857493757803479,233.21057499872185,22603.649454364735,6.627059043301967,368.105783101925,412.4346768867728,16.92617480326595,62.55789982166269,4.306581068206637,0.14250624219652064,3.930303552839157,0.3915272487021704,1
6.597292363153351,191.78744194843784,25039.35469550197,7.294577390106759,395.7395286717211,501.5326526063095,14.695391034210049,80.0500310966604,4.3183054068542095,0.4027076368466487,3.403045001828695,0.49638535488712326,1
6.271012171064563,213.44468499464287,24846.141872428983,8.372997048507226,333.073545745888,543.3917435559852,17.9165263662577,84.57886850787546,5.303581360575867,0.7289878289354368,3.378193294298593,0.467333701299513,0
7.763415106574563,193.7211193509862,20019.26121482609,8.344391015666405,373.59779045374427,375.07287510019734,11.435979720918908,28.993636315510596,4.113536186706407,0.7634151065745627,2.7800841956348945,0.7296611649932822,0
8.205447052623702,145.79731742174187,17981.25477626456,6.580460163575968,359.3925666697951,420.39422277709673,15.856797119382918,100.71230585069785,3.7399216697331688,1.2054470526237022,4.239872991949924,0.41499299631822856,0
7.036752103833548,196.1393118271605,10540.342277807413,6.459459721140994,359.1687216410832,400.67960209642615,13.583559306589391,45.90070579583624,4.149483264789617,0.03675210383354788,3.27355363697905,0.47553510091220397,0
7.036752103833548,205.50945715451996,20406.92767150048,6.810069234906923,355.2659228857551,482.33005480949834,12.33777643382166,70.58060722926848,4.1025294815021445,0.03675210383354788,3.0073576514425246,0.551968883490994,0
6.225152012969118,169.74117152260175,29533.608826117594,5.574917123210296,333.073545745888,380.1147511485802,17.59550986619479,75.5190590415527,2.770822652580127,0.7748479870308822,6.350281386478802,0.31683746869328205,0
10.258615434291345,163.095105838738,38037.35307442267,7.602196991522025,350.0002357127786,477.72337472018944,13.526521986200237,66.62248509808484,3.229834158576746,3.258615434291345,4.187991436739704,0.5620215187064547,1
9.13079589890256,200.0323482662457,28273.603243437527,7.497526376826516,333.073545745888,453.8735707211663,12.860513918176252,64.17849389212562,3.0257073692803504,2.1307958989025604,4.250414233158584,0.5829880393225919,0
5.69447554633745,193.43213025278828,18742.925222389793,6.556668444833776,327.0023706311516,448.7541507795935,13.6233079951204,56.3264966158477,4.107467119295052,1.3055244536625503,3.316716673009385,0.4812831043604931,0
9.62210598702481,182.90972778877608,30307.217674994205,5.657004242761536,400.3224341668411,573.3304971144634,17.69971822487213,45.90678242024327,3.975571849056162,2.62210598702481,4.452117693950497,0.3196098294492807,1
7.678945067219358,178.20054154343248,20243.08819511128,7.0994743783364385,333.073545745888,363.9740597257931,11.913203931459805,58.27370011313397,3.08954964758435,0.6789450672193578,3.8559665434759807,0.5959332034647113,1
6.541007699013848,195.56688949362348,29616.492869322887,7.108628055021516,328.9985402091007,530.7996675336756,11.899397834129331,68.14144556672346,2.355934229271096,0.45899230098615185,5.050817054003175,0.597393881330615,0
7.01683611325458,167.36218705179016,18014.99570314822,5.903058231468139,362.523415862375,471.48439459306235,10.692587986909416,45.002014419832086,4.101397991008648,0.016836113254579566,2.607058715904109,0.552070058869284,0
8.64953494696306,175.42666978686287,9898.022208564938,6.048403824702428,336.4776160271515,410.6250980041167,10.06925422007106,66.62248509808484,5.229809192531628,1.64953494696306,1.9253574889678302,0.6006803574355863,0
10.258615434291345,213.7764386430209,11298.450090961083,7.668897441408557,300.1846216565569,497.16912814048743,17.97129471576409,83.34530446606001,2.966945650593862,3.258615434291345,6.057168136867903,0.4267303572708751,0
6.110545160785598,166.6373052223238,21319.794396766356,7.681244589718963,311.2535645807778,340.6306415230615,13.623813467204116,95.49467973469802,6.064559250159787,0.8894548392144017,2.246463536551584,0.5638101288159506,0
5.039673103915176,154.4183296387872,23027.54975933531,7.759843399542577,400.3224341668411,490.3327614715601,17.7283890375611,69.50852573109637,4.864866409455395,1.9603268960848244,3.644166951622168,0.43770716816934946,1
8.561218924457805,205.36683110631657,16686.312760329496,8.159299081006804,333.073545745888,347.8409648944553,18.893136608544012,68.089865465004,2.8138885986983486,1.5612189244578047,6.714242313303128,0.43186575200282973,0
7.036752103833548,139.95535042279025,31421.144495479497,6.627704890811055,346.44115535089605,378.7710756220023,17.544484637278742,54.798767433760005,4.536181266097956,0.03675210383354788,3.867676298723901,0.37776569959557116,0
7.3712898766050605,180.73652626932375,25672.311996021173,7.377422362740065,310.56746710632524,298.0530572539995,12.671607097853666,27.5593548827384,4.084696775133466,0.3712898766050605,3.1022141160589602,0.582200957113696,0
8.064170137236562,209.83933337513497,8712.00258845446,8.591510126308991,355.44372109287366,338.8481579462765,18.72131156504707,106.2430659759468,3.246077223248075,1.0641701372365624,5.767363038563576,0.45891601331145176,0
7.927969552720631,224.72105888484265,27402.019999042303,6.875298924484605,343.2863134611688,315.9134105716916,14.13712035522184,32.43852618764184,4.847262262021436,0.9279695527206311,2.9165158958843693,0.4863294833318433,1
10.258615434291345,199.6093635972818,11278.829678470607,7.464893143133992,400.3224341668411,461.97928577438415,17.099096356293614,63.19083547481524,3.8578519748426943,3.258615434291345,4.432283051686499,0.43656650334155855,0
4.85805560159329,159.69555433147855,32886.52889859088,7.689304574094695,333.073545745888,337.3880348305506,23.10801589294806,76.09446943611884,4.130972246502359,2.14194439840671,5.593843027793345,0.33275484476737,0
7.717076952182754,211.68132717914617,21400.016496453653,6.987854135150098,268.94495696809895,495.9149193452208,11.440746502455966,85.05154574919003,4.967975792277656,0.7170769521827536,2.302898540154161,0.6107865009388616,1
7.128062255250418,191.40082063549377,25227.5451533956,6.607844327158406,319.25085850798985,419.3049802150047,12.86536616804517,78.46849122768643,4.5105952635743645,0.12806225525041803,2.8522539851195137,0.5136149043278674,1
7.274212566762742,197.66094852031983,27198.43259077055,7.797840028172333,304.84997882356305,300.0199103361062,14.61160015060949,66.60889105705493,4.710256299762649,0.27421256676274197,3.10208110103577,0.5336745745928785,1
10.258615434291345,136.3237517489284,44831.86987314955,9.158703902851247,327.92275104512413,365.7202915004255,17.97556383516246,77.35985434424164,4.201849441297085,3.258615434291345,4.2780113395976835,0.5095085460088393,1
6.208015539719022,153.2211063194914,17358.796365042126,8.21493885317026,328.2820289976498,481.19567347842127,14.27409227521025,62.71819917163483,4.334615732320451,0.791984460280978,3.293045996149445,0.5755138834238323,0
7.88659122732868,213.05259073034645,38852.029635921295,11.09608644703562,281.70077681472634,326.1153502173294,10.385172454825522,64.66250070111096,4.589983507854727,0.8865912273286796,2.2625724415961823,1.0684546093815863,1
4.997770601283687,276.39283372089034,26849.194735446832,6.130756541740465,374.2329605843208,297.611540021754,15.571570956087156,70.5602746097244,3.4046329060198497,2.002229398716313,4.573640334296891,0.393714684620769,1
8.11644657034648,208.6891531359055,23985.864422293933,7.513870224431929,346.42378707303953,436.29055173235497,9.61229318354208,67.38115657422024,2.9346974369973076,1.1164465703464792,3.275393840253338,0.781693743549483,0
7.183825723393187,261.85079976925243,14100.968986979937,9.008495193731893,358.7247021216808,290.4238383652442,17.14990712568715,82.02511580240524,4.597165511526862,0.1838257233931868,3.7305386008285204,0.5252795016574437,0
7.876495131350931,250.89662136200684,15741.081627151125,8.075738099606752,333.073545745888,391.2587936893696,16.543868884573612,59.24608622626109,3.913904716907024,0.8764951313509313,4.226946196764151,0.488140813240861,0
7.0891841872037595,179.0458380971534,21065.663658448153,7.471614406460985,377.7780241371515,571.5755052527225,12.623104290428271,85.24117891866936,3.2660285121463977,0.08918418720375954,3.8649694509748964,0.5918998720644825,1
5.057736411358974,137.68934356534146,11229.137777081483,6.411410462619055,400.3224341668411,580.0952245647609,15.390304366955604,43.8825144491407,3.163935937469414,1.9422635886410262,4.864289229249021,0.4165876056224941,1
7.436537226981672,167.32846550915767,31935.690705113037,7.896364630830959,333.073545745888,398.57421484064594,14.824432884705288,69.25278307869806,4.497629168137822,0.4365372269816721,3.2960542175576717,0.5326587640542431,0
5.669689566349437,194.13006899279057,20081.537954466112,6.77810364227845,333.073545745888,403.9899201737513,18.28480665026774,66.62248509808484,3.5921334240895173,1.3303104336505633,5.0902345211934295,0.3706959226436926,0
9.961503136754189,276.39283372089034,18743.22249362019,9.16073963943493,361.2211655449381,457.5515592245331,21.564488663701184,93.74033372475232,5.215590495080511,2.961503136754189,4.134619953276901,0.4248066975985483,0
7.036752103833548,162.5126840585969,24642.812333336464,7.267572785717366,330.9053704120183,414.65072522676945,11.583353447016464,73.94618571026848,3.215740139131738,0.03675210383354788,3.602078944122975,0.6274152119716307,0
6.332386866369147,186.8380279272819,23073.063966144608,8.082003931853437,326.98047591959875,233.90796511138964,9.64144153860542,60.94002777822824,5.159001749466259,0.6676131336308533,1.868857608110968,0.8382567130895803,1
6.825467900630395,187.05170966607415,44831.86987314955,6.137757462086741,352.7021822368813,373.4272354878943,12.606381646809666,58.7522013156628,3.027449578045163,0.17453209936960512,4.164025579221728,0.48687697605625524,0
7.288112706816173,216.61247489358416,18979.981691997367,7.668510397528325,358.9786197167675,384.69495523570447,14.163606934570224,53.31304554858022,3.626989960403898,0.2881127068161726,3.905057136672041,0.5414235153185223,1
7.036752103833548,208.36704564032416,22444.09006770394,5.404248261827545,338.0636900294603,540.8995403289057,9.980418462735202,84.57008276870626,3.5944444159046545,0.03675210383354788,2.776622624055989,0.5414850830674881,0
7.460147818172523,221.34320946197764,25480.91841000956,6.926943239184043,333.073545745888,438.6196351489,13.089086024524818,58.08399266178712,2.4136288515589506,0.4601478181725227,5.422988125569729,0.5292151565808324,0
4.4770917139584885,236.28248955402273,26843.470364384983,4.842658321262629,267.1579598616741,456.9797718349887,16.22570589167026,74.03569524445257,4.32768028988057,2.5229082860415115,3.7492839247684144,0.2984559226660682,0
6.894050878953207,170.57129777067271,17475.467753769837,5.194783893813375,363.3087554222435,641.5860870642371,17.18318017341494,40.91657177750971,4.568843222982035,0.10594912104679288,3.76094682479668,0.30231793760345815,0
6.652488090855707,145.0101719190834,19871.788448305862,4.961066380191502,288.0521917368515,545.974993762403,10.942024256012132,71.7274140605346,3.742090426349668,0.3475119091442931,2.924039797361618,0.45339562504351083,0
3.889106956840228,147.58183139318666,41538.24273000266,7.728177044016057,376.012933045253,428.44482252009914,10.828696338235147,65.00583980748948,2.9675541301719313,3.110893043159772,3.64902954224401,0.7136755975927562,1
7.036752103833548,228.10945922134317,15617.458576764207,6.326534002728561,326.5048926283552,402.6006571806636,14.652334166327025,80.3401853769289,3.490172614179791,0.03675210383354788,4.198167709135696,0.43177650053131195,1
7.027185659271876,185.32070143113657,30988.97301937858,8.600477186834942,327.46266996635546,326.2690801979097,9.98201022863941,52.71658853811383,5.353043339815189,0.02718565927187644,1.8647352039277212,0.8615976269551064,0
8.501711439023032,193.90890608507843,21289.179593409233,7.108190294038022,333.073545745888,393.17668125098567,13.643236218867967,61.12507973235428,5.612295662106835,1.5017114390230315,2.4309542136260394,0.5210046692003364,1
8.596767212344783,202.3431874909089,15173.471149854351,7.248624986357715,373.6533276680724,315.4790703994883,15.00867420137007,76.87966925788344,3.2386929330871066,1.5967672123447834,4.634174920957683,0.48296234605010463,1
6.630251708982636,160.92038414912372,22557.779576080033,5.305394004221403,338.6308276497314,416.89807107682105,15.79310142065583,53.27603261965065,5.18120249221265,0.3697482910173644,3.0481530872880915,0.3359310832609094,1
7.036752103833548,239.75792881016525,12318.403885882264,6.4077330644267905,267.1579598616741,481.97993436874464,14.66944772352781,78.80137124087906,4.742163225987996,0.03675210383354788,3.0934077827031676,0.4368080345207284,0
7.036752103833548,178.15485548223057,34383.59763883363,6.42577003677151,311.52689022803526,570.3787653197973,17.592126372352084,68.99274058496776,4.0058929921265065,0.03675210383354788,4.391560637133436,0.36526395590281463,1
6.635894308187562,194.04977998317855,20339.01686990398,6.032863905159469,307.9549022960769,412.5829888313687,15.894673995972482,57.64345689991341,4.523236865678159,0.3641056918124379,3.51400356735151,0.3795525172227884,1
9.175586152587863,276.39283372089034,44831.86987314955,8.33027629009801,314.78376125661964,422.3182270804992,9.969135935575425,64.07054759532215,2.9596846207077028,2.1755861525878633,3.3683090750671223,0.8356065669407099,1
7.240271791102996,213.42313924496764,23432.96269427995,5.9278681269137286,328.35920602699804,325.3877076397499,14.033552834801071,60.57108127695992,3.832597166985505,0.24027179110299635,3.661629062939054,0.42240676857016224,0
10.033933455332264,213.6474186310885,25433.232095308107,5.202937534233646,319.010074348213,362.2621568252554,13.994461152064275,68.02076987811898,2.9015354674454747,3.0339334553322637,4.823120890975759,0.37178545896929516,0
8.55107774771961,216.41593213399565,28909.290284153052,6.936782341455183,295.2237066551887,510.89500072429865,16.2023714425128,79.85932285927395,4.046379690043383,1.55107774771961,4.004163889566971,0.4281337418990579,0
9.925041328429108,238.71339338235535,10704.6031822988,6.110019418331791,351.5974226871131,405.9001841052152,13.550366565856905,59.46266898344466,4.703803488576944,2.925041328429108,2.8807248682983286,0.45091171059649426,0
8.108350799116819,202.51019413930052,26730.192612963612,8.395129393209157,323.9518054321616,368.4549914437797,17.337091480230242,66.62248509808484,4.7533581835009855,1.1083507991168187,3.647334613468233,0.4842293713771357,0
7.735705021751655,137.31816582716152,16723.97724364579,7.675826174302703,282.53989232753565,595.3292634501314,18.756139371883535,63.04277916472739,2.1486115361452747,0.735705021751655,8.729419128091399,0.4092433742823326,0
4.9794688114833265,240.8134745868378,24167.842881816436,5.593830420301607,333.073545745888,398.0289609378135,6.091226588480367,62.419529289106805,3.43902165089796,2.0205311885166735,1.7712086272214267,0.9183420483057586,1
8.099124189298397,224.23625939355776,19909.541732292393,9.275883602694089,333.073545745888,418.6062130644815,16.868636929550973,66.42009251176368,3.0559337496641685,1.0991241892983972,5.519959786904726,0.5498893059079966,0
8.137713063107284,178.71663294161257,33786.716309201074,9.10188513655897,333.073545745888,481.0735393354328,12.273180646441858,95.90528790951598,2.743866752405663,1.1377130631072845,4.472949046353072,0.7416076286296729,1
6.922041828080885,201.41012273319703,16515.87216586344,8.463003513917272,357.9352222939068,336.0464514806999,20.92910323589649,60.52090426470505,4.24294721566937,0.07795817191911514,4.932679394625772,0.40436530004002635,0
6.710633528014908,203.6429166718787,23748.18399201374,6.726664085659697,342.4414334736414,455.9675579944937,15.87954856980474,63.67695249488975,3.863286908993115,0.28936647198509213,4.110371513559653,0.423605471684825,0
7.036752103833548,223.5119784342916,20134.398340672,7.977730117723771,359.22570410694954,477.34265616964944,10.933867252920834,49.145504353825096,4.314495017031872,0.03675210383354788,2.534216559653406,0.7296347397996706,1
7.352146037579763,208.32447571640984,13714.832635362272,8.219240345248597,352.849847308503,336.91293410368445,20.84644506494004,69.4372246785408,5.864497891134695,0.3521460375797627,3.554684799489587,0.39427537526753187,1
7.952929115572246,221.3698538449429,18621.424922740112,6.8794183880855595,333.073545745888,309.2546197357952,19.056984917706245,72.68935432469671,5.260014766135651,0.9529291155722461,3.6229900755044206,0.3609919437309206,1
8.512780908859234,157.66691751062706,33092.669352987614,6.765469172057388,305.85557049491877,377.6189451426836,13.309390963575993,43.01942664516469,4.026622093912992,1.5127809088592343,3.305348092722081,0.5083229339531473,1
6.446252031563202,204.25356307886767,11104.250507939692,7.648612892834538,333.073545745888,418.0412195645082,16.62562737934104,66.62248509808484,4.976957857871973,0.5537479684367979,3.340519352102853,0.4600495523127825,1
5.018045870383922,194.66816713135503,27317.09944429893,6.155483652519991,333.073545745888,313.47795930261015,10.407478803660013,85.68527247401492,5.035153706923996,1.9819541296160779,2.066963064580393,0.591448051655626,0
7.25793099486329,187.76562168454467,24354.33517494322,7.196253771158073,333.073545745888,346.2917846148322,10.89295271743316,61.56116613508277,4.266922561350852,0.2579309948632904,2.552882084905358,0.6606338333780982,0
5.940475876449588,175.63773011843296,17177.07103669603,10.41083526515133,307.9976307754875,402.8873087347532,15.152003927411045,74.35442274773496,3.9979696708974912,1.0595241235504123,3.7899237324844157,0.6870929170777523,1
5.287982807934926,245.02346111649337,27733.71309889203,7.135063441641857,267.1579598616741,464.07484993773784,13.452179490174672,55.64236316952619,3.3110340047208244,1.7120171920650744,4.062832157012763,0.5304020003934107,0
10.258615434291345,217.2197464316332,27653.235184410696,8.912266340684624,369.5312063532323,382.9515048389693,6.580401550826252,59.57603991058592,3.285077052469842,3.258615434291345,2.0031187830921904,1.3543649148889192,0
5.477912294546052,211.39884388167337,27361.659066176733,5.810456913118141,340.62380552585284,358.0441300229246,16.629384442216065,66.62248509808484,3.774256121104987,1.5220877054539477,4.406002004799156,0.3494089985049879,1
4.851103882370328,146.62723668323798,20227.643783021307,6.340534135395835,368.94121387425616,346.5203097336013,15.266726276091047,56.98992563474789,3.6441068937291146,2.148896117629672,4.189427624347365,0.41531718099959997,0
9.066628053764038,203.3841233574426,22710.458374287573,5.962836939385372,321.585935583121,496.1614523919844,18.367620901414057,76.41651044619393,4.055421250793916,2.0666280537640382,4.529151285743005,0.32463848457846983,0
7.06183097218188,215.9463220151335,24991.766020523846,9.138390839362147,321.4733595649965,431.4246894278691,12.950444156120966,64.02559032278475,4.299018586936102,0.061830972181880384,3.0124180395629945,0.7056429898120475,0
5.664845758430077,186.64835853783148,18678.950810888608,5.153872814055152,313.08348911159686,335.5055210397578,17.551569787199014,59.57183728499114,3.5702904563752726,1.3351542415699234,4.916004758059217,0.29364168464135726,0
8.41608681704654,208.32602177209543,28234.906857156184,7.784123048553013,297.3305280861984,444.56010847647343,12.645175778177418,78.7565328358605,4.9300838102540485,1.4160868170465406,2.564900253212035,0.6155804054860322,1
8.975464347533963,276.39283372089034,19460.398131232112,6.204320858892474,333.073545745888,431.44398999034894,12.88875905430399,63.82123709666397,2.4360855903052734,1.975464347533963,5.29076392669969,0.48137453352781157,0
5.519125656437607,168.72858303956718,12531.60192106475,7.73072294792503,333.073545745888,443.5703720974922,18.099078103861583,66.62248509808484,3.758995860323916,1.4808743435623928,4.814869172915981,0.4271334968791654,0
3.889106956840228,190.9573550382376,28760.00684408382,7.929539481586618,333.073545745888,424.2128100944347,13.372625122848149,58.09555464120218,4.280669331366605,3.110893043159772,3.1239558498257294,0.5929680085827268,0
4.999413810796919,190.28705014936028,24323.865903045946,7.230164126862036,324.8930378422557,405.3304820275903,8.236557503105303,99.42738491828506,4.460683931737437,2.000586189203081,1.8464782043902759,0.8778137281652476,0
7.036752103833548,214.73783068999916,12666.005324849046,7.092691320173934,302.4917680919928,319.4230514870244,15.43383428120842,92.69393563830354,5.005878529984143,0.03675210383354788,3.083141371813498,0.45955468559455814,0
9.055825784677507,196.4758988572676,20226.287944826712,5.838594348296554,298.80356031305337,342.35941054072777,12.813634258709556,84.27921839519584,5.456912830156691,2.0558257846775074,2.3481467103066977,0.4556547951002432,0
7.036752103833548,200.66192543396045,29513.804859552896,7.966300205223671,347.5414185342514,476.20158511042473,19.950053834842436,66.62248509808484,3.027946496632832,0.03675210383354788,6.588639286852724,0.3993121959399661,0
7.475536901699288,215.42910237005705,31359.386455663436,7.498494553889046,337.4623786519465,477.23505306415507,12.18630951196161,53.90882037261967,4.015574262293539,0.47553690169928764,3.0347605799825725,0.6153211463411189,0
7.05139642582078,187.41888264224815,15423.387277635946,8.871523756431515,341.56267334347297,561.7907604656172,14.280606703860483,66.62248509808484,3.17209111406215,0.05139642582077997,4.501952084100382,0.6212287278246059,0
6.450644925327291,201.5966734501805,27682.507445577277,5.655138861771967,316.10589226500036,573.0337789463545,14.642709075413904,66.62248509808484,5.241539195582696,0.5493550746727092,2.793589008008378,0.38620848412940484,0
8.757257397440991,200.19140044205727,21536.224687445418,4.915101054543186,317.88290049783706,404.7177991564453,13.768323306421337,47.930871877110214,3.6261354416122304,1.7572573974409913,3.7969677997829967,0.3569861477079573,0
7.036752103833548,252.40456462351648,20197.24766773848,3.1462213405647073,350.54775728028994,454.96981206764906,12.03186303409484,69.29225204248847,5.146442623782875,0.03675210383354788,2.3378985399729033,0.26149076582391734,0
7.036752103833548,209.7660217489298,27382.769331033367,7.432312245692435,323.95563167310263,301.20288534011263,13.970732378711034,62.7385941138006,4.103438960001448,0.03675210383354788,3.404639160044175,0.531991560086458,0
7.036752103833548,201.8337198767898,29508.4928139997,3.929623912266358,325.0612460679277,428.6613981506554,8.819491445717347,76.37375324896149,4.115320543495385,0.03675210383354788,2.1430868408465678,0.4455612311539019,0
7.973307535065096,237.4971525415004,23517.68101141075,5.354516204932816,283.58383431065624,478.8936156791228,15.259597501184658,53.671478492413655,2.826111940669668,0.9733075350650964,5.3995002399192105,0.35089495995042896,1
10.15544017022192,276.39283372089034,12652.362978658088,6.655126362567496,398.6477857459575,487.45913103075526,9.347633986485675,67.9197886870381,5.002467259922081,3.1554401702219206,1.8686043570481894,0.7119583051958204,0
7.833495881064739,220.9574326084588,28338.98146056608,9.370848444420924,316.2744033370946,462.14242417044414,15.333004583810007,57.03352176567174,5.5808299630354234,0.8334958810647386,2.7474411401040464,0.6111553532802156,0
8.384623151510734,166.87837974379858,29956.36301758971,9.778122612405303,307.3629432592332,546.4823286723228,17.370262286503362,37.83564319309801,3.682780337626534,1.3846231515107341,4.716615159589705,0.5629231089434823,0
8.519639042501984,190.9949573776115,14578.96131141724,6.60269349542669,333.073545745888,498.5335778272165,11.316601395800546,57.18158786191351,3.4272514067406243,1.519639042501984,3.3019457141654844,0.5834519288118553,0
7.766114454212289,212.3176659930253,24145.385761707465,7.925886801028912,364.0814124364933,464.1085950195534,15.46525640895902,70.10584396391003,4.3999023132719,0.7661144542122891,3.5149082395309708,0.512496274160781,0
6.284984822452388,196.77505624996635,29213.62038620881,8.52879260890159,334.4777947541068,574.5406714988471,11.095892522143686,66.62248509808484,5.70328774274241,0.7150151775476123,1.9455252964815275,0.7686440566396008,0
6.548796520596996,205.1681610439848,13584.900245458712,3.777648006694034,333.073545745888,327.9673430235868,15.627514479204764,51.85036617441004,4.197305124934162,0.451203479403004,3.723224852809585,0.24173055606445426,0
7.036752103833548,189.76165384341635,16737.10821851538,7.031423700475688,333.073545745888,410.4797337483934,14.54546513036638,60.14011673233209,3.092816759322282,0.03675210383354788,4.702981637545199,0.4834099943896798,0
5.890870358820865,184.05576194736528,34920.03934783447,7.401366802222235,343.7916030051521,281.54445162396865,14.728773481703,62.60168472008096,4.370776559745803,1.109129641179135,3.3698291163002128,0.5025107018521244,0
7.036752103833548,250.62347275867705,30797.519998954,6.381452049489837,333.073545745888,338.8141646384995,17.508515963288062,74.72782068522271,3.365174439747456,0.03675210383354788,5.202853841285021,0.364477017834834,0
4.301373467127349,148.73770094538864,26640.072187750713,9.242652786863514,316.7644064543525,365.83537478378594,12.515733708615528,54.082289117007385,3.0676266990890175,2.698626532872651,4.079938941851477,0.7384826382186814,0
6.578680569429318,203.408815488612,22374.824909705974,6.248929383428646,399.6172172049857,547.7021368533116,12.097919880979418,71.33848933623177,4.292042179344561,0.4213194305706818,2.8186855013949077,0.5165291991000976,1
8.990317233704655,195.80902842150493,23728.294014562052,7.508305289508399,348.71461261339243,551.5403897934349,15.254391841066877,75.9078693330705,4.494544339362194,1.9903172337046549,3.393978854206325,0.4922061053321658,0
7.036752103833548,225.97213557156812,32617.124603587585,7.380664026306306,267.1579598616741,355.87930088255024,11.122653444312109,66.35965776723211,3.2328721157393794,0.03675210383354788,3.440485613295802,0.6635703791086149,0
6.887863943894864,173.32502242479376,19947.924178410107,7.488703142936128,334.0980227111919,441.0026116881456,10.780501212803244,89.00549197704643,5.454487652366452,0.1121360561051361,1.9764458045257973,0.6946525305697097,0
10.258615434291345,218.21668247048092,13753.99337343067,7.512608141042463,334.17807471095637,341.60220865225233,15.671563525842828,84.68266023310612,4.304689262186712,3.258615434291345,3.640578664510447,0.47937831150514504,1
7.036752103833548,205.95225013932736,29743.822595234513,7.518692008798698,333.073545745888,430.24601010708216,20.7204728836129,82.39676576905185,3.893925990895262,0.03675210383354788,5.321227884359744,0.36286293696907046,0
7.966856823982582,186.3533610472728,21440.73884828446,7.832473707577792,393.7670457263523,461.3562274945036,13.91386962959757,86.12181103853183,5.115430914016896,0.9668568239825817,2.7199794393650127,0.5629255809606684,1
5.866702734137305,159.43317519861063,16298.00134677067,5.78470854009484,333.073545745888,525.2137906966153,11.055445949057798,79.28873961121587,5.302972731364216,1.1332972658626952,2.084763475947623,0.5232451086554979,0
7.423088086315854,210.04619691875956,31073.031337988625,6.374708984211272,312.10316131967403,460.8942123709673,16.80599033059866,41.60790735355796,3.712681965458997,0.42308808631585393,4.52664299293892,0.37931169062338155,1
7.859489939100051,211.31102858658863,31725.48776569772,7.519690678297841,313.34419794784225,433.44466522982555,15.909471399126062,66.62248509808484,4.498069165936723,0.859489939100051,3.5369549189353107,0.47265493723795093,1
7.348611231182264,214.7158898636123,32742.187332658625,6.351029021740377,320.06510614791307,438.0443314251923,15.792574226200372,55.36645622106926,3.544537267623399,0.34861123118226356,4.455467266485245,0.4021528427614404,0
8.136497868762607,184.23185351536503,30031.839181316172,6.2153073095431495,373.6527906286026,400.6118991277568,15.288781634068698,37.78709664212387,4.20418584976586,1.136497868762607,3.636560928522994,0.4065272859392542,0
8.515977267378878,212.3046285280127,28553.55945774285,7.225366187809402,342.60408278289344,341.74034466316135,9.003646566992472,60.72520143075609,2.165681681201685,1.5159772673788776,4.157417263916321,0.8024932266671254,0
7.036752103833548,195.55442847534005,28415.184346936385,7.489779370159324,318.5152705422846,494.40451055374274,15.023961660572413,47.14414365343355,4.052367137670618,0.03675210383354788,3.707452321745004,0.498522230078144,1
4.443238899143103,178.9562057574612,25008.53224756482,4.948814508726159,298.57667599919296,429.5447730337787,17.729724041901363,56.34768853029351,3.268324835835596,2.556761100856897,5.424711284139298,0.2791252823735522,0
8.727778876323073,202.41950478059005,25521.889224175808,3.8302384224449897,326.9079235592875,461.95881193567845,16.611457873349252,104.37325014190674,3.831540450516013,1.7277788763230735,4.335450389323624,0.23057808779155864,0
5.039373608702727,142.8605979960346,40829.353167079826,7.27154271028571,333.073545745888,386.803056636904,16.823772930441862,52.29711325231761,4.957419783113156,1.9606263912972732,3.3936544155682675,0.432218284693435,0
7.9373922001148784,170.44532836666437,6626.376425713154,5.117364166076436,372.625257287592,316.02246611759233,23.13595214354791,73.786211485138,4.270851150129203,0.9373922001148784,5.417174683241609,0.22118665845861432,0
7.976900873677573,234.7793796452507,15360.8350680644,5.73602687789666,377.1781188796557,613.633547710373,14.191273810530902,48.91588146186728,4.7536079310394825,0.9769008736775726,2.985368383559407,0.4041939117153967,1
6.217579612346267,189.3422246954596,15155.548989159242,6.819438078276601,306.8925996433463,297.7636847142188,11.964913746247134,81.38675264918083,3.490002013654286,0.7824203876537332,3.428339087225888,0.5699529184205477,0
7.036752103833548,221.67313427408757,32269.504938120434,8.765237910488041,303.9617387227378,357.3585666063637,12.81974055626307,51.374238609336516,4.8048285673375855,0.03675210383354788,2.668094752706628,0.6837296892468003,1
5.418503763025523,187.7768087099991,35902.715683707924,4.357087861232644,333.073545745888,454.5202956154763,6.374070260129599,103.37300526956228,4.506539591260472,1.581496236974477,1.414404271092293,0.6835643474033039,1
7.1830959315085465,200.3681589558252,13501.677965117036,7.982096708062272,358.33184894940985,617.5409064911263,11.176548128135948,71.53683430131463,3.8065394387932265,0.18309593150854653,2.936143279665041,0.7141825814524511,0
3.889106956840228,183.90872226182697,24752.072459755404,5.538314133481364,286.0595560492713,456.8600959410411,9.03406675271333,73.5946567566564,3.4643530351550234,3.110893043159772,2.6077204180169975,0.6130476641397741,0
10.258615434291345,117.79122955039698,22326.892045718658,8.161504810728331,307.70750861182404,412.9868337903324,12.890708564511783,65.73347838938281,5.057310516515726,3.258615434291345,2.5489251596257088,0.6331307652138105,0
7.202534415579847,207.82811639312348,11889.250632315909,8.015743172635725,333.073545745888,369.0443258231596,10.371843235532651,62.037730244321395,5.702504528449717,0.20253441557984697,1.8188221271838627,0.7728368254099675,1
8.347949482501885,231.20310142337328,13533.230032975182,7.623603583169212,313.6711274177521,527.3808709541483,18.663901084453187,58.05286607131876,4.217861430575852,1.3479494825018854,4.424966767326515,0.40846782996785996,0
7.036752103833548,194.719185856794,18344.06944411374,7.611836667489034,333.073545745888,320.3560138880175,12.333237098190068,75.11488817757397,4.515322333911783,0.03675210383354788,2.7314183694360934,0.6171807117391247,0
8.410460642866257,234.87652439147607,27554.34526324007,5.68171619688383,362.48956029154095,519.0316251293843,14.482212983251712,55.628499045447064,2.977359946090722,1.4104606428662567,4.864110615230199,0.3923237291932422,0
7.036752103833548,210.36910365009487,13812.41042060634,8.378282176906978,342.49836128569393,489.5450548414639,14.823903523137858,69.1933584166614,3.2853718352092978,0.03675210383354788,4.512091706691636,0.5651872732875307,1
10.227689694262509,225.91911827974377,9546.129215154651,5.899676356641535,313.98734272068555,372.5327524807853,15.284291259046825,61.25804566099464,4.786329820343955,3.2276896942625086,3.1933211122979723,0.3859960446090984,0
9.026787719511631,253.21707417098452,27965.07214592841,6.588374366182638,373.5532353383944,588.3196505363993,16.145732052775088,59.12445084811043,2.0190420182011657,2.0267877195116313,7.9967251352375195,0.40805668870204964,0
6.323942072569584,185.99241060624863,23234.788934234868,5.892962668914752,347.23682655314894,401.3048946303946,13.26328178732274,60.47403117761401,3.5750105760990736,0.6760579274304162,3.709996878330437,0.4443064936040828,1
6.622102936480842,196.89106122726372,16010.524152308772,7.256071192506777,333.073545745888,264.2839333983375,14.410952467218864,45.44877694122602,5.2909207163820895,0.37789706351915786,2.7237130389963538,0.503510833548414,0
4.740056688020883,176.65563127690487,24069.33591470418,4.013444409697543,367.8050161117911,288.22129764576187,13.204220028919678,77.88037549676682,5.467935706130962,2.259943311979117,2.414845075678062,0.3039516228111723,1
7.040244978430556,192.955982524112,20988.429409692693,6.422359010887423,320.94884424973674,381.3573498745669,15.396455073466427,88.29846498119494,3.993409763685828,0.040244978430555634,3.8554649107160333,0.4171322920185141,0
6.983133113060967,181.11952913239196,17503.31222978757,6.931627922222926,333.073545745888,191.64757856456453,11.598339930991584,72.03390099758472,4.426982544371995,0.01686688693903271,2.6199193682878046,0.597639607549484,0
6.19124144257447,231.3227966792554,29778.357876954316,4.38109672011746,267.1579598616741,488.9541644367416,13.022135124285684,54.06085110281751,3.3150705928492927,0.8087585574255298,3.9281610546133647,0.3364345663648007,1
6.8983413301771686,187.41530637590972,19024.485531279348,6.915070211677024,333.073545745888,428.7869759303989,12.580161514967472,44.38021004782545,5.371284155719341,0.10165866982283145,2.3421138796870844,0.5496805151324315,0
5.636923560026004,159.13941002573804,27283.78065472787,6.91872650291659,328.90728656201156,317.8309806971181,13.61140839333325,36.33519850696025,3.0071380985115814,1.3630764399739963,4.526364743177452,0.508303460941034,1
5.404510674147487,258.9034888104302,10168.17653621156,9.648197063754996,267.1579598616741,396.9112142092114,15.512207656189103,65.80533075001478,3.9981758863091033,1.5954893258525127,3.879820252402369,0.6219744252798929,0
6.581082756075466,217.53850402153955,24480.671795007485,5.837151801943094,310.63291048911015,476.4586674162528,11.434239357597336,48.55190969041968,3.511369718286504,0.41891724392453433,3.2563463886197335,0.5104975599069572,0
7.384048887654537,148.2961767425789,14417.979533041633,9.084967569367894,347.9620981511681,316.57958787757843,13.493983035197688,58.86150223833448,5.337987102089876,0.3840488876545374,2.5279155324296543,0.6732605838031732,0
10.258615434291345,161.89636216322413,6040.369868025334,7.205414119605922,333.073545745888,316.5358711402264,11.768309354922849,26.619225158022296,4.153347001241887,3.258615434291345,2.8334513147956835,0.6122726119805123,0
7.745499128179053,168.35562378013276,14336.627521273336,5.2643100454838105,333.073545745888,421.4853341069264,7.496410135603583,67.62476659718729,4.0433347814756075,0.7454991281790528,1.85401622342327,0.7022440405491378,1
7.036752103833548,193.57715670833647,19671.35122933958,7.568896606098109,342.6734092538759,322.7356852994942,18.51158553733842,77.71030699465297,3.4815173946449613,0.03675210383354788,5.317101172239015,0.408873469101712,0
7.036752103833548,164.37843332923484,15908.561870396212,11.09608644703562,333.073545745888,360.81429637880143,17.239577381047184,60.1791185610558,4.380978304316724,0.03675210383354788,3.935096740598719,0.6436402446613436,0
9.616095703448057,221.7598178746625,12538.97402632583,9.089531143927855,333.073545745888,441.8810049318061,13.808375111214955,66.62248509808484,2.946643668370939,2.6160957034480568,4.686135135136248,0.6582621352952195,1
7.025504334993,205.40052911647376,21884.5385145885,7.276064918343411,304.7322034697979,442.4055401716919,15.843743650390593,65.58033764780926,2.9415551228145476,0.0255043349930002,5.386177583867052,0.4592389664752667,0
7.330196876767331,159.80372018647915,14884.339958152525,9.194574840122243,400.3224341668411,404.1959120807727,17.37573934693239,51.15397220920127,2.8847150979192406,0.33019687676733067,6.023379340332864,0.5291616159391737,1
4.77522195583692,231.99857860738732,13978.172660188484,9.422100574893728,389.2195856381804,526.0676510079783,17.207494384162942,73.94096996938444,3.2230808645202327,2.22477804416308,5.338832554513578,0.5475579312701971,1
8.137767883092494,203.8618673386868,24172.70331260775,6.844017626422233,305.83257968719704,470.83626451802894,19.232961414138344,30.708421300394185,5.003825786209145,1.1377678830924935,3.84365051706937,0.35584833366029595,1
6.9997645107739865,219.14337264435625,16078.459386211953,7.652135132079867,355.6888922874361,282.502338129087,17.297555516413013,65.06506907302519,3.360130677748902,0.00023548922601346334,5.147880254502822,0.4423824327337239,1
7.243409878975713,188.0462961167452,20877.53484090427,8.454106777002822,333.073545745888,377.6493439323568,16.357374578188228,71.6271361043703,4.466935915288811,0.2434098789757133,3.661877230055002,0.5168376024987753,1
6.209697436775356,169.3185048169177,22610.768713435307,4.87541388108418,327.3799385347764,549.2767282750748,17.01511804175402,51.505508284888904,3.893766831260585,0.7903025632246443,4.369833739225657,0.2865342210724605,0
7.036752103833548,190.26736742465988,15255.115257959736,7.597687573737944,366.1923267335512,418.47674153387527,13.31272274001094,68.94488848491,3.796737486057354,0.03675210383354788,3.5063575721369387,0.5707087236328169,1
6.769572868656792,168.93707245387174,11067.181147840996,7.121263608584251,305.79495029776217,289.5424601158542,18.545902961239733,62.00157128395567,5.220540269610252,0.23042713134320802,3.552486610765613,0.3839803993090568,0
6.888547603133792,179.6324754737838,30722.29823264939,6.579328071104777,284.8857433176288,393.49315529227414,7.701010153564823,63.29358452094328,2.9014320441377452,0.11145239686620823,2.65420915679046,0.8543459994937397,1
7.822257362901787,200.0027932060902,22411.006863644405,5.28359355165118,343.08037715977423,593.483602346069,12.273073322273945,75.25621194813101,3.080865918611655,0.8222573629017873,3.9836428013595,0.430502856326893,0
5.5475762631029415,182.64473627031452,27417.99804290247,9.586090231034175,378.5261414207784,596.6504951962747,11.565242026101885,78.87860429156441,4.448670726124141,1.4524237368970585,2.599706774987864,0.828870626358572,1
7.036752103833548,206.31834254801836,18752.26967703555,8.202453025113023,344.5896282521467,510.4878798366721,5.3623709055002,61.91136409286312,3.293552630526708,0.03675210383354788,1.628141365544621,1.529631508157751,0
7.036752103833548,192.74227526698428,32349.10237770703,8.750629518554229,272.08505722126057,581.9811911835134,13.583036092216505,64.43604613167355,3.952594441314252,0.03675210383354788,3.43648529020721,0.6442321742291794,1
8.554096969890676,191.7084136291815,32112.569873527096,8.115355082281138,293.655798441055,518.9443622126387,8.56757958680248,58.06246254892554,3.5636098599809674,1.5540969698906757,2.40418494707591,0.9472166617005096,0
7.456250785416918,226.53828873349204,9163.294448141276,5.7262235902026815,333.073545745888,417.1252096653624,10.066075647918751,67.30422418924053,4.279697427788076,0.456250785416918,2.352052561124339,0.5688634997019051,0
7.036752103833548,212.44997404631425,5699.504942202689,6.64783993415416,333.0524906534692,269.3446352437425,18.082490402023836,89.8160574511311,2.27639196018481,0.03675210383354788,7.943483712300621,0.36763960155457986,0
5.32381558430839,232.36857996920335,37625.75267985834,8.879822933865775,380.57647200065134,580.8977003943793,12.293803052569617,55.31001940953922,2.8807218458729342,1.6761844156916101,4.267610495810913,0.7223006724277291,0
7.1396712562776194,183.4279747572319,16916.413537349566,6.539415890942065,333.073545745888,363.7677138375489,10.144442744407511,42.315473273750165,3.151388595083395,0.13967125627761945,3.2190379635175064,0.6446303075560109,0
7.185167714343043,209.68313959422147,24909.78314722172,6.691069585839307,333.073545745888,501.7854199862957,16.088648266460552,75.67132940431965,3.9558469776104976,0.18516771434304324,4.067054234015026,0.41588759099795575,1
7.036752103833548,155.26260891944585,42617.30339905726,5.829424192903935,400.3224341668411,456.1853379930522,20.680974730110226,77.13750041038335,2.8465011985982662,0.03675210383354788,7.2653991766787955,0.2818737504931478,0
6.714776879687881,185.9093028232159,34558.40266734972,6.554857685167836,360.5082369923493,303.9682026929872,10.226470407286968,50.21401088832931,4.684853470075885,0.2852231203121187,2.1828789928497647,0.6409696389017537,1
9.62472688627138,217.37277968545845,25175.75415819416,9.883945511518238,329.17445409836057,394.054835252827,20.27757140763049,85.84025770348191,2.615257476344298,2.6247268862713806,7.753563019122762,0.4874323865217165,1
7.509350205118649,192.4679546426593,17045.600094950412,8.815844632888231,346.7418224053179,266.3577439142132,15.930050919809844,83.26252889007111,4.321856146871566,0.5093502051186487,3.685927224906317,0.5534096610146808,0
6.260111289935809,211.59411247930296,18577.623968980275,7.154890693981027,340.7925739514669,357.09839548714274,7.992209971351997,82.36537825915869,5.403614891830472,0.7398887100641911,1.4790484985128431,0.895232961145253,1
4.922045466248699,197.28720656204433,38494.72024569318,9.144953298114434,383.239138292495,357.4707042141214,13.12594167071552,61.864579653329905,2.291694536023172,2.077954533751301,5.727611484330612,0.6967083071692195,0
6.286806948436977,258.30005161775443,13777.37619108904,7.483257698182117,328.68064962605115,563.4347751029119,16.460836876715575,73.51665351167088,4.1048632751894125,0.7131930515630227,4.010080668490803,0.45460976860524477,1
6.5892905009635125,117.1251603715048,34298.15294149107,4.949409764235758,317.6101823239647,324.59027345963426,19.495393156405218,66.62248509808484,3.181112063345661,0.41070949903648746,6.128481688073481,0.25387585008685903,1
7.399811393921775,229.7762645225177,28630.954415716587,8.711705729168445,302.31575926455537,437.3669087698364,11.927552443287029,78.57644087112864,3.803723817903262,0.3998113939217749,3.135755874648652,0.7303849670924341,0
6.280905112787962,178.70720011619738,16950.01590699422,7.866135208545801,370.326349763824,388.552620694231,10.971431871144889,74.60802345456277,3.0212889092957425,0.7190948872120382,3.6313734201370664,0.716965167716052,0
5.946160789485686,190.5515720765916,12767.656228824468,8.939748149970546,323.74282679894264,499.9375020854145,12.415429788156755,54.09558138576753,4.903632078861019,1.0538392105143144,2.531883929423309,0.7200513862554243,0
5.49597599882932,150.5345189469585,18333.632664093995,7.471727772298008,400.3224341668411,300.3589720105804,12.300193116160472,55.70678076355855,4.901038222067857,1.5040240011706798,2.5097112181384964,0.6074479558400923,1
3.889106956840228,218.4908565157667,16929.290199720523,6.110295327311623,333.073545745888,410.69418303363074,14.090718579874704,60.32007011033546,4.62068558556552,3.110893043159772,3.0494858975920263,0.4336396940322871,1
6.6282561973074925,198.8657430258765,15911.357508753115,7.517905882543813,342.0159239506881,437.9186252990834,15.005741987372405,38.845957626109126,4.4644571840967755,0.3717438026925075,3.3611563528191684,0.501001908993794,0
5.67933046540694,182.14526646251625,17909.115625700586,7.538592130297941,333.073545745888,546.8951435157636,15.21935477226043,81.5555973961715,3.292071094767518,1.3206695345930601,4.623032040048686,0.4953292532945554,0
6.567759613267086,187.6663787199155,20156.578623291196,7.298510420711607,333.073545745888,390.4268890867899,12.353896191763738,85.21436888666608,3.824428038818539,0.4322403867329143,3.230258965814192,0.5907860740153703,1
6.18595116263375,174.79612335081623,22198.929420131775,7.608495516307472,333.073545745888,479.0918450755029,13.744283776176644,51.49711210647217,5.2057243002993765,0.8140488373662498,2.6402245572554937,0.5535752234627365,0
7.191493718892235,175.4607816228668,34933.784401356046,5.42753272863003,332.1960481546365,411.3020865894416,11.665994647010107,60.28193206492738,4.320683960630699,0.191493718892235,2.7000336181204005,0.46524384997701074,0
7.036752103833548,210.7328535918545,13671.416030421902,8.546187001006768,400.3224341668411,352.2523276513618,10.353658740835726,45.30400698332199,3.3648908816171703,0.03675210383354788,3.0769662458990354,0.8254266814757173,1
8.247148271309296,175.9118303359524,9913.963345655571,4.97450612352311,324.4333076993704,302.2004960220483,11.070511434752632,71.43816536402366,3.941969260461584,1.247148271309296,2.8083701051200554,0.4493474130345678,0
8.83264111562239,199.4250376532799,25100.13140450449,6.817660238042554,333.073545745888,453.7579722364955,14.632438282320436,82.65063482137737,3.4521497364245355,1.8326411156223905,4.238644080030977,0.46592779963078024,1
6.30000176658891,172.3502810907013,40682.14399780205,4.242828908559183,302.61185848520097,485.6724564667838,18.737930888660458,64.8085458627603,3.7094371813849474,0.6999982334110904,5.051420180741361,0.2264299461525311,1
8.016418374611582,255.25949255483636,30854.83046842261,8.761916272607,333.073545745888,442.4995320422278,11.094202476804584,93.2742324692804,5.320015455400856,1.0164183746115825,2.0853699551139173,0.789774253818775,1
4.227537385918204,201.44748661230827,13122.329581176047,6.932557933203627,374.8435383456557,402.6607735191696,22.823293103832043,76.46942648405707,4.479628314203464,2.772462614081796,5.094906632445395,0.3037492266306837,0
6.751668626808021,176.79315210488272,32040.505669436778,7.931912957521163,333.073545745888,467.1483718506776,11.214907739511771,47.532395497758635,3.735173416038589,0.24833137319197895,3.002512464038013,0.7072650470686284,1
9.658661976447796,240.34882037477328,20269.73127975584,7.050728842221929,374.18167434281554,567.7842756927254,15.587205853529213,55.83596570642267,4.6393865551816,2.658661976447796,3.35975506855863,0.45234075023682146,0
5.606315225526715,190.3352727655196,12308.233835478626,8.548754210740471,311.68016578225655,399.606494141034,18.524320037260168,67.22633993065205,3.7487405069440447,1.393684774473285,4.941477027142664,0.4614881265308102,0
10.258615434291345,177.7343572839614,25702.518673064544,7.659830108984329,312.39933537243337,383.1995849168967,17.472109258923695,42.814569558862246,3.634970395771435,3.258615434291345,4.806670357639955,0.43840326070928676,0
8.040392261051977,200.63757592628696,12999.14480401679,6.696355790704156,356.8700406041423,394.01773247312406,11.100406898066524,43.62591046091927,3.017795963114114,1.0403922610519771,3.6783146890743215,0.6032531283711233,0
5.433242116512631,201.78124550414304,31157.110167053717,7.286392323989023,304.4252752003144,451.557177709948,10.842095158854647,87.63401317906403,3.675717672978606,1.5667578834873694,2.9496531490721494,0.6720464582891833,0
7.54434011403763,180.1197279392432,17253.336739558832,5.741253814212187,333.073545745888,575.9221716807676,14.861906208232767,58.754980692180006,4.435514109196108,0.54434011403763,3.350660710730019,0.3863066653404897,0
7.648877927703538,188.50697741610023,22510.9750698624,8.617208146755678,333.073545745888,393.2935389967264,12.854519109800378,73.31350293073262,4.953533862998418,0.6488779277035377,2.59501940842694,0.6703640488442549,0
7.036752103833548,190.63063618380693,26913.373485751392,4.649166445536806,302.41752875752275,509.2848687676725,16.198947843455073,64.10195139636862,3.4528218640874533,0.03675210383354788,4.691508507991849,0.2870042056719765,0
10.258615434291345,195.9894858228124,14158.157282676424,7.235224038451399,311.9650932551045,357.5225994193591,19.32172243612308,82.3500128272474,3.1322532960748095,3.258615434291345,6.168631474250392,0.3744605941789193,0
7.793833572993554,176.86648289401776,18344.680360836188,7.567676884281859,338.22959726982435,371.2169730014168,9.039042454499452,76.2880763113865,4.172935335264329,0.7938335729935542,2.166110797836288,0.8372209871958104,0
7.709617350900396,189.8029138663291,32910.52518225479,5.758055530703089,367.7618581606828,397.8455658311371,15.240349413367484,66.62248509808484,4.140423756852319,0.7096173509003956,3.6808661691400175,0.37781647892115616,0
9.80272078232571,117.1251603715048,27357.456744580348,9.218150392671168,323.1990765186457,512.4287308410497,14.168933512645708,59.45443977025941,2.764633881427262,2.8027207823257108,5.1250650159383415,0.6505888205245082,1
6.179312077651539,159.77326423152047,21532.519232080427,8.063334618675412,272.44084830538725,509.77211049122945,11.010544566409294,99.9962857074477,2.9519609352512814,0.8206879223484611,3.729907365987779,0.7323283455885092,1
7.992749619333389,193.60913765381545,14610.41283216292,7.218904024289119,332.4687554468501,468.6029981020903,10.877062198437386,67.18134080005805,4.062907043028831,0.9927496193333889,2.677161797225594,0.6636813533754403,0
6.5596278852610475,152.1152127221111,22624.03418163004,7.761108314168174,387.51881042376806,393.8204120332017,10.107462465608023,55.2866706136348,3.664463030864346,0.44037211473895255,2.758237597770594,0.7678591508716671,0
8.052893916459475,198.99447428347503,9025.07935959796,7.217787957548947,338.3969096955494,328.43311026419275,9.142523493633576,42.75321530974412,3.6348445415750232,1.0528939164594746,2.5152440149278,0.7894742817014136,1
3.9234736330784017,227.70553814458864,24200.353482392493,7.000875427048215,333.073545745888,292.390155079548,19.39433470472602,61.785678976367464,4.582982365865108,3.0765263669215983,4.2318143349981465,0.36097526275892183,0
7.036752103833548,214.193077795847,21671.278302245984,8.272939791919233,333.073545745888,473.41537788734024,15.70689398306746,73.17019822615174,4.2463880241428225,0.03675210383354788,3.6988824843333936,0.5267075256336615,0
7.036752103833548,206.57784298022085,40710.524385742334,8.8136660894912,320.4493278266133,468.05171474869934,14.52349975594393,71.45044718045614,5.486132309176686,0.03675210383354788,2.6473107628738064,0.6068554846106297,0
4.931958445234491,164.66676859700692,31155.540218305283,7.411483499547991,383.7826259115355,506.53141388629575,14.980033693407904,69.24922883403491,5.045982883287057,2.068041554765509,2.9687042289262333,0.49475743222473845,1
7.301903491347546,224.4678021721821,23565.17840440943,7.554047401387347,280.12948490340096,487.3333212872414,8.52486424037835,68.9401927682938,3.4306991879662263,0.301903491347546,2.4848759067553567,0.8861192744264524,0
9.097617417474694,263.82412017721305,38413.05708961672,7.634362144497116,274.95902794760167,437.26353132033125,18.285882103015297,74.51256519402813,5.4736632488956545,2.0976174174746944,3.3407021825835566,0.41750032533229026,1
5.487876362610197,179.20698312178774,20162.018617866852,5.211430347967574,305.2641420711427,510.6093850554352,12.588474813106416,58.86155797518673,4.223576482290001,1.512123637389803,2.9805241802456552,0.41398422059497664,0
6.582499747201653,200.73310689806533,23720.48173047988,8.565831605436097,353.008115085245,458.3627329150158,13.001880639711205,79.52933817984304,4.152014126960154,0.4175002527983471,3.13146273367033,0.658814765646979,0
5.653506134793232,146.59023231546948,16462.460086163886,6.501596204518965,299.6446113791317,272.440558304258,13.79526446092433,87.82258510995051,5.198985503613217,1.3464938652067682,2.653452639535961,0.47129185175414057,0
6.449070008905474,163.44764864393738,16906.33129806369,5.152225670059677,283.2173286360635,397.5070551476384,16.787272201213625,82.01605803921808,3.331549948055922,0.5509299910945256,5.038876025897065,0.30691260029575257,0
7.6512942259202,200.7170513198393,11699.133549843924,6.648272780493369,349.25544481084484,420.8283621868531,18.863817480730177,52.90885102166161,3.2580416465868867,0.6512942259201999,5.789923437770786,0.3524351544881929,0
8.951652135487269,205.89234643050153,15189.327822031712,3.1462213405647073,283.86769497657235,406.3091866023873,19.12582536011132,65.6393280774268,1.8487974931046152,1.9516521354872687,10.345002676843418,0.16450119756009302,1
7.036752103833548,205.551854127598,24820.49309120567,7.226877906012522,329.40439987717843,386.3075460767547,9.223072487246498,69.703026085383,4.252220379574883,0.03675210383354788,2.16900101475163,0.7835650356690447,0
5.152739798697215,185.34223741434477,25669.719919916693,7.819479247999572,318.4509740845522,449.9189927353634,18.301573928023345,49.34203636235072,3.8426251711915818,1.8472602013027846,4.762777619439391,0.4272571775244543,0
5.938321178779362,214.4695747933211,10815.399442205578,7.795542714404673,333.073545745888,626.1287370599507,17.477597986636226,59.98973731103913,3.8895000398614146,1.0616788212206378,4.4935321542577515,0.44603052858492315,1
8.076126298096359,132.6703046985399,10816.273366562233,9.513269116233849,314.9704947186873,479.75892351602624,14.685851003310688,72.63830295082012,4.291355257945636,1.0761262980963586,3.422193386093076,0.6477846238740004,1
7.806909023349841,216.47316874118695,21299.31865733505,6.2175970852163776,333.073545745888,524.0797055340377,13.895630615297025,83.14699902162178,5.127910987699841,0.8069090233498413,2.7098028688144473,0.4474497638791552,1
7.009601694292698,220.56199596960943,18628.696825146977,6.7816803970459185,333.073545745888,397.99610295937634,14.80867448166714,77.7635337907762,3.121944851326298,0.009601694292697971,4.74341170119141,0.45795320489273406,0
9.519659984470318,204.08094513246095,17258.188354998932,6.154072581466943,310.71629355538414,395.6985381563546,17.061389471896575,44.27337877453159,3.99455613628636,2.5196599844703176,4.271159202333534,0.360701701986359,0
9.638222268227196,226.4702151138879,30739.6890854019,6.849401308758589,333.073545745888,278.25142365833653,13.728883155611529,69.26812043734148,4.614369673533872,2.638222268227196,2.975244974218205,0.4989044434437137,1
7.499844501955668,231.538868280166,22452.63556662493,7.821007462504359,333.073545745888,380.9990976356813,14.338248156493592,66.62248509808484,4.663869576482976,0.49984450195566765,3.0743237663567546,0.5454646084848048,1
10.258615434291345,152.7764554046094,18464.9007746443,6.717972617308032,334.86407022660717,450.84636925727995,17.192564363733425,85.88352313645282,2.5310748546478967,3.258615434291345,6.7925915109032236,0.39074870301084613,0
8.303831038249468,222.9500367849428,26030.618513623973,7.1089736528102545,333.073545745888,368.2844943663672,14.383584700151289,70.07270036461732,3.3926567014093307,1.3038310382494682,4.239621549258052,0.49424210353441156,0
7.036752103833548,219.67426193471448,22210.613083285505,5.875041088125667,333.073545745888,398.5177031387568,11.502315629592148,106.69503986064285,2.9942592099578635,0.03675210383354788,3.841454924772224,0.5107702454487193,0
6.365497241052185,205.0565357935376,7040.737620777599,11.09608644703562,325.32854340517343,371.5796340409174,16.352858005837504,74.31259211793054,5.125416576401367,0.6345027589478152,3.1905416021379263,0.6785410699789336,1
8.66569208287077,162.35968676676185,3802.4116810167206,6.281552958779088,333.073545745888,337.97282283225155,19.270708731293897,84.19258057565852,3.494032184477464,1.6656920828707698,5.515319321208979,0.32596375776333814,0
6.452780750232393,190.32139075360277,22034.95459563846,6.914692835263575,333.073545745888,353.8976700893391,12.158055706280775,67.21240541543271,3.425065096273418,0.5472192497676067,3.5497287831931565,0.5687333923760604,0
8.251217779681046,167.38535324121165,17617.87630929659,7.044432594927276,323.40003158942153,277.4127111055736,12.493510203318976,61.275234034923635,3.495062986026916,1.2512177796810455,3.57461558737333,0.5638473028347611,1
7.036752103833548,184.9937314899284,19764.62744497329,7.505091882742817,333.073545745888,293.47799814332257,12.934159501881652,66.62248509808484,3.0179849706530693,0.03675210383354788,4.285692388120279,0.5802534986055711,0
6.784279329300363,140.36670861252435,17569.57981864576,4.084932416197642,333.073545745888,374.1818399732622,10.634230121896053,97.08705976226209,4.045547056489322,0.2157206706996373,2.62862533664334,0.3841304904297877,0
7.95776834399615,276.39283372089034,17162.398420975343,7.841541552765099,397.431962226721,514.42172196485,14.529779296031904,60.55969904146053,3.4507458924446017,0.9577683439961504,4.210618671524361,0.539687551566532,0
3.9757526579292986,135.89197804598018,17430.841944394433,6.305787650533418,373.48642498835073,344.3989116142886,15.62431028823653,68.37096810997387,3.666823798966989,3.0242473420707014,4.260991769401739,0.4035881988143065,1
6.931244178141836,207.5889534566365,24359.47041421294,7.222004281417241,313.8197130852326,477.06297483944144,16.495091950906897,75.04191395375867,4.89795711765109,0.06875582185816409,3.367748672954647,0.4378274377059619,0
7.002479940695225,168.95259050909513,20518.55543265198,10.135986907792532,333.073545745888,457.6467819654018,9.812921148828252,56.92186164889306,3.352436318240986,0.002479940695224947,2.9271005591767674,1.0329223807204928,0
7.036752103833548,257.2354326958558,28149.052685047413,5.994556023304455,336.06244571646596,551.8500902336942,14.252898369549598,68.40383309732931,2.674040012344625,0.03675210383354788,5.330097146510299,0.4205850239924824,1
10.258615434291345,198.5463634904045,8108.297321624606,5.548407103735634,332.0179352741973,568.0789801609983,15.661692291693951,28.77061883880711,4.5729230043865705,3.258615434291345,3.424874823345084,0.3542661065057497,0
7.910640914062313,190.427599631607,16461.50232380661,5.4544759855144935,394.3058761044401,294.1786393999086,17.65865165143856,82.41702192204292,3.88660268997553,0.9106409140623128,4.543465982133553,0.3088840407691096,0
5.796236902009642,156.347094601636,15671.11928668336,8.408831552008218,333.073545745888,571.613700899304,17.548424733507545,74.40270156034495,2.4836433968894216,1.2037630979903584,7.065594718585974,0.47917868415695636,1
6.0206538413908515,197.46909003913416,10529.310298989858,5.3053515499292345,400.3224341668411,412.0117329737066,9.90931483977073,59.16700235935032,5.217131275201896,0.9793461586091485,1.8993796432710253,0.5353902969402158,0
6.848033469174725,165.81532563767107,6068.454884948079,6.132131503643628,373.20683366423054,442.7862667090119,11.11817146179277,64.02759950601768,4.257037542698211,0.15196653082527511,2.611715010394482,0.551541318927773,0
5.68955434379971,202.36472287563035,17493.65042433673,5.520355820916684,385.1973552551644,479.2378524031464,21.692973762449412,66.62248509808484,3.732170265260263,1.3104456562002902,5.812427196032401,0.25447666266926344,0
6.514415093251676,198.7673512594561,21218.702871190195,8.67093691991312,323.5963490101317,413.2904500885347,14.899999566696977,79.84784281372556,5.200885076539757,0.4855849067483238,2.864896355624504,0.5819420530287461,0
7.446089059117263,179.14683615806922,17763.310992827992,9.876515048672626,328.4590221284618,364.1341733784949,12.98249106686984,49.05124066256485,2.9486574387124453,0.4460890591172628,4.402846696797729,0.7607564863356713,0
8.388322494203614,256.23400720701636,16795.820484218326,4.143519242877235,333.073545745888,333.94619660685464,10.82132111389376,55.19021919784181,3.85477151639589,1.3883224942036136,2.8072528451072922,0.3829032348604862,0
6.3175765536256385,143.29995945134735,22577.81893506734,5.690078271351631,338.897199887854,573.8147436477269,15.315514664575176,48.97388656968985,3.399047913765313,0.6824234463743615,4.50582355627514,0.3715237799346708,0
5.050748379982704,191.72220605554503,18252.075989644774,8.118115150459,284.2150724390233,373.74122847367954,18.045432290752046,91.85193802109114,3.9302906628109806,1.9492516200172956,4.591372304885329,0.4498708908596495,0
7.672909522943807,152.87830510283902,22989.351184203028,6.231913253120573,343.439017311167,401.14087862448093,14.252683739036115,64.29129182004712,4.268227481536438,0.6729095229438071,3.339250417518784,0.4372448677021693,1
8.721726710620581,206.36968238478397,28608.052076372544,6.325442403664851,377.40453818519927,506.93835272982534,13.553751007248536,42.381483937537176,2.5550269039968736,1.7217267106205814,5.304736979993907,0.46669308987518804,0
6.613709117641848,141.1289215214313,25648.56949625743,7.22297155669755,295.23689211539164,374.770315796252,14.038263256862194,74.29924980115898,3.5397711113739914,0.3862908823581517,3.9658663934196396,0.5145202729152796,0
7.889579344955965,153.56973840612508,41210.66698053774,8.45763867714476,294.26007624014994,354.4826891811934,11.292574930536148,67.35476872945162,3.2273600819458808,0.8895793449559646,3.499011930740482,0.7489556615930771,1
7.036752103833548,169.18873565554355,18408.294971393894,5.131839261435882,342.9376748915926,350.89436180397325,19.334232111601352,86.67732848500506,6.091233163793407,0.03675210383354788,3.1741075111715404,0.265427608729749,0
8.082657125491437,213.75517693146628,21689.634297243178,8.771784092291814,325.03426465103627,508.1164726631864,17.03821220006006,66.62248509808484,5.2471301485472495,1.082657125491437,3.2471481496660046,0.5148300463959973,0
7.150046115062049,238.79823022056976,14708.47418515277,8.606774254853429,400.3224341668411,365.7391216578084,14.966532191622091,53.14497859329936,2.633890804064505,0.15004611506204935,5.682288151899939,0.5750679963527757,1
4.825591458154621,234.78390381561212,11142.392632055147,6.442769292150998,370.4168310285955,370.1889480541362,13.04635457708156,46.31599218904551,3.46309715357363,2.174408541845379,3.7672494392394866,0.4938367081968059,1
6.490037174928902,205.5415171695257,19397.323888893363,7.894244798435495,368.5610730195575,479.7861954284083,15.80508483352719,56.98201953997934,2.430883294085322,0.5099628250710984,6.501784092308774,0.4994749716378954,0
9.850054687400435,208.74023200475307,35289.2371102066,8.350110051861993,337.2097419137133,462.48019891044623,10.105145943904349,50.88600603490619,4.5218361268659555,2.8500546874004353,2.2347434594372784,0.8263224768739229,1
8.423084471695775,153.03289162839167,15924.799687288863,11.09608644703562,329.13223873799836,431.16746753358296,12.321632627003169,52.63130986649124,3.958608983759079,1.4230844716957751,3.1126159630665606,0.9005369566189884,1
3.98903207830178,216.07613788740343,40175.206091417465,7.487422756527908,309.80079638709793,399.0471808706921,11.186738886754938,86.95746386587989,4.4094141755632785,3.01096792169822,2.5370119259241433,0.6693123137146499,0
9.597191856878178,167.0889759575684,21153.322826848344,7.9444693087435,346.0750158091867,335.19760824941864,14.347676089238009,50.642447466178375,5.145152870605282,2.5971918568781778,2.7885805653369373,0.5537111867887335,1
6.363836377773103,207.4224363390239,9844.70229260938,9.76592075851118,320.63072496033186,466.5925435157815,19.15626102242652,58.26530475159186,4.03898350222683,0.6361636222268974,4.742840932384123,0.5098030475401762,0
6.64884918609138,181.6881220667947,30733.50383761234,5.96127222367226,343.92522231141317,257.7041794322704,17.75844368068323,35.296181418536364,4.827527398066652,0.35115081390862013,3.6785788122541545,0.3356866173171484,0
3.889106956840228,189.61852792187895,18529.798030715072,6.888257231216979,396.1072300894985,365.2729653174624,15.266330895653653,86.68071073663342,4.833507857483394,3.110893043159772,3.1584365200899196,0.4512057826528766,0
7.02129530579393,225.35049844116384,23109.854231093865,5.907272718398605,320.5359890150996,459.8998900269752,13.670098904607698,77.33991820491977,3.675557955645053,0.02129530579393002,3.7191891273061146,0.43213091049959895,0
4.78886106249815,234.89370257412287,28174.620516250765,10.850036483517218,267.1579598616741,444.8543208302114,11.784798842667612,89.01097411544157,2.8968521864425583,2.2111389375018504,4.068138108559024,0.9206805909620948,1
7.036752103833548,209.75195477571373,20214.21655170465,6.045077938233305,323.78838268143306,539.4647233811894,20.278989743745623,72.73520685768216,4.258488736618552,0.03675210383354788,4.76201446944149,0.2980956012368469,1
6.276294989981585,184.95205738489005,28653.47234174889,6.519434941013332,335.2577772874467,470.42967591266074,11.198483060942408,66.62248509808484,4.342759276850004,0.7237050100184153,2.578655589312234,0.5821712033105925,0
7.300990131038159,182.44769726524137,29136.33867680541,8.253015297361534,333.073545745888,307.4333027094603,8.730149176517386,49.89534185518725,4.596347340478699,0.30099013103815864,1.8993663077346659,0.9453463148389746,1
8.88493450304863,145.27770635352996,17621.39011463657,8.2679741062816,341.47747360324416,286.8907767627858,15.194723693477158,42.289054183433464,4.714163452513722,1.8849345030486298,3.2232061156404748,0.544134512014614,0
6.129637014813746,200.2781822057384,30989.94841451828,8.830102319230392,348.8681540852299,341.38857671477444,9.300117278144342,79.55361207012686,4.615886181275908,0.8703629851862544,2.014806019494964,0.9494612923344743,0
4.293961234794354,192.36073702122775,24600.76069054644,8.261635176374645,267.1579598616741,475.8764151134504,10.799428446711715,53.61984740200443,5.105120757070882,2.706038765205646,2.115410554460116,0.7650066345764409,0
7.036752103833548,231.30512674597168,15629.762334635085,7.018066792615917,297.748867080222,406.3404245381011,11.835535139284955,49.67969602868945,4.464243686429189,0.03675210383354788,2.6511842362188784,0.5929656848684097,0
9.953952111556116,232.94900187336617,3773.2811465808113,9.97984962210093,333.073545745888,339.88302869364236,18.343590214904054,82.44900207544099,4.052905069433097,2.9539521115561165,4.526033887942998,0.5440510260603912,0
6.057904774112318,149.12279412795087,23603.501870040254,6.53702822442459,302.6986306448614,393.29347792755664,17.615229350234813,54.21793925226441,4.269753245404226,0.942095225887682,4.125583894950175,0.37110092201192535,0
7.846057926337261,224.05887682392927,23264.109967729135,5.92236704115349,300.40262012672275,387.9713357968339,13.40673745495127,43.07518646611747,2.4879686470023556,0.8460579263372612,5.3886258102483096,0.4417455491545216,0
8.005016372063832,187.23053461680195,44831.86987314955,4.339310242341571,300.6971279883858,437.3255073049786,13.972014075596746,66.62248509808484,5.288776596554314,1.0050163720638317,2.641822958238902,0.31057154024407885,0
7.595228724049123,188.3732816676157,32869.474407709225,6.745588411685346,365.2086921643374,326.62713134850964,13.883328949728138,73.43822049135196,3.4976041136035416,0.5952287240491234,3.9693814764080977,0.4858768347443502,0
6.990452676633395,225.9234457930579,17679.351101001837,7.248866700092826,377.8680395092279,527.2058183861027,13.78726395823503,87.83904965248152,5.184441994818037,0.00954732336660502,2.659352985849338,0.5257653872650886,1
7.24899119805637,184.07103372110927,33123.44297961029,7.1861733110707435,322.3656611110505,345.35657568350507,15.164133941054388,68.84754399231848,4.255979651269639,0.2489911980563697,3.5630175942013835,0.4738927303802453,0
7.560392022830322,223.23225004437475,14739.068540064643,6.731610675622372,372.0289087182245,481.3417738810756,8.900408731498942,62.134280730972534,4.257805108217033,0.5603920228303219,2.090374363060419,0.7563259309061813,1
8.813504659624094,236.39281701802292,40684.3900138736,6.608774671819704,303.5298176381378,278.35512334023724,14.57605743483822,72.8726968615235,4.242459863239631,1.813504659624094,3.43575530917394,0.45339929867625123,1
3.889106956840228,213.70229899617283,33431.671122053405,5.542363643899623,308.380612133381,465.6301194498782,18.126923689535317,50.0810539605979,4.144780872709738,3.110893043159772,4.373432486010286,0.3057531125011642,0
5.986593892372897,275.88651276365454,21229.08331349364,8.9404298665849,333.073545745888,354.1118604061628,11.783383155668048,92.22773293982586,5.0514938738907915,1.0134061076271026,2.3326526998120425,0.758731935450341,0
6.255149748918091,153.6404934497769,24316.16333992184,8.211595059274757,367.3445340402844,295.04249226405994,12.50366064624518,91.27079222907058,3.146482535996279,0.7448502510819086,3.97385223955609,0.6567352261759802,0
7.036752103833548,163.1672501252409,36525.55088358131,5.51292702438785,284.6242698942435,522.6005118428147,14.395518517478706,78.86846469502275,4.645691670402503,0.03675210383354788,3.098680764914111,0.3829613108227308,1
7.036752103833548,187.6134375765952,13427.06859106962,7.317569734064269,333.073545745888,507.5674883228843,18.13769052737769,79.34988133876723,5.324638004849745,0.03675210383354788,3.4063699925680715,0.40344548384334705,0
9.545270521249014,212.0463910751363,25189.830621579396,6.2038687851292345,316.56731934499334,498.2669593558268,20.05151858316617,52.90112725787564,4.983903465009575,2.545270521249014,4.023255004974829,0.30939644047414544,1
7.390896678654897,219.33597776898887,25574.09172142843,8.760434379770334,333.073545745888,553.0576632213979,17.73037118589417,60.59843160814363,4.32513164451923,0.3908966786548973,4.099382063660392,0.49409196196907307,0
8.594677108362674,263.7645926846328,23220.120613390383,6.394463065325563,383.9625917765638,588.8527328527769,13.579996003945723,86.19163513353918,4.754072499317674,1.5946771083626743,2.856496855989876,0.4708736727605776,0
7.036752103833548,130.55856146255113,17429.584949659697,6.3176544269347366,322.0595875907542,524.6456427603447,15.318048390229194,75.37640813561349,5.541322279631281,0.03675210383354788,2.764330398577369,0.4124320444458503,0
7.036752103833548,217.94497910755365,37820.047327483495,8.299339281001231,333.073545745888,367.57008163685595,15.421033533163325,36.44661433028514,2.994780121985052,0.03675210383354788,5.149302371367191,0.5381830423343708,0
7.036752103833548,173.47418591742104,18318.72037202904,7.597653599377649,282.59811917471865,407.64296227703863,20.200592419125996,79.10401879770767,4.181264105822968,0.03675210383354788,4.831215411573398,0.37611041625065145,1
7.360640105838258,165.52079725952862,32452.614409143884,7.550700906704114,326.62435345560164,425.3834194953874,15.586810438033126,78.74001566430479,3.6622917828524577,0.36064010583825823,4.256025217594153,0.48442883502650014,0
7.036752103833548,205.33854557594853,25142.73373834488,5.63950107310841,296.0912731919874,528.2800235575677,12.911509226527585,69.5267180012222,4.894829651096215,0.03675210383354788,2.6377846644471767,0.43678090123970686,0
7.834319239941967,171.28878489718358,25918.5679532628,8.589393961495093,307.2286660917603,448.5640489626287,16.40780300125641,60.18211487419359,3.53293609627941,0.8343192399419674,4.644238647366724,0.5234944274588706,0
7.036752103833548,208.83771058014375,11609.997158811822,6.445280105828747,333.073545745888,407.0173979114756,7.070771158478237,76.38352082536233,3.813435553007681,0.03675210383354788,1.8541730169606403,0.9115383668671191,0
7.361599831600276,231.79318250363508,29169.720783490982,7.929904388301963,375.09718802100105,389.27264540312825,13.853116371431213,39.53278687132903,3.751588621742676,0.36159983160027576,3.6925990761740644,0.5724274310023187,1
7.036752103833548,237.705681396383,21862.75360901294,8.96142509536758,318.17268735178226,434.38830367609546,11.66532921455206,59.775642053575794,3.9432907565051343,0.03675210383354788,2.9582719045092474,0.7682101518385259,0
6.79265509816682,241.72445271011424,9094.313300416155,6.435809198082079,338.5211762965584,361.1075365090635,14.502464254823336,45.428096504423245,1.9177543925715308,0.20734490183317966,7.562207521876336,0.4437734609253148,1
10.258615434291345,169.40365472843013,43533.65784534446,5.888459997642613,341.02959961853657,336.4466547717247,16.089710422113853,59.49402634059388,2.9299527394001954,3.258615434291345,5.4914554471456105,0.3659767315372392,1
7.036752103833548,207.05911386208373,30573.066315029697,4.438196616151671,341.8856820446872,393.5132564546976,15.564636555886976,81.42151396618713,3.109695767607044,0.03675210383354788,5.005194306409555,0.2851461590554688,0
7.591089848316611,195.66580036512028,17444.671404003187,5.307070875577667,333.073545745888,517.2033080678149,14.799552979245618,85.77578435908438,4.531196012957704,0.5910898483166109,3.2661464370063493,0.35859667683364777,1
10.041027974912506,117.1251603715048,16266.434445278892,7.939074357822587,363.86689020030826,557.4860613065097,13.195340678597404,75.23322130874465,3.8075626058306695,3.041027974912506,3.465560144127564,0.6016573538750889,1
7.036752103833548,222.9806296261087,32237.24543298235,5.924658815394148,336.6527027401045,526.7760805918508,9.842433246931648,77.2419841747706,4.006631571280796,0.03675210383354788,2.4565350258172858,0.6019505608829588,0
8.143483376311869,182.43245720972183,10673.582673737048,6.607835038589061,333.073545745888,427.5452192006416,13.71933087818735,77.76933407851496,2.572830422704593,1.1434833763118686,5.332386240745387,0.4816440842206752,0
8.848927372187074,262.59832943880866,24417.86132450149,5.399012624095749,267.1579598616741,493.8554892420236,13.262439118840293,47.11299089491515,5.992325026682801,1.8489273721870738,2.2132372403946188,0.4070904430645494,1
7.036752103833548,167.1044296160452,30362.68394790395,9.990332197218962,362.2616360724187,432.0307099061292,9.971476405234055,94.9841012731818,3.346057063483423,0.03675210383354788,2.980066757972879,1.0018908724573763,1
6.991685152928785,152.97621710585375,20389.59381574743,3.1462213405647073,331.25291635773544,460.14617415464585,15.485377868080832,69.67003776931779,3.724823560337372,0.008314847071215326,4.157344223127185,0.20317367546297768,1
7.296908882387336,149.0794957561743,15931.429225597616,6.550096293006814,276.0132734412326,367.9048021033115,14.723055277882509,62.634448904012885,4.671448182615176,0.2969088823873358,3.151710465496326,0.44488699692377043,1
9.900814840038256,199.0837517570167,16233.134679362192,8.14664316834556,380.11302950022434,345.01985183664556,20.386719629536515,73.38148841994276,2.3950021100616565,2.9008148400382563,8.51218920922891,0.39960537628315806,1
6.314077469750392,124.84799173949948,31114.635652584744,5.713940403721395,333.073545745888,396.6729763439833,18.42322647037764,73.10199734589395,4.363865762503175,0.6859225302496084,4.221766491287148,0.3101487192137606,0
8.549692514107981,236.8615045978861,17828.294523792538,4.752267562975149,341.03633696679213,423.1100796600702,15.313242765803466,80.93130520643619,3.039018778586744,1.5496925141079814,5.038875651189308,0.31033709354170946,1
6.698153869013519,198.2862683787448,34675.862845417316,6.263601576759601,360.2328340727244,430.935009346552,12.17667833606606,66.62248509808484,3.758179651015044,0.3018461309864806,3.2400460400372904,0.5143932433374889,1
7.368165576531881,204.0414512166342,8524.874645571706,9.469763496724733,400.3224341668411,328.5652877634906,11.173154976335924,88.88881942793677,3.6842633826061095,0.3681655765318812,3.032669161606816,0.8475459858236227,1
7.036752103833548,215.97785868806776,17107.224225827616,5.607060453087125,326.943977743867,436.2561939726491,14.189062206123708,59.85547582615388,5.459250956028731,0.03675210383354788,2.599085427895395,0.3951677691214479,0
7.036752103833548,215.94069522805705,10171.710103327809,6.622284288215922,333.073545745888,378.3175326624119,13.190817815116532,82.78535241247388,3.757799099489597,0.03675210383354788,3.5102500042267213,0.5020373929044388,1
7.341547112170922,187.6724024235932,21273.45706642797,7.784003063151443,333.073545745888,332.0842933832068,16.842334088885025,55.01915102209801,4.025643695758845,0.3415471121709217,4.183760704621797,0.46216887516318556,0
5.980357226763917,181.25870473997048,11826.294275033131,3.6885044472211,356.1666134614901,543.347976436273,8.82868891916479,60.20638096691073,4.24724014869094,1.0196427732360833,2.078687931785064,0.4177861586478778,0
9.91709205694149,196.6037461418109,37215.22683519184,7.408017537424175,267.1579598616741,522.5485530728815,5.512039717949506,77.83081603593753,3.3933253802234224,2.91709205694149,1.6243765262528573,1.3439700315167442,1
6.297845634002767,214.21457410190632,21022.8350298754,7.258721932993848,331.8219770182329,434.0487021835571,15.872182184230098,64.84690478735237,1.8487974931046152,0.7021543659972327,8.585133665690392,0.45732347269062484,0
9.564853066461303,251.80666547361471,17156.336705105805,6.253179731903874,346.70520909422305,410.3224303156306,18.627125692713832,82.95587203610677,3.182805358542542,2.5648530664613034,5.852421917757979,0.33570286148050205,0
6.139743031734375,168.44421445078433,23894.13600961513,9.49458169766203,318.0260869386588,494.1291249442764,19.11602216327003,60.26476691187036,3.841221573687875,0.8602569682656247,4.976546346002843,0.49668184729474163,0
3.9060783549561697,233.4028350124758,32144.799933618317,6.9948396173050975,348.3594482139767,269.4490512269393,9.6541256002684,63.74306384016444,3.902879711657464,3.0939216450438303,2.47358971834128,0.7245440117918724,0
5.918953546438134,154.77351651117118,9712.56066397662,5.326271917158785,333.073545745888,386.2180718296084,16.579300724792006,65.88233541922234,4.265547138587628,1.081046453561866,3.886792549545954,0.32126032842469454,0
7.813067624946343,183.69747959498517,9812.122463467304,7.607639271731978,400.3224341668411,539.6107974856919,12.348083326544838,90.39027660429542,4.713719499272781,0.8130676249463429,2.619604477705003,0.6160987462142397,0
9.370696575357568,157.71936436169278,15106.308646718096,7.762861766330197,316.39197399236394,424.91567671604486,15.645998008331503,106.69503986064285,4.3807969416857615,2.3706965753575684,3.5714950145157376,0.4961563503996433,1
7.077874006530455,220.67053960676589,23873.378210133666,6.181839616382845,341.98723407838395,333.0507859433459,10.661798937603976,90.29777033020964,4.764508264921448,0.07787400653045484,2.2377538472012515,0.5798120066556125,0
7.036752103833548,208.25628348086076,13696.009916766998,4.484021278259187,333.073545745888,449.1780609772641,21.305197096159983,76.0397875481668,3.8501348891737166,0.03675210383354788,5.533622113460604,0.21046606832852588,1
7.036752103833548,205.3041488690708,12190.171601534148,7.04483301062803,313.41170753724623,374.52319699753207,11.83831293786875,47.65364194033662,5.026270726028191,0.03675210383354788,2.3552870961123906,0.5950875308427841,0
5.093675134769971,251.31377951745833,30245.95697484084,6.7188296734823965,267.1579598616741,271.63073825352404,14.882428188643305,70.77840809888028,4.552571441876335,1.9063248652300286,3.2690151290617435,0.45146055044626027,0
7.036752103833548,146.2503249373279,25623.34054925668,7.307749474382833,333.073545745888,464.1846060803089,8.354867121289885,69.00157465882756,3.582882368510237,0.03675210383354788,2.331883642856016,0.8746696379038249,0
3.889106956840228,202.51206779112505,9439.783992729104,10.343626123965867,313.13888597110815,543.685833352541,15.436184682423573,65.20510070650403,3.8466069554090008,3.110893043159772,4.012934216682417,0.6700895115393466,0
9.271355446767778,181.25961724022244,16540.97904800414,7.022499178514222,309.2388651146156,487.69278784471584,13.228440998934786,66.62248509808484,4.333952897530932,2.271355446767778,3.0522800453579055,0.5308636632401386,1
8.787667940586466,232.46263718036695,7035.13379657523,9.306448972235804,333.073545745888,415.62488165905114,12.051416569717276,66.62248509808484,3.489945595277838,1.7876679405864664,3.4531807982459544,0.77222857131936,1
6.756659807295844,212.64185756058043,22112.74634590108,8.332209743016618,275.24044441243524,387.5621917102284,14.174062662057906,76.31744034817632,4.184873593047181,0.24334019270415563,3.386974292038984,0.5878490418609338,0
7.481535362094441,218.261169772179,12088.41645033494,4.8706603780270115,400.3224341668411,518.3755726067396,17.120962242035716,56.71102421410297,4.262065436945668,0.4815353620944407,4.017056630939132,0.28448518399177875,1
5.452214926167417,199.22846754405663,14446.81238968584,7.689190528554683,298.3184182542306,469.1319512580189,14.020507420373008,95.30623861595618,5.190533810336875,1.547785073832583,2.701168171043063,0.5484245148615029,1
7.159052990497457,161.47871035811903,25591.840984167506,10.18952799658635,367.59639651851234,330.5504526671393,15.44784172788627,51.18831726937318,4.291668966809951,0.15905299049745736,3.599494333756711,0.6596084758289472,1
6.333640046326739,185.4363401071612,18506.288608777377,6.572681848401118,356.9710326882704,366.8131075971799,16.4396294207167,76.76438483029237,3.9820023352709257,0.6663599536732612,4.128482082147273,0.3998071538225356,1
8.111101031034266,198.76819532530232,35200.7988338764,9.685390204181694,333.073545745888,348.97139489038756,19.071934700397264,72.87156408438828,3.663774941094516,1.1111010310342664,5.205540679078676,0.5078346716521254,1
5.585116998353004,143.5054130210777,22234.69673752062,9.252852464062771,368.38746450927954,437.1246646180739,11.575215262485983,52.424378366747334,4.148342955341853,1.414883001646996,2.7903219663308034,0.7993675672436688,0
7.8519256917911475,235.33831153028973,14763.580113201528,7.741975288974793,338.6033223770302,505.6656389109513,11.863370355222798,49.59838149651444,5.2040441779297595,0.8519256917911475,2.2796439980066063,0.6525948701392056,1
7.888424514936055,269.5729132274828,15761.871366279853,8.173474687605616,333.073545745888,490.8951089950267,7.02553623282671,78.50227063808656,2.998065930668415,0.8884245149360552,2.3433553670732676,1.1633949713361686,1
7.46655835764527,212.81602950205456,16679.67362202795,5.436264151807441,366.6013443443686,358.9095885991457,6.13421040957104,46.655429226212824,4.991674870778567,0.46655835764526987,1.2288879663603374,0.8862205406428264,1
8.228563824612493,182.19690543881313,18132.09440069949,6.712006973914058,335.7805182550709,569.9348877833432,15.1193475192876,63.35970553322261,2.7819441082828664,1.2285638246124932,5.434811590736202,0.4439349331323118,0
7.488133464330415,177.3530518223562,24786.050527721734,8.613303748019465,369.21067127860385,387.8680751686361,14.149473097200598,48.96599558207357,3.4740347171181667,0.4881334643304154,4.072921020207033,0.6087366702712692,0
5.0900353321672975,174.26635748737323,34094.05717743785,6.741909445204502,376.6636078793938,526.3610815801607,17.107563130581752,48.5462574960863,4.838862280223715,1.9099646678327025,3.535450815587172,0.3940893860600854,0
8.310373671963342,201.6516668147052,23260.472004700023,9.34562132951958,333.27137021919236,292.31583653898724,12.024865993912783,63.64262026470728,3.493053886006752,1.310373671963342,3.4425070278983125,0.7771912433002802,1
5.821261629656031,204.04888998474,37174.00541355088,7.86781524178014,329.0195541682103,466.78326401214946,13.98870665820175,96.82696136427752,4.371078785200288,1.1787383703439689,3.200286278361943,0.5624404651252501,0
8.842463655897197,229.96442239785895,7839.318759829379,10.508809892873716,278.42826495080095,370.0851533742653,15.790977327692303,77.16661878342133,4.576728706441388,1.8424636558971965,3.45027527089217,0.6654945421870816,1
5.6717623259348064,184.78184191345,17527.716725719834,5.314759315288798,339.0564796128674,409.4793778671879,15.1960451263476,31.941831210878476,3.2686935067638117,1.3282376740651936,4.6489646233084425,0.34974619523389217,0
5.953923889741049,226.93506171158316,11930.6247945518,9.6772688696774,333.073545745888,350.9686514573219,13.60964252131339,70.57141440733061,3.9686471632564224,1.0460761102589506,3.429289259581574,0.7110596875312941,1
7.036752103833548,143.09910295231725,19290.568067632812,6.084324829707493,370.86954997899807,486.0593044064352,13.92473170382101,63.80230173372311,4.117287901677459,0.03675210383354788,3.382014727736938,0.43694374313109274,0
6.512737123980129,229.26386100755585,22475.046873480987,11.09608644703562,267.1579598616741,479.5012785933446,9.98346239180904,66.66857615209304,4.612963629350583,0.48726287601987117,2.1642182834630836,1.1114466003991597,1
4.083594880123227,201.93864337485672,20555.965488803144,3.1462213405647073,341.5971527449922,435.5115290431587,12.226676003135822,69.28977861137756,2.974870902771941,2.9164051198767726,4.109984027125063,0.2573243195806828,1
7.036752103833548,218.40554471945777,11370.649169374314,6.866826341851623,392.8419067894597,284.5511731224262,16.09552022591805,66.62248509808484,3.2665624030220295,0.03675210383354788,4.9273558293794135,0.42662963475791105,0
5.93605710996818,222.92230684766145,18061.697568169104,9.982723538040052,400.3224341668411,323.499231250292,14.298520823670572,51.86888450967519,3.940282339037946,1.0639428900318197,3.628805238955653,0.6981647236789256,1
6.825647036962729,176.84106250266586,12838.914372603773,5.792424747539261,393.7986481897202,447.28911533409513,15.821346313772152,104.23094917140682,2.8044803845141923,0.1743529630372711,5.6414517140796825,0.3661145054629499,0
6.15573862424869,166.29291954859636,30284.494869139427,8.995896028440464,333.073545745888,351.6267335114938,17.404753840472438,75.33620666035182,3.68597582848833,0.8442613757513104,4.721883682489227,0.5168642770837373,0
7.650683237261012,239.4901476171355,15326.925014361675,8.927896393026264,373.4363117236974,425.3363524592642,17.88359172083949,66.62248509808484,4.0437108836976625,0.6506832372610116,4.4225682331468,0.49922275307817293,1
7.748654706492547,239.78827775070775,29331.236632903172,10.713096621882292,267.1579598616741,441.5295472549179,16.389383901690678,66.62248509808484,2.51181049287789,0.7486547064925473,6.524925914290112,0.6536606886800956,1
5.8427546011896965,202.0447752679476,13969.26156241775,6.64391802773037,290.79595450917157,475.1429562109705,18.189838506263182,77.93110394691143,4.490392564009722,1.1572453988103035,4.050833907311336,0.36525435122408395,1
10.258615434291345,117.1251603715048,37188.826021934,9.263166160944529,267.1579598616741,439.8936179168196,16.17275544496954,41.55850071766692,4.369264314437881,3.258615434291345,3.7014816636398766,0.5727635973783426,1
7.036752103833548,276.39283372089034,21160.08973864449,4.270717789514836,267.1579598616741,525.9922871028738,6.874315403971821,54.648034529749246,3.978746921874003,0.03675210383354788,1.7277584654656875,0.6212570877661835,0
7.036752103833548,184.99369843857363,14875.956507959403,7.498210127119585,367.3265855889259,435.6030009092452,19.839907380872777,75.19948188877473,1.922376882636882,0.03675210383354788,10.32050335164012,0.3779357234506408,1
6.704791892183704,176.8960327834092,28140.76815451146,6.942106755605267,333.073545745888,455.9726269963534,16.03597987946131,40.07611272696377,3.806596292463485,0.29520810781629603,4.212680945055639,0.4329081462361079,0
7.036752103833548,171.6950224337254,38971.05101037508,8.365578507652103,385.9537304221227,397.4417128034464,17.20160786765331,73.64699560645042,2.6432124116405253,0.03675210383354788,6.507839205074641,0.48632535316990716,0
7.036752103833548,184.0409883057969,23727.094105198827,4.964448947647604,277.6808372224047,382.8477409283204,10.213622575685974,75.56104956356143,3.714469252576865,0.03675210383354788,2.7496848490307353,0.4860614757201073,1
7.466213132452259,223.1841807896539,18261.69494170539,5.206596780797096,333.073545745888,456.2621505929234,14.023547215332655,99.13033595633053,2.0818456568399575,0.4662131324522587,6.736109582931073,0.37127527932655874,0
4.5956077558097705,204.8596597900153,13891.03853003988,6.371344530423113,333.073545745888,631.8220781685856,11.420910359124775,70.4490025357391,3.978919806946673,2.4043922441902295,2.8703537751204715,0.557866559863693,1
6.300755509276121,179.45279245637445,25668.198954461954,8.931530795516178,341.4930241478503,458.83540577966994,14.062955946663408,66.62248509808484,5.708111882566888,0.6992444907238786,2.4636786685864243,0.6351104415231309,0
7.036752103833548,176.7799465044224,24793.455675112724,6.394342434136246,312.3591475472501,377.0662856987264,10.07019192022682,50.1241222610585,4.641041336188799,0.03675210383354788,2.169812553034457,0.6349771533465538,1
6.400256164229511,172.2990001423738,15936.247359864004,4.935997766107353,340.3929303663409,435.4056098362427,11.075621804849504,58.36599451072914,4.561493818692693,0.5997438357704894,2.4280684830469097,0.4456632239178557,0
10.015189062467666,210.1267169600137,9064.035830800274,7.198432414854298,363.5618201103673,324.64790875398586,10.213058200550506,92.64389187192104,3.846547549446087,3.015189062467666,2.6551226558732015,0.7048262693382104,1
8.205550719357213,204.66582865290752,17414.52062317062,6.839622493454928,276.77009768526824,346.540728905403,12.505601431794616,83.91674915821963,5.129527820006001,1.2055507193572126,2.4379629924332864,0.5469246708231879,1
7.603775446495936,214.68277802536477,11459.62244497658,10.999995159050403,398.9208685532558,321.0690740723777,12.010675957758052,58.10070666669672,3.5849850237337204,0.603775446495936,3.3502713478500747,0.9158513877059345,1
8.895574457925981,117.1251603715048,27622.746267541796,6.163319674060597,400.3224341668411,444.9295835933552,13.99513553541965,78.34841499174775,4.754234801908662,1.8955744579259814,2.9437192681526403,0.4403901068390533,0
8.42690635667539,159.69025100871997,19576.530381129185,7.664375220029952,344.14513049090107,390.69089981896707,17.747036803656385,53.63150440112333,4.244513927400452,1.4269063566753903,4.181169605292338,0.4318678590097372,0
6.2843857911113785,222.6887948878871,18526.261690599968,8.980270623695109,395.2616371156387,517.1505477841016,15.869010297602074,55.384332841391995,5.030712169428622,0.7156142088886215,3.1544255780745383,0.5658998191684503,1
7.7737581374530995,251.46284435305705,21688.61694269034,6.194910000092316,395.0882448467518,355.83168295201193,14.32455235090913,67.58431075029681,4.040974482292381,0.7737581374530995,3.544825355580489,0.4324679344853113,1
7.036752103833548,160.09508576759228,26561.569491317667,7.18702165829636,322.0904651822847,372.62352926831016,11.455203405009456,57.15095807193552,5.136779753078214,0.03675210383354788,2.230035494145809,0.6274023059032815,1
7.036752103833548,237.677383112304,26009.07525933065,7.074531320872402,372.6002964294522,344.76792440431177,14.44223828109807,72.69624048876342,3.7066017915406855,0.03675210383354788,3.8963544499719682,0.4898500283215438,0
6.340809022225877,158.3427412395423,15288.213773747357,7.599751702318177,342.4477002050769,334.93730220345196,9.237117976374748,38.10391717258014,5.4586096902322225,0.6591909777741227,1.6922104360554384,0.8227404802033653,0
6.246264053794833,163.21803844969529,26408.88176751282,6.029670479976019,400.3224341668411,509.95686424056873,23.295426859188986,26.619225158022296,5.044454777717949,0.7537359462051674,4.618025786267782,0.2588349317481022,1
7.974248428106492,173.75077581038963,26848.6298415976,6.0555337414100165,337.9404816953752,347.74806121506026,13.757564052869498,75.53536915259599,3.1959442509174982,0.9742484281064918,4.304693282502242,0.4401602840429221,0
6.32037528471829,165.82154526373657,20481.642070831575,7.605958274587529,354.2890347846697,422.3410482213273,14.793959847534154,46.043064509411025,2.7286173523352666,0.6796247152817099,5.421776861858625,0.5141258891363961,0
7.036752103833548,166.4049679641564,14202.193804903422,9.006795749280975,370.53852440320816,493.4402439630333,12.453160071677928,59.80416693404446,2.848370818146627,0.03675210383354788,4.372027553544932,0.7232537744785957,1
7.842979001264934,200.82967424192745,16827.192866686655,9.888402990581016,333.073545745888,566.3307047973911,13.7912447006168,46.662407323733206,5.109312362176544,0.8429790012649336,2.699236418480661,0.7170057879643726,1
6.571099216507485,207.74102501484316,23372.882653692348,6.280195162130877,313.8469724655427,497.90231984559006,12.87480497903141,75.41671019846203,4.555949236427071,0.4289007834925149,2.825931871707243,0.4877894993026796,0
10.111976704648654,240.4321002291383,15331.302691753155,5.392651282023056,361.90292619839744,403.0418101498447,16.13112428701453,61.11114633827725,3.425763242173682,3.1119767046486544,4.708766612841743,0.3343009979820882,0
7.879543234364988,170.1909123391385,37000.9556741392,6.217222542133946,346.06367680623976,517.576761929397,15.871769785299648,68.91118478705576,4.066229363880946,0.8795432343649878,3.903312986466193,0.39171574654368785,0
5.0782741752214795,185.08838491254377,18125.638398024403,4.105766322585412,275.05564184079964,528.1562512089131,11.325446639918937,80.33833076422354,3.631042313530789,1.9217258247785205,3.1190612895515666,0.3625257431868538,1
6.930082548200621,210.42587454794045,22802.03992956427,5.945302782503271,333.073545745888,473.7955537368353,13.900109614714154,64.04269810729627,4.14941370966986,0.06991745179937858,3.3498964522203876,0.42771622092055794,0
10.258615434291345,207.0048365573147,16099.151895652394,8.186478946067783,369.68386689751986,575.3090369357701,17.556879619378833,80.74984922425074,3.7202643792172,3.258615434291345,4.7192546309890036,0.46628322670439293,1
8.384296439201583,223.3281852440092,27463.65479470091,6.476752767284111,352.95280331182386,318.04264782386764,10.64516385507102,64.20933666150326,3.4609983762206533,1.3842964392015826,3.0757485621668446,0.6084220259114909,0
5.6664461454272965,142.14781059875196,24383.741538214686,9.989551220939507,320.264283097194,511.9540006446537,23.295426859188986,77.03048701396436,3.836823301450685,1.3335538545727035,6.071538603000688,0.4288202509660746,1
7.036752103833548,182.58222779929253,19575.475362719964,10.048383219584942,400.3224341668411,383.49095391355945,19.482945181992537,76.6347982494804,4.329204049946698,0.03675210383354788,4.500351671314902,0.5157527576025611,1
5.064042459574996,214.52932829291132,21035.10685521584,9.134812616976626,333.073545745888,471.178108774357,13.333517575028909,58.19422234001316,5.122702568734235,1.9359575404250036,2.602828251942651,0.6851014280719837,0
7.1175786583500535,186.19968042370704,31528.94868997698,6.387037207808662,335.3488806722955,380.5782648244125,19.07399551117425,75.90307214842461,4.333401737047984,0.11757865835005354,4.401620774386621,0.33485573954398595,0
10.258615434291345,136.57738115579482,32872.38056577991,8.399435299469037,276.92183480609395,416.1885459071077,18.88462464794526,60.07841278280955,4.669239858306086,3.258615434291345,4.044474299146832,0.444776372910677,1
6.104925813644357,241.17571812846623,13539.81166432922,6.015548013766607,335.39647488556784,363.63340324715665,13.456483937323242,60.92371296313236,4.13193258707139,0.8950741863556431,3.256703829758517,0.4470371008317138,0
9.380007092014502,166.26975665274625,32471.45632350266,7.342534658664355,333.073545745888,498.31306197045353,12.779885345815046,56.7933172654129,4.5662536959670295,2.380007092014502,2.798767523218184,0.5745383378208815,0
9.286155021432371,222.6615513815935,12311.268365978076,7.289866041052649,332.2393594928603,353.74009999706425,14.171762565335484,66.62248509808484,5.239981870081682,2.2861550214323714,2.7045436820511157,0.5143937102425177,0
6.187938053993094,249.52711113284624,12682.150940770613,6.253224096114969,267.1579598616741,274.7647028108312,14.352955259082592,57.62336769074325,3.5461832023705098,0.8120619460069056,4.047436466917906,0.43567499149577016,0
6.505065806504937,226.41960935560695,16982.1319743572,6.938467052899352,318.24571032014956,484.0922845308061,18.527104768188963,80.46281040970479,2.890998522404099,0.4949341934950633,6.408546464505184,0.3745035592560117,1
7.256015038533906,196.6498225540422,44184.23045950258,5.265557586247642,267.1579598616741,324.2501475903347,8.148929054665643,69.3750440847648,4.534960272538596,0.2560150385339064,1.7969126007781777,0.6461655150951828,1
9.393148441549062,215.05136457391643,20592.258942126427,10.08953714883008,331.338738654354,447.0744599342789,10.778632633397706,54.4269683662254,4.665681059368009,2.3931484415490623,2.310194414502759,0.936068289543449,1
6.603416523303387,190.83730796195945,19468.790095389904,6.37563198794617,380.73190107021526,456.31546041862254,5.93458832142386,83.55932648367043,4.270816603915842,0.3965834766966134,1.3895672613090604,1.074317301945418,1
6.0980120899463275,211.45401031110435,39352.77583836346,6.212191253207703,333.073545745888,488.1413127215997,11.79184027310606,46.928041333003634,4.590616740729233,0.9019879100536725,2.56868267825604,0.5268211392376863,0
5.573201156513374,229.17498651949677,15613.160532842276,4.157901706275742,383.48111566624016,409.06657691189406,10.751903721756603,63.75851609746681,3.5996246605096593,1.4267988434866261,2.9869505153583873,0.38671303493437587,0
9.146557555894002,226.09342489483137,6787.484660017703,9.241762922024453,319.02580857134706,459.5690213665925,14.110476241241429,80.5711461864126,3.210881938583371,2.1465575558940024,4.394578223853565,0.6549575017217043,1
7.036752103833548,213.04119146394785,12036.643043583255,9.794730235571302,349.1713946556015,284.0179948359197,12.419905500514687,74.67438320745698,3.898915859529646,0.03675210383354788,3.1854758508528414,0.7886315597597618,1
5.33568880893353,178.64011866627362,37993.182754531095,9.772521848077082,343.25835928715264,465.07279582402913,14.834256983868954,65.32653148577674,3.9219763810567607,1.6643111910664699,3.782341289248314,0.6587806318795253,1
7.036752103833548,190.5675212494877,18589.031159737136,7.470352522879213,362.1469773194865,471.44476872688824,13.760230940081897,90.3063097438074,4.400203468805106,0.03675210383354788,3.12717989303314,0.5428943752844003,1
7.381757557406792,203.46030160970753,1372.0910434922284,11.09608644703562,400.3224341668411,361.34249562314784,16.548438388766158,55.13254619309448,3.3380217586877454,0.3817575574067922,4.95755708845788,0.6705216236020513,1
8.142660400879283,220.63097214086753,20111.225947682775,7.446877056414904,354.8971312058425,366.80248357875263,19.721287663233458,53.71936605493054,4.617093489122915,1.142660400879283,4.271363237138299,0.37760600656376836,1
6.879959452149452,163.59333933683183,44586.81265100216,3.1462213405647073,267.1579598616741,554.0451045000362,16.521941961295283,67.53326015210645,5.688206949361446,0.1200405478505484,2.9045952799862076,0.19042683708175992,1
7.783305612895872,196.81595194379335,24789.354734008884,6.548497477825059,331.03677627792837,372.7649817493216,12.066181756715764,26.619225158022296,5.045619628382069,0.7833056128958722,2.39141676424153,0.5427149256611676,0
7.036752103833548,241.89551463867187,25717.936177979973,4.239997134523971,369.5411429878227,474.9374695635352,15.306062668023683,48.374211615683336,4.306218230824751,0.03675210383354788,3.5544086001149044,0.2770142099553568,0
7.036752103833548,232.6001511087865,10634.059045381007,7.558162033746827,334.04996256351086,542.2114325536916,14.013541506003548,85.21509462110782,4.799012921311841,0.03675210383354788,2.9200876963017555,0.5393469945596434,0
7.036752103833548,161.25033056751795,23469.22086693208,8.392832050577809,333.073545745888,448.7879639198399,13.836279976784963,70.20673965682607,3.6002204377572,0.03675210383354788,3.843174709110236,0.606581498645454,1
6.844350911056747,197.4604694131885,23608.862238919857,8.396404625630883,333.073545745888,526.425914653086,10.878096260626023,62.03714341178984,2.8770628132019116,0.15564908894325313,3.7809714927802336,0.7718633529801404,0
8.605374455470146,217.04312753358568,22970.957278860453,7.409956812957436,333.073545745888,264.6994734696039,16.692945826142704,46.50165844599797,3.665323340605603,1.6053744554701463,4.55428886366564,0.4438974670040136,0
7.036752103833548,209.4268373223024,20827.98384358852,6.5913711396627885,313.8746838886085,567.6041513702078,17.95484850578748,40.140151997980645,4.238252980379006,0.03675210383354788,4.236378609896774,0.3671081251635196,0
6.174750579100353,138.51358802644427,21504.138820970347,10.860294995090388,338.7030157200026,447.80546453786343,14.241965197367108,31.705933099963868,2.5660487883616874,0.825249420899647,5.550151544978397,0.7625558749815118,1
9.004352169514855,222.4897832194207,16544.82750374654,6.12409517358475,333.073545745888,411.1936210517867,16.036914249606525,67.26466878240925,3.5278934709486345,2.0043521695148545,4.545746586715297,0.3818748854294162,0
6.891561654773667,198.54464116651735,26240.49298150088,5.15386951765593,333.073545745888,436.9270957433979,8.634318939146453,86.81022923905675,3.5619625718994854,0.10843834522633333,2.4240334761599027,0.596905089686243,0
7.036752103833548,193.09126005208208,17777.100086110448,6.087949054255588,333.073545745888,543.1149525312113,10.717588217980335,66.62248509808484,3.8786641554679218,0.03675210383354788,2.7632156395019787,0.5680334383447125,0
9.814247468572583,177.7122169122115,30575.94690238904,6.3939271901593955,333.073545745888,536.7206320402404,12.339004217343527,46.259048489496905,4.317531286512946,2.8142474685725833,2.857883484945314,0.5181882232428416,0
9.177869865892433,163.2748282557015,20868.331218998803,7.726040434165082,320.4214321786778,426.9943931689402,10.214274603240654,62.430926156839874,3.1087699879134547,2.1778698658924327,3.2856310879613138,0.7563963157322546,0
3.889106956840228,187.4967035632496,23103.410444128804,7.145144825874952,333.073545745888,350.5404796207255,10.140068301558983,67.45618010905046,4.480108576205011,3.110893043159772,2.2633527437398935,0.7046445752374121,0
5.830542048973098,165.4670247187328,30021.25707852206,8.433096578121011,334.39777726148577,494.15450474617086,16.666613474739336,69.58025301155764,5.192116650426924,1.169457951026902,3.2099837863591008,0.5059873791946522,0
6.729829903890115,229.40778359934313,23114.03183317369,9.733356110206712,321.16046339092526,521.8355248342821,13.140447191472049,68.25206670165501,4.724321913211669,0.27017009610988474,2.7814456024427354,0.7407172090616752,0
7.643578361999963,209.8608444373274,21885.503784437868,9.529227822171537,333.073545745888,337.63217323272113,8.863614187437292,63.64692149035233,3.7621628595286234,0.6435783619999631,2.3559883403238713,1.075094938200571,0
9.396148399484137,224.7539567684696,25825.387005076976,7.391299312193253,301.6150638266122,503.7936908722023,16.876926955911586,58.97405294148388,4.606058055039483,2.3961483994841366,3.664070901880114,0.43795288641996344,0
6.867000691245711,184.2484959866596,14464.11554728778,6.7593522120783724,371.2838193630067,497.7037750920963,14.782860509212073,73.43347850480981,3.4841205736312473,0.13299930875428867,4.242923272566798,0.4572424768957094,0
8.167792632308252,200.91375467195093,27141.36290294348,7.262416638654269,344.16113431571995,525.5987875011582,16.142284003388227,66.23143553591859,4.289395484098247,1.1677926323082524,3.7632995838065537,0.44990016203591404,0
6.350290472055328,190.38373782069615,14905.393851576406,5.537830156620091,333.073545745888,446.840605056286,13.98356664497345,67.81709623719206,4.265233067313503,0.6497095279446716,3.2784992392647583,0.39602412611853927,1
5.018132384268232,169.3972376732479,29072.03812086268,10.711475410433692,297.01327205054207,467.2180730838075,15.913760931699755,26.619225158022296,4.286478967398262,1.981867615731768,3.7125476037996816,0.6730951145559582,0
4.981672050401603,220.95055836068377,20988.08780567985,7.985668403901338,267.1579598616741,373.6248781488509,12.23517535847401,45.95002984656023,4.475148490099612,2.0183279495983966,2.7340260667363014,0.65268110323318,0
4.6955161408056245,198.91048777024048,24767.167109108996,7.879750031872745,353.48467375945967,512.8418735540889,19.957513422012767,44.34567955623261,4.641738490616048,2.3044838591943755,4.299576368376507,0.39482622260723643,0
6.729191489422883,178.49363187309189,31991.95874664999,5.632940371018292,333.073545745888,341.77477792211,14.805198456082792,64.12915495073169,5.112254250604552,0.2708085105771172,2.896020979064376,0.3804704143113702,1
7.486779708528253,199.6777844725584,25396.01178237689,4.960558357925921,342.45354570885956,444.6785787552245,16.115432356095255,43.14201639724323,5.048833995025392,0.48677970852825325,3.1919110788872604,0.3078141461240764,0
7.036752103833548,208.1774639841316,17264.84091667297,3.2961573212193027,387.0708235323745,631.3042162562696,8.404570008845326,68.30059035091011,3.912148350676072,0.03675210383354788,2.148325448616348,0.39218626599148104,0
5.284096687429166,185.70549232396007,26532.73725453348,6.132545673577182,328.13958165742036,543.1817477191589,17.398464760103423,47.06639219544294,4.800963142409066,1.715903312570834,3.6239522404291655,0.352476233142337,0
7.1910248566863455,151.30667357089163,23781.328740155914,9.214409134571252,400.3224341668411,465.1268382545519,16.88421403421745,77.51544432438622,4.270645692708772,0.1910248566863455,3.9535497195409963,0.5457410436847306,0
4.031610444420666,145.48323895278594,15105.373098295278,8.180813359555167,333.71086998434754,342.97901255999545,13.806405504441043,85.67905323715003,4.03793915512632,2.968389555579334,3.419170412150185,0.5925374830100564,0
7.417823926645138,243.30469095613023,320.942611274359,4.598669852299243,336.0979810601016,361.10176943442553,20.421472044556765,87.05257595345935,3.4708120786488497,0.4178239266451378,5.883771779639203,0.22518795986291468,0
8.296344055589273,198.19705121398164,17468.99980174377,8.262903987469691,369.5907404838077,294.32514221521586,18.026098152350755,44.06162518425721,5.400810789347245,1.2963440555892731,3.337664568853534,0.45838558401539353,0
6.904536858235756,117.1251603715048,32981.25837721575,3.1462213405647073,368.3870379630723,417.2493946369874,12.118720324168464,33.499381020424245,5.0589054483892655,0.09546314176424442,2.3955217294099227,0.25961660940995257,0
8.543216836760848,183.90786037549415,33037.353386549745,3.1462213405647073,358.5564706717798,631.4986230649531,17.333153315203504,68.18322677390617,2.847875247872657,1.5432168367608483,6.086343579062203,0.1815146443255887,0
10.258615434291345,173.3754983501208,15758.740621388915,5.570783575394459,307.35258576592696,323.8079132465807,10.0908697516698,78.47278445385454,3.999775381550061,3.258615434291345,2.5228584773429796,0.552061731092198,0
7.0258217707497685,147.96806029838478,21226.665548084817,7.34238063859913,387.40285668605105,421.0999168971555,13.996100554431791,51.17405802120247,4.746091948559119,0.025821770749768547,2.948973125079843,0.5246018407371591,1
6.096128347500615,200.6462242393609,16932.577102767227,6.542206355156571,333.073545745888,404.46005201903114,9.063963653309258,84.0571005423194,2.9564474781653636,0.9038716524993848,3.065828381671626,0.7217819801148505,0
6.648793010019957,213.9599878501702,16388.405264965637,7.656506229429677,357.72813129269736,372.6869953856177,15.379518621419775,31.895507379008784,5.138047828184837,0.3512069899800432,2.993260503297519,0.4978378010432851,0
6.273805781551276,191.8503964181032,15130.154367811052,5.112750509869737,349.9495295846939,538.2037133575559,12.383597205246076,52.09768737909524,4.5104053244440205,0.7261942184487236,2.745561334049555,0.41286469611908255,0
8.862867931189149,181.66539789833823,17465.09588584397,7.131703512231218,356.48189007419467,529.0860026368656,15.430418183729785,60.6066029122686,5.758675718947986,1.8628679311891485,2.679507625937485,0.46218469033887705,0
4.850104171409935,186.67617584140731,32808.307503166296,7.496262512744353,293.75792693247007,392.7004931377779,10.63076914845368,85.15798297045511,3.8853855181381753,2.149895828590065,2.7360905018911224,0.7051476429329758,0
4.229224558864125,207.66922940608185,21214.37051481561,6.844547821736392,304.2751246308213,488.4558615128973,13.489424043572626,65.307569906207,3.733139569707573,2.770775441135875,3.6134251554929495,0.5074010048336084,0
5.735723554720852,158.3187408075849,25363.01659441048,7.728601253843125,377.5432914064549,568.304670635809,13.626623911327613,75.95233700250975,4.7329535713429145,1.2642764452791484,2.8790945921674536,0.5671691489371262,0
6.93365391024419,217.77031643870023,19026.017328685255,3.1462213405647073,317.0668424405928,448.23463973025537,12.94363424473312,76.82475246304065,2.0107286862843203,0.06634608975581013,6.437282113565447,0.24307092104167047,1
7.591346093540146,199.2553218244227,25383.765183442538,7.924616265268947,318.6104784917454,416.4456174773966,20.11882693183793,48.27120968228571,4.515150113779176,0.591346093540146,4.455847971608307,0.39389055327265293,1
7.036752103833548,154.92597170844743,30037.221624651935,5.796570971275747,267.1579598616741,311.7500192169767,13.904652296228504,77.53204198223717,4.1135850300896575,0.03675210383354788,3.3801778289113464,0.41687993564341574,1
7.377036503769029,175.00827573199038,15340.951839023182,6.144844982231076,371.01052383443306,579.4618244285435,11.915739635208697,78.1791708384043,4.531658688151207,0.37703650376902864,2.629442732949347,0.5156914010090362,0
6.395359131671062,133.8342291043793,23827.275015402887,5.1277468613272,267.1579598616741,573.4002951499592,9.833874584580258,95.02660927984373,4.191217514711704,0.6046408683289384,2.346304433916323,0.5214370282828903,0
4.443850856498079,240.1679011693049,24070.263650635432,9.768406488617064,338.0524372173982,533.9686469612033,11.877581684861184,69.0365227600328,5.038118946233022,2.556149143501921,2.35754245861931,0.8224237833399878,0
6.376408434486552,182.1210381950736,33046.727605817854,5.35153318891046,362.3521434337635,350.23632637500947,7.592515750140421,66.22567377981284,5.404045772985421,0.6235915655134479,1.4049685484024774,0.7048431192214999,1
7.095569331079976,196.73492722872436,30235.170803134424,5.984901234985347,308.2036941305017,453.9547573248869,16.062738972538455,31.555010162203164,4.861276291728905,0.09556933107997612,3.3042219171220673,0.3725952885508568,0
6.886512603355119,211.45441737454095,35018.32560002627,6.067596893120425,333.073545745888,549.9970577707754,8.445127066272846,27.663173782690713,3.5997564926270806,0.11348739664488061,2.3460266652878454,0.7184730468863434,1
5.274185389589794,227.34018598422625,17605.535759032802,6.326979503447313,358.589902963265,489.4345906195336,11.199190929652048,66.62248509808484,4.364426391731812,1.7258146104102057,2.566016094314766,0.5649496448663764,1
9.73956194896991,166.94886404872258,13623.160062865045,7.23592175948416,385.05913433199646,369.59128906677967,12.32260382095626,68.50585164506361,2.568079876725237,2.739561948969911,4.798370616999332,0.587207158276998,1
6.8649167394504005,170.82779233185357,20464.772694387477,7.074062933998013,365.9413461121188,400.96527028732,14.003873508409184,51.60300428227774,4.4937467691788715,0.13508326054959952,3.116301632338405,0.5051504088922041,1
6.528490775347884,184.4291595399575,10835.201157145417,6.8263306319169,378.7757199826999,430.4187865497372,13.621324969131363,100.82179194268406,4.585971676210264,0.47150922465211575,2.970215029799893,0.5011502292351512,1
8.746985976471965,148.39372373034058,22174.781140510226,5.459171832896898,369.36988130891746,407.3808248759786,15.892078526968646,72.16401932471842,4.7637305356972295,1.746985976471965,3.336056704262334,0.3435152601415539,0
8.649868625073694,178.58875346487133,18503.766525364077,7.240819804667903,356.2630797964434,329.5041913354123,15.280653237568233,83.78347668765996,3.0816812395256155,1.6498686250736938,4.958542786007842,0.4738553527941229,0
9.313465892899943,133.14175116516057,41982.61065530991,6.628037164519292,400.3224341668411,267.80171067020433,10.368230182150398,75.43614701212275,4.493612764909594,2.313465892899943,2.3073256235583464,0.6392640218063329,0
7.036752103833548,235.78979410989453,21983.559072561075,6.061283795437185,331.2729192195572,441.21619333833206,12.743569726153396,66.89983266705296,4.494459701511088,0.03675210383354788,2.8353946274063233,0.47563464947840123,0
7.036752103833548,241.1806799054762,25696.32094154681,5.6945565709239485,333.9019891954728,386.2983586386339,14.531154759142735,33.918350761511135,4.142386058756017,0.03675210383354788,3.5079181527538195,0.3918860044797909,0
4.275159672976756,229.44310905713436,26098.637956382463,6.525202657012258,281.8968271540717,508.7920977971788,16.13320320017999,66.65419278262647,3.7328560505383,2.7248403270232444,4.321945089714456,0.4044579474757692,0
7.870853412371953,210.6278246171795,44831.86987314955,6.190963367366345,333.073545745888,533.2912622243467,15.029899096631766,84.33505807414915,4.221613951476428,0.8708534123719529,3.560225001424005,0.41190981493973833,1
6.632031568588184,201.6699330857699,24161.25497902576,7.96452512488874,369.6215854010609,346.8604045432206,17.03360167698486,61.205469894379654,3.3862942904685025,0.3679684314118159,5.030158393135354,0.4675772516198289,1
5.530055021165576,207.99822024149117,38918.77807317498,6.543134476282099,360.07071470274997,427.6643022370827,18.81308046226997,61.214979492422074,3.3274721394344913,1.469944978834424,5.653863960406688,0.347797062879066,1
5.174896031870469,205.51901855758797,12871.551219887571,7.09959894625112,365.684400622355,501.1939500272533,20.55867183292861,77.12345732231297,3.4450280799498847,1.8251039681295307,5.967633757456607,0.34533352439364506,0
6.53936951037342,214.638602791759,21230.431409205084,6.485594270819234,336.9748612668876,532.572784824771,18.263687670794184,90.90808097208014,4.527364378116469,0.46063048962658026,4.034065321759488,0.3551086742510275,0
6.336456502432508,185.68000402482804,25927.26543187954,8.199318452874493,321.8176616454779,490.9724264608488,10.665798889605467,51.55230077952525,4.561219815198779,0.6635434975674919,2.3383649513448623,0.7687485737347535,1
6.789820821454213,197.30001438829112,22527.681207020963,5.166942295288669,399.981754613406,422.48202893411946,15.91660512559946,47.93510492969858,4.5120682052334455,0.21017917854578716,3.5275622783307834,0.32462588158027117,1
8.756926859235552,218.6377589226713,21752.029713266707,6.454876484142466,276.27810018907667,356.0757688500765,15.713148515942637,67.04963886204507,2.9456717268238743,1.756926859235552,5.334315782216952,0.41079456907053025,1
6.150487600902442,240.88842236487136,6342.502842776547,9.609895813228702,400.3224341668411,354.3925258525227,12.340384227384618,83.23866138787501,3.551655811015034,0.8495123990975584,3.4745429764250892,0.778735479983504,1
5.90707826866672,213.4710813437128,41839.45644895902,7.924762106897907,312.32994736609527,357.258970259906,15.59896477894273,54.421878950770115,4.2964799087266785,1.0929217313332797,3.630637517150215,0.5080312515074338,0
8.722143776841188,151.6211320112265,28301.516948548782,3.651961339353696,267.1579598616741,468.36745137041055,15.15117258217083,79.53836757802165,3.2746286418408777,1.7221437768411878,4.626835471278942,0.24103488218570396,1
6.486152659745713,224.80945563366924,26807.119511805584,3.2679840915011393,319.07435763965367,382.8798437483793,10.665030220511484,63.72769254030566,3.246794304771333,0.5138473402542871,3.284786757218317,0.3064204899106156,1
6.714862378221963,236.5420505668533,33197.15052685147,4.958516929930555,331.4845300780504,402.94655743700014,14.841181957533706,66.62248509808484,4.593763682023074,0.2851376217780368,3.2307231616830916,0.33410523568901257,0
7.14601971618829,195.9221016439451,22445.173303133597,6.6520354923221605,333.073545745888,484.44296482456394,12.367109204412088,57.53065851412411,5.393476357423515,0.1460197161882899,2.292975085431693,0.5378811527004087,1
7.948815718151566,238.2364096995999,19129.45836544024,5.851964962404888,333.073545745888,434.655458610077,8.663293700705424,67.30404028450397,3.692250861269815,0.9488157181515664,2.3463441894578665,0.6754895411705644,0
5.966000488790355,194.7962210453863,17350.05853092619,4.466577191045226,400.3224341668411,406.8063023479088,11.539986637944082,48.17335938088204,4.177139265761123,1.033999511209645,2.7626524137899313,0.3870521642812586,1
7.710137890814498,174.35057661350817,31017.239417661684,8.21223430803513,269.8597989013723,437.5140660747827,9.320040152513002,51.54533466401799,3.8986708026972754,0.7101378908144982,2.3905680252605466,0.8811371295094369,0
6.975209177557351,175.42103940460692,35701.155320153026,5.494254342147788,290.05280223476916,401.0588017331808,10.28528264615744,66.42057889523184,5.256483549715023,0.024790822442649407,1.9566846528094615,0.5341859817546627,1
9.221955642445518,151.45483069268104,26502.59577382064,8.097193741185114,294.1927544599376,541.6014376849075,13.9517534322722,39.5724068284221,4.294251987225159,2.2219556424455185,3.24893607194938,0.580371004986675,1
8.248703054410829,201.33885676642785,24912.879705470437,7.877666104360982,389.0888439704477,415.68344786117706,12.84204806371406,51.85915054211897,3.5405320044112223,1.2487030544108286,3.6271510667218436,0.6134275040748579,0
7.744772552356141,208.92034044835395,27648.159653420153,5.622572290348024,332.823798883007,397.05747364178274,12.486191756375376,73.18455681292409,5.016321198997175,0.7447725523561406,2.4891127924102485,0.4503031788835049,0
8.64163407535188,206.3419730886467,39557.2555330711,5.99984674037831,290.575996411019,345.4893818653109,14.708602719577073,66.62248509808484,3.4166252445077263,1.6416340753518792,4.305007825547601,0.4079140926471862,0
6.209642259708484,195.41772094898113,13116.707711787025,7.879347670859675,333.073545745888,417.2416560263488,7.507662314515301,70.54738690612056,3.6125196149467143,0.7903577402915163,2.0782337638303114,1.049507328815047,0
7.874671357791283,195.10229858610904,17404.17706105066,7.509305856927908,333.073545745888,327.4597604610721,16.140367626166324,78.69844632549504,2.309149056634923,0.874671357791283,6.9897439448726635,0.4652499599515978,1
10.258615434291345,200.0041212242939,8644.831046838452,9.823507151433224,400.3224341668411,473.8141914124885,14.15624136897634,64.16440896563722,3.577447459649983,3.258615434291345,3.957077657063265,0.693934654083178,0
4.03406341143777,276.39283372089034,33219.0745454325,4.425559304367553,333.073545745888,494.3209070841117,13.415230462777174,72.01264198602534,5.024742306559979,2.96593658856223,2.669833988387649,0.329890640847086,1
6.277463093365682,225.94193462003977,22807.338851454235,7.389259611534111,333.073545745888,328.68441961500406,13.225665858588512,50.80335294728767,3.12316615927887,0.7225369066343177,4.23469676264215,0.5587060138850888,1
8.736371210915214,194.67768716286196,24283.658791140977,8.85554447353044,329.0042049896143,333.6237938674473,16.516231650992324,67.2504726726098,3.802116117316719,1.7363712109152143,4.343956575080039,0.5361721804638289,1
8.693104326309328,184.77280935553472,13283.77805343001,6.521814669653311,348.55479203877144,560.9659101723107,13.978347933221698,71.73384510840361,2.8982230607674366,1.693104326309328,4.823073592702247,0.4665654506701585,0
7.036752103833548,172.73143278552703,28894.476969921525,4.2509167915312815,267.1579598616741,559.6293401265502,21.340849260481207,51.27471187375938,2.959749614118373,0.03675210383354788,7.210353858423997,0.19919153827732397,1
6.641174116155328,191.91689889568164,10220.712358756396,6.675080629168261,380.3635902410986,421.4173518400164,12.243252469105528,65.17992724397419,3.1547011218912004,0.3588258838446716,3.880953572176211,0.5452048057333841,1
5.566328462754787,153.77551401483095,14574.66110047644,8.011549699404979,333.073545745888,388.0503622880175,14.200557221783868,75.55521876927654,3.424760733829153,1.4336715372452131,4.146436548129299,0.5641714624369585,1
7.417570368300503,193.7718783685728,23207.092841191657,7.472115295676342,333.073545745888,496.1051876371823,15.744352939882049,73.18747547241344,4.671557881112399,0.4175703683005034,3.3702567687925575,0.4745901498535748,0
8.809296431775966,226.10590083272209,18140.59427092464,4.930380712258765,320.79938221416285,350.1166858834841,14.338839755825916,64.33463735253216,3.879053740492374,1.8092964317759659,3.6964778058290215,0.3438479299838473,0
7.036752103833548,221.6200579958312,11954.700730487684,6.657053081055688,333.073545745888,391.2387137269312,12.961432513382476,66.62248509808484,3.282061393095439,0.03675210383354788,3.9491730994053564,0.5136046930443601,0
6.069363893970801,200.91626251179235,9323.218289777264,9.387522327942945,325.4669826709031,450.4413518403725,12.42337951268621,73.91402563894347,4.914809132195682,0.9306361060291994,2.5277435299695066,0.755633486260589,0
5.251353815475827,167.92433600731957,34768.93341990608,4.023081338990855,377.1434888935286,315.536105373161,10.429159462767243,70.59338709838158,4.072252323176482,1.7486461845241728,2.5610291490000385,0.3857531345263608,1
7.766186660186794,223.05783462089016,14945.29566061532,6.026816569538075,333.073545745888,482.4062360912003,6.7477612886625025,83.18675082133143,3.6742254421508536,0.7661866601867944,1.8365120917023376,0.8931578072428913,0
6.21758491448443,203.7072216185075,15597.640883064318,7.751461185910856,361.2478096865621,452.922024905992,14.5971445174402,70.85097650024328,4.15016690975386,0.78241508551557,3.517241912823217,0.5310258212230371,1
7.535700190571214,221.7924808803483,14829.745970673646,6.701159346040737,366.412199976134,583.436487524029,17.731882353555875,59.686075820858534,4.208354353518171,0.5357001905712142,4.213494551673751,0.37791582610974683,1
7.812804388310308,196.58388603095685,42550.841815771775,7.334647639669251,333.073545745888,442.5457745482448,14.666917242315606,66.62248509808484,6.091233163793407,0.8128043883103082,2.407872829696234,0.5000810339630871,0
7.895045662146321,174.69268540353738,10465.261601336148,7.668315445257313,350.5354180037599,472.0429123738178,14.633908965175806,60.86223373450165,3.084431232538585,0.8950456621463214,4.7444417195483775,0.5240100194346924,0
9.652562935021928,205.206058601135,8508.153729977339,4.945416598638363,386.54118470183,392.76745284317826,12.446539133432395,53.89803657048392,3.192569798875329,2.652562935021928,3.8985945551519263,0.39733263586678047,0
6.630363820304997,186.76108783433017,30939.023213783217,7.70348058497535,333.073545745888,330.87608284254844,13.815756943298084,86.75311749511644,3.490587572816062,0.36963617969500273,3.958002111991132,0.5575865339123323,0
3.889106956840228,131.396253059016,19639.796002280356,7.753502379748802,305.3829137083549,456.51227379334506,16.86472165193419,81.52612291427974,4.2904350458230125,3.110893043159772,3.9307710153034376,0.4597468063822303,0
7.37859701625866,175.98244710908247,9460.32263533989,5.941011848136729,333.073545745888,402.01994488384435,15.639454764394031,37.389451619343575,3.215219463201259,0.37859701625866027,4.864193589021416,0.37987331129913654,1
7.036752103833548,202.47516230974296,23828.20768163435,5.531684612810469,400.3224341668411,414.61765510548713,13.797656407460636,59.52166407500343,5.266367538576662,0.03675210383354788,2.6199564854589,0.40091476759086586,1
8.026773255939636,169.33384297410385,19168.52677313427,8.08149616212991,400.3224341668411,350.57737021131976,15.17753397480999,68.00393183332473,3.735983475553888,1.026773255939636,4.062525975180827,0.5324643412479493,0
8.013516428610775,225.15645195667923,20375.66827369424,7.837397649883608,308.5948104416439,382.0142488688159,12.666016328769048,78.76705221845322,4.4449005904963546,1.0135164286107745,2.84956057426564,0.618773640241442,0
5.05727054567867,155.48772453275805,19003.963899014376,6.250893489724113,305.8497968115242,518.101816131548,15.772437979844312,97.19907686129426,4.432270873166642,1.9427294543213298,3.5585447894864073,0.3963174939343348,0
6.063354789891076,160.76731128492577,14775.14559575291,7.484103646670236,305.82855327870027,327.27023868075764,12.309015955365226,69.03845387066936,3.467336914816858,0.9366452101089244,3.549990297387954,0.6080179817615803,0
8.613698594883758,235.94443585614465,20862.455870543392,7.622564839426024,378.7587147642725,418.6975296431608,13.608075134473095,66.62248509808484,3.9492200988756374,1.6136985948837577,3.4457617828354508,0.560150072949395,0
7.494212046966072,210.34727565144365,29252.501111666465,5.922704259769252,339.8465770390035,445.0612308953742,16.917112762149486,84.86854828556858,5.492704955036247,0.494212046966072,3.079923247418375,0.35010134370679513,0
7.322828416616528,230.34290080685292,24682.124546316005,7.425580496980976,323.83273741263207,349.31321274182255,9.497937073238916,50.6601454971612,3.981968831838976,0.3228284166165283,2.385235819039976,0.7818097401480278,1
7.036752103833548,202.2548327878382,11981.740191012996,9.189106138402456,339.9839345788829,416.5889057529136,14.079228347598589,62.765529534567435,2.6789107131905774,0.03675210383354788,5.2555775833427,0.6526711023405403,0
7.94388247715476,211.81655121440585,32071.17936938363,7.769214768699737,290.33739818972595,353.3364843492816,17.87194970488372,78.49278325925616,4.111691344532814,0.9438824771547596,4.346616479865639,0.43471554375856175,0
9.808258178934237,220.04957443533152,34132.067978681436,9.752750871727184,267.1579598616741,367.04437911090565,13.498664513703488,62.954260018244206,4.481261240482848,2.8082581789342367,3.0122460568719207,0.7224974099718561,1
8.197353369384867,203.1050914346406,27701.794054691156,6.472914285587643,328.88683761881884,444.612723622325,14.25087508151961,62.90620518305302,3.3618333238544555,1.1973533693848672,4.239017663779607,0.45421167432517723,1
5.18941366922152,171.23892552944693,12289.900922124629,10.786499822724414,301.23084816496845,501.55972522210976,12.284333517760558,54.4739346198917,4.876272999617065,1.81058633077848,2.5192049336696933,0.878069528888961,0
7.036752103833548,240.03627870637945,23103.65353882712,8.643088653923114,339.1588774854099,487.4345547624096,15.19370366491188,88.78546912397026,3.980920352299426,0.03675210383354788,3.816629950786599,0.5688598564037735,1
7.085095882764062,206.67667525096027,21823.09425610631,5.889945335387532,333.073545745888,387.6181111609328,17.679898313020942,55.02328572689413,3.932839292719952,0.08509588276406177,4.495452903528286,0.3331436017313565,1
6.256651147926919,181.0723072514765,16905.80152440072,11.09608644703562,333.073545745888,481.3070515511981,10.639743418752232,74.55724055984957,4.181050752789532,0.7433488520730807,2.544752863117172,1.0428903186320058,0
7.036752103833548,214.03531216797404,10039.538375695814,10.130125039963344,383.7542994625281,487.42163499985935,18.91758398711039,51.48535051250388,3.259749193787483,0.03675210383354788,5.803384573199509,0.5354872224369847,0
5.3612116660984634,171.3155430385799,24709.72885813722,4.184890691838287,366.8149789191132,490.658746989276,15.12267224612117,33.11961259894035,1.8487974931046152,1.6387883339015366,8.179729863759386,0.27672955857269976,1
8.163074030614228,162.23184570645637,10494.573368799094,8.087495753688605,400.3224341668411,487.3183456742148,16.011608200391947,69.9767192461293,4.128193137247917,1.1630740306142275,3.8785986482375496,0.5051019952129878,0
5.728823779303805,197.19183941740528,12932.590386218995,5.684492227939808,280.9320635573689,445.06963632413834,14.176501159597422,68.12480943913017,4.412173550093767,1.2711762206961952,3.213041777618735,0.4009798865717687,1
6.917920215961807,223.33295857436312,17862.14273245675,7.995890069063245,299.4027728640334,428.948023412035,12.2309078320269,68.83682935020515,2.6914851352386666,0.08207978403819283,4.5442953139873135,0.653744556424608,0
6.584813111444327,182.37545579303296,24723.10629585122,6.238919727299763,333.073545745888,414.3507509455295,17.58261495172212,78.21373786655029,4.404132196402706,0.4151868885556729,3.992298635764148,0.35483455615651405,0
8.151215310423664,219.56004997568735,13699.680707842788,3.8044282993197447,333.073545745888,460.52873600352905,14.951295013634422,79.63426080894891,3.523980505672175,1.1512153104236642,4.2427280022806375,0.2544547506684639,0
9.05238368979066,120.02172614502156,22203.487258877,9.36833977172888,285.2335275807391,372.2752322143662,14.538445861011496,64.1324260352138,4.259719451958118,2.052383689790661,3.4130046853962988,0.6443838094461412,1
5.033773989751668,155.32147750080298,34971.80748262682,7.121477448104934,320.1154970205283,500.6373261700039,18.31249854193584,63.19330598951376,3.2449484773190633,1.9662260102483318,5.643384795335981,0.3888861502383476,0
8.379512703256566,164.1681664458238,24409.096794771765,8.199017231677784,333.073545745888,430.23892060778087,19.34998174851887,63.105234273754526,3.749818066435525,1.379512703256566,5.160244109301101,0.4237221985278189,1
5.228506322285567,191.66379724083825,24855.907780812267,7.016078459188268,337.27089678741,343.34923486341023,15.922648263576605,77.31530003837497,3.1888054730050284,1.7714936777144326,4.993294010900453,0.4406351193854213,0
7.036752103833548,155.67577693423152,44831.86987314955,3.1462213405647073,365.0809632968772,323.0010364016669,14.166602358927037,48.25430719011197,2.0007570315103713,0.03675210383354788,7.080617513869318,0.22208720473437457,1
9.734619707554277,244.92866561230477,18976.23307613725,4.745970265891426,330.6357882488822,383.94753730403824,14.89700130697014,66.62248509808484,3.5065029938769525,2.734619707554277,4.248391370146232,0.31858558977807505,0
7.395450846886257,190.47789169609743,22561.508311398626,8.310194997763043,294.03039494556964,413.9102929594385,13.301373637328936,63.41017813652343,4.990235633377976,0.3954508468862574,2.6654795382568883,0.6247621185288127,1
9.065894193686976,164.67480268723185,20260.40369215635,7.58817501892342,304.56753698840583,408.9012696246163,10.17850005755463,84.72310655719829,4.2995025459430085,2.065894193686976,2.3673663595786576,0.7455100683308735,0
7.036752103833548,157.7815546789862,13711.723281811464,6.1339351436364415,333.073545745888,289.74667444182705,13.172721295124006,60.45776434336739,5.068469997878655,0.03675210383354788,2.5989536687962276,0.46565432764850506,1
5.29419539028417,234.27139905493044,26811.20306837564,3.611358231773663,369.6084646880126,570.9750270653674,12.775773288940911,44.67568257224964,3.5224540932121378,1.7058046097158304,3.626951359453853,0.28267235707973976,0
7.732880077797702,189.50981146941243,44831.86987314955,8.22672479852216,287.08705300940346,567.7222810870219,14.980054012212634,71.20620916144614,3.510728004352379,0.7328800777977023,4.266935440941557,0.5491785438581663,1
8.121253675568507,200.35369566559012,25412.709741903895,6.5476499906031735,314.09073780735025,411.9869872126813,12.419359196584992,59.76319385729495,4.428311682671342,1.1212536755685072,2.8045352906500542,0.5272131484199654,0
4.126581310415113,117.1251603715048,40528.80535252192,6.489951185968773,333.073545745888,392.1091455257916,15.793391696969422,68.79744323944128,3.504750791059393,2.873418689584887,4.50627965645336,0.41092824768513,0
4.328282515586857,192.16632403395403,30592.54883105967,7.425894079933873,327.3033652169702,543.716028645934,11.186938808318471,72.56640040191343,3.7085258632452858,2.6717174844131426,3.0165451730148503,0.6638003070698628,0
5.393345914423263,172.55026149278058,28099.038729259817,5.789668676373399,372.6219432465146,505.5423486694557,17.53070355831835,67.27387447832177,4.633854752317118,1.6066540855767366,3.783178522454498,0.3302587558368377,1
7.497987814888167,185.81028084371616,30927.394282089233,7.579377344948867,333.073545745888,476.3871494173559,15.124286454150251,72.92842077418564,5.738991024993494,0.4979878148881669,2.6353558932097307,0.5011394664327814,1
7.138586781331626,180.9037778123287,9727.653170396705,5.706428619635071,333.073545745888,399.95483336316744,15.952392797162702,67.70284899221899,3.272429761063929,0.13858678133162616,4.8747839028307745,0.3577161329010082,0
7.657991236998258,236.9608892461628,14245.78912129943,6.28906485943393,373.1653628100853,416.62418891074776,10.464238582078508,85.85276860502765,2.437296287559579,0.6579912369982583,4.293378011574516,0.6010054347575188,1
5.779673705175217,199.586080284079,24160.35432097404,9.458128323622883,333.073545745888,428.5532485327095,16.022503226193976,64.87270339736011,4.656377232957477,1.2203262948247833,3.440979753918606,0.5903027510618788,0
10.223862164528772,248.07173527013992,28749.716543528233,7.5134084658313025,393.66339551509645,283.6516335078445,13.789695317519886,84.60355617402357,2.672988736934779,3.2238621645287715,5.158903203771019,0.5448567026298814,0
7.285371191083492,169.1491900053623,17375.97074480394,9.40468730726088,394.0924239939014,373.1902821490745,15.26050985862264,80.79598527078593,3.6944820469170487,0.28537119108349174,4.130621162643348,0.6162760470070997,0
3.889106956840228,238.94374429692908,10102.489720279777,7.532191965992924,337.5344254868793,509.15032330179434,13.818450253490084,49.652834136859504,5.446565702616764,3.110893043159772,2.5370937340859347,0.5450822112999488,1
4.964070341569739,168.28336488858125,17694.574832976854,9.725321293204242,333.63951130624287,353.06993876447683,17.293732291907475,67.25251437219151,4.76170080448234,2.035929658430261,3.631838574105657,0.5623610084096279,0
8.029181612754343,158.04039836256337,19663.46942804372,8.433448388281507,283.2704951086299,431.3047160750461,20.6961980569385,59.97292857347223,4.388551011831945,1.0291816127543427,4.715951412023743,0.4074877887036051,1
6.848331559049443,159.18805013792684,12837.506062969442,5.164448054837886,373.99171050123624,558.8155667445225,12.254080760936006,69.77221026672524,4.396604556065476,0.15166844095055687,2.7871685564402067,0.4214471680204792,1
8.240945815161524,245.0908250345308,18001.459185846255,9.367419403184314,350.6149618621469,344.05687098640897,13.90470967441695,66.62248509808484,4.666295331297613,1.240945815161524,2.9798171155903206,0.6736867542608619,0
4.552238410542729,197.07693399272284,25969.215119535213,8.86542199854777,333.073545745888,461.8362776268778,12.853404785059864,69.33505683567324,3.932804333605565,2.4477615894572713,3.26825349712287,0.6897333007919567,0
6.769834880813582,177.17325799319417,34596.001871740686,3.1462213405647073,369.5329964853245,389.5162860869136,17.268073630973504,64.86860787758292,3.655789569066617,0.23016511918641758,4.723485469076618,0.18219873424228628,1
7.036752103833548,177.20201029701627,17766.252888023937,8.199090412094737,354.277369736677,520.2011294285245,15.0995880037633,62.97199489122556,3.168031026202658,0.03675210383354788,4.766235908878209,0.5430008995643035,1
7.33210396318143,185.41507665781995,24412.50353691944,7.253851858051997,333.073545745888,310.26197419112435,14.942217307210967,66.62248509808484,3.90109686620938,0.33210396318142976,3.83025953710052,0.4854601712351746,1
7.977635990880497,245.89513040867456,32170.06916009624,9.63563608296433,399.5831549217664,473.6624527645498,11.728338195960704,26.619225158022296,3.552129499701653,0.977635990880497,3.3017757081125763,0.8215686741293166,0
8.639540977998708,168.61396655389785,7013.211786707304,8.4516010448867,355.2138965988797,419.7888979568657,17.929394624202757,33.641539497275886,4.192932215458884,1.639540977998708,4.276098307051266,0.4713823723917357,0
7.95387811515525,178.06654960793912,18677.279222049077,5.699539953172675,368.21767979927,356.29434097052064,18.63860277305793,61.46280650584555,2.8602239702228234,0.9538781151552502,6.516481384191924,0.3057922161214323,0
9.293621613337674,193.0617225141936,44831.86987314955,6.301884151771911,333.073545745888,365.4392022941725,14.22591746328584,98.6254571436827,3.661882213528828,2.293621613337674,3.884863780124988,0.44298610089997165,1
6.080992868571669,182.41399195845972,31321.0824263096,7.624238583045931,318.72275070403447,498.4540986722841,11.39800689864876,81.28838220726162,2.091786839914147,0.919007131428331,5.448930661685348,0.668909747285733,1
7.521051678672175,267.05964744893066,26865.37374090525,10.449450309656791,333.073545745888,505.70937170147926,16.237745770905633,57.03778017043311,2.8807853472938367,0.5210516786721753,5.636567177624645,0.6435283452245875,0
6.962993545041664,206.81788714499308,24036.59382679381,7.691454199173904,356.63256146213405,552.2730552697684,8.574690965276375,88.62013892553354,4.760381754960567,0.037006454958335766,1.8012608243194521,0.8969948110463696,0
7.036752103833548,204.8605046007494,24590.125934402447,7.774360848396785,333.073545745888,440.936823858057,12.567061356508589,106.69503986064285,4.318271772600726,0.03675210383354788,2.9102055424210596,0.6186299254232934,1
8.145632374254966,218.44080422593177,31350.27576547941,5.507649677768669,334.64488735974936,376.66987772047145,14.88630502948024,52.415774652554695,4.3075475185529974,1.1456323742549657,3.4558647373009475,0.3699809520818356,0
7.036752103833548,204.25826315133577,26321.689194583465,5.937495763480278,333.073545745888,487.2736283493671,20.407808544003274,70.34060079510004,3.3055877980979713,0.03675210383354788,6.173728733515155,0.29094233512312345,0
7.480728113602178,117.1251603715048,28357.94277394804,4.702820909863455,400.3224341668411,472.05933940894187,18.340212078035847,76.3445814685711,3.714874787439821,0.4807281136021784,4.936965090473553,0.2564212798321046,0
6.040281662132799,139.77087229812946,20472.874587935155,6.810977797798223,357.59327686624215,488.274930061853,15.882251676006147,53.27904170282595,5.7615803220339,0.9597183378672014,2.7565785829088223,0.4288420501008523,0
6.161779499462049,202.7569725044581,12229.647584088483,11.09608644703562,324.04803479549577,344.3656891332465,14.68592683480574,47.80319369573595,4.003547029108377,0.8382205005379513,3.6682279638035,0.7555591020090557,1
5.058108868565138,238.56938041349943,34873.9345228707,8.983276144386597,374.4335045168568,655.8791400416264,13.353181433963528,76.52179974552398,5.106655774420084,1.9418911314348621,2.614857826523876,0.6727442082673738,0
5.7542129677350875,241.60242960289395,31871.291238837573,7.299301919913234,267.1579598616741,495.9453441622583,22.763707419363584,71.4289784247935,5.9202339147387475,1.2457870322649125,3.8450682696208713,0.32065521950299625,0
7.036752103833548,216.67561866505707,17870.31524621836,6.613386703486959,338.4159388402872,438.13210350537105,15.44149004728854,83.2727357518898,2.604959924643713,0.03675210383354788,5.927724251526156,0.4282867945351846,0
8.57673992840484,221.15025834839855,24897.28660152616,6.222626355657602,341.80921002119294,389.29278450389296,15.952131653170568,36.08258309992004,3.9161147325276127,1.5767399284048391,4.073457666399058,0.3900811566045261,0
6.704431913040398,148.84212929868846,13329.03225273805,7.118465402791268,333.073545745888,403.4209956952543,20.794371326187616,70.3461022899478,3.3953317425857725,0.2955680869596016,6.124398668023127,0.34232653388756307,0
5.853560600803125,186.8077507577325,19790.85692629696,6.615780733492995,333.073545745888,489.7968883904237,19.670702716582184,65.04000733028349,3.756873895137448,1.1464393991968747,5.235921681087152,0.33632659150450045,0
6.98704150028991,169.7271157728339,19472.624328496444,5.017698088295537,366.01891959337064,425.6709639584517,17.31468112565352,48.8821984337697,4.475161102744778,0.012958499710090443,3.869062332967515,0.28979440984719496,0
6.86313624993993,194.58665933625855,23610.517563168363,8.193416004409773,346.7680518629708,439.2296156309026,14.659740899108272,89.02719616674977,4.319777194854658,0.13686375006007,3.3936327834076465,0.5589058839370266,0
7.036752103833548,161.57888859915607,11582.46258427429,6.7204732785678205,333.073545745888,393.8377507241946,11.319488368755117,78.89851507453062,4.374332547150972,0.03675210383354788,2.587705817753098,0.5937081664759687,0
6.450805742930156,198.4931562341989,19002.3146637915,7.306447324109384,335.482193743652,257.0077176932619,13.724086828273016,52.86038799189512,3.2755811820087386,0.5491942570698436,4.189816058853016,0.5323812712024008,1
6.593764313289441,233.51413245216145,25589.61059184503,9.785695834102263,333.073545745888,489.70344388221395,14.38960913374956,46.46398160958874,2.346578095251962,0.4062356867105592,6.13216454662249,0.6800528814294126,1
7.8943227825227344,176.319303983598,11697.6069722698,8.198105709931504,376.7839890646335,383.01910133865834,12.67748794371886,57.28026549489877,2.865031442985628,0.8943227825227344,4.424902054689388,0.6466663663700772,0
5.3681257542274565,190.9379792827234,32619.312974501034,8.098838844819452,351.3581338262009,435.6664691770236,11.983635213850334,106.69503986064285,2.0041425861250266,1.6318742457725435,5.979429466438811,0.6758248248106075,0
5.382489039471649,240.0182138905392,18189.394980182748,5.551990467549905,397.7000650145908,551.4762022342039,12.818729667095226,79.7799110766843,4.173330283253801,1.6175109605283513,3.0715821000198456,0.43311546296869097,1
7.184973118804081,201.0792193782735,25234.427972105485,5.21668448428477,283.7446115636523,384.0115576156745,12.427538333244629,26.619225158022296,3.665410662111125,0.18497311880408063,3.390489112507183,0.4197680928138152,0
7.036752103833548,215.9665791330122,21852.437944482022,7.457514884222507,283.75582393263267,364.7010953585888,11.383209883876589,76.5388028414302,5.0763624641800265,0.03675210383354788,2.2423945732410813,0.6551328056994432,1
3.889106956840228,192.696421954902,24905.28452100044,7.757769765315594,383.5198922141514,473.5500652595829,14.286493235032935,56.34782990835943,3.842109416766354,3.110893043159772,3.7183973611713417,0.5430142369212043,0
7.43721665310552,242.72996862823172,20185.58715565257,6.121662233034368,306.16925121160864,413.65595100059136,10.262777634926238,64.52918473942543,3.866874572569852,0.43721665310552016,2.6540232397769628,0.596491695942964,0
7.038347516788063,199.59794276028336,23951.10598657168,8.229992838553315,320.48375406450674,419.6622002369666,11.964071932725233,63.925554220585745,4.575578404717106,0.03834751678806292,2.614766540908699,0.6878922324221112,0
9.03650434774976,199.32188950091452,21696.003242322735,5.970186753693504,350.1838407262293,288.5088072206311,13.40038904418077,73.0580674287948,5.66198446300676,2.0365043477497604,2.366729680203838,0.44552335670901666,0
4.059431468029172,200.38307954578065,25770.00672165666,8.34212976694786,333.073545745888,414.157826023051,11.084834057503656,66.62248509808484,4.330321564154249,2.940568531970828,2.559817171418643,0.7525713935906356,0
5.906441764582054,177.8913689232541,27296.294044952007,8.869267959996662,312.015798244762,385.81281839087774,13.938685575012698,60.613795201120176,4.807495941814587,1.0935582354179463,2.8993644184725262,0.6363058608331311,0
7.036752103833548,138.52571154770325,17905.480019297465,7.929303294414433,399.503611118736,485.4231792697528,17.667366280697593,36.05826169403984,5.437429061426661,0.03675210383354788,3.2492126024811925,0.4488106896989434,1
6.775582812405084,218.4149289477376,17968.882775028047,8.254114831284221,333.073545745888,358.71767685985,10.520161452206253,57.24411099086844,4.333636278302867,0.22441718759491636,2.4275592941008997,0.7845995600147028,1
7.036752103833548,276.39283372089034,41325.44354767345,5.5172797179661845,333.073545745888,375.7245185330389,13.97733754448518,97.85977468697446,4.32232533697766,0.03675210383354788,3.233753413042543,0.39473034872887525,1
7.11589526567209,193.7067445243445,18463.88366234153,4.9243889968068135,319.0569513003889,369.5340340016997,14.841579896963651,54.43749401642613,3.73602054705543,0.11589526567208974,3.9725627141152704,0.33179679651338656,1
5.744504157048756,208.0700517880054,19457.639481105347,6.69394937956654,333.073545745888,362.0624897925361,15.60372925424997,82.31785396122956,3.5335001498780327,1.2554958429512437,4.415940052768504,0.42899673799111704,1
7.3489371420594365,267.6552225456934,15818.26131979591,10.574681465514006,333.073545745888,541.7550824896753,13.4081464935378,54.61912764176974,4.725746456238614,0.3489371420594365,2.8372541312670583,0.788675801083676,0
8.12420782636168,207.50951515100223,26489.114701279133,8.54083737580695,318.0596239862977,431.62567719310726,10.07559844389732,63.98422489979381,4.72445657765958,1.1242078263616797,2.1326466114420293,0.8476753590060631,0
6.958534137481001,187.74884924223053,13457.211128838786,7.363593123786581,330.7503921579468,350.60343122456203,16.719155744030502,77.67129222244807,4.194600000110389,0.041465862518998975,3.9858751150801957,0.4404284998653247,0
9.014356734321137,225.36751917804935,44831.86987314955,6.002653035061753,296.63089872335604,445.7688121991064,16.254111866748474,83.89112947149958,4.549419412617848,2.0143567343211366,3.5727873866454694,0.3693005631418716,1
7.036752103833548,184.74139408542192,32328.714811575148,8.396586913768282,292.93822065534715,617.1447939880537,8.348506271886606,51.45707430707903,5.493180964193986,0.03675210383354788,1.519794233343148,1.0057590704919888,0
5.706130889124347,199.1178269297172,25815.609090216807,6.3835454731196695,333.073545745888,483.8240890399845,11.637606834539724,79.47397741028497,4.3263943702932135,1.2938691108756526,2.6899083043700203,0.5485272887589224,0
6.09001605715742,216.73623190750297,12558.897972763089,9.297299630484831,317.98323592892115,409.4272358027418,10.754841552597554,30.965844291394113,2.9435217121887867,0.9099839428425804,3.6537314653843165,0.8644756615464639,0
8.526169869777789,175.61283632174326,11837.12335960845,7.483708837987377,308.39851553828527,474.240482290634,21.845916252542057,52.37220110667482,5.083014141516923,1.5261698697777888,4.297826318499336,0.3425678469562339,0
7.443189014292676,193.12479889284373,13551.953344708114,4.313264845761401,333.073545745888,430.4872957139327,19.396329452342684,72.07558550537075,2.6648327961143745,0.44318901429267576,7.278626337081397,0.22237530219229923,1
6.944868386836294,198.47643903857147,16904.201091168223,6.34140695887747,299.52167331693784,470.5997605879183,15.045816752218798,61.14608668810088,4.241135181480118,0.05513161316370585,3.547591048342132,0.42147306735403645,1
8.89958837829117,208.10654806769412,17915.085972353347,4.793574529321033,334.5717850202069,381.15935374514186,14.398740236893955,48.29949653185864,3.9286137101792655,1.8995883782911704,3.665093499646579,0.33291622166515755,0
7.036752103833548,219.70604813973517,22387.315752754752,7.308500571669125,316.97300307263026,327.2895433835891,12.785265313763432,80.75786638068465,4.64936502812178,0.03675210383354788,2.7498943375142995,0.5716345981625327,1
6.528479452805517,176.93967588217208,18533.33782762714,6.0832678555906465,336.296413110793,491.4779237897906,13.53126370795519,96.94410396745909,4.0632764275187885,0.47152054719448344,3.3301353277809436,0.4495712697139257,0
9.41951031641321,175.76264629629543,33155.578218312294,7.350233233214412,333.073545745888,432.04478304536786,11.039069688154314,69.84540029205144,3.298875498646556,2.4195103164132092,3.3463119012437597,0.6658380438764397,1
5.0977862263180995,182.81901536015135,23590.31371232569,9.128797716662024,326.33486294038033,445.5626437926245,15.137781385031872,68.60810286180543,4.829323363639572,1.9022137736819005,3.1345547006545305,0.6030472287465641,0
4.616438934449231,192.57400993430312,14982.30547703048,6.080029056003053,333.073545745888,344.14632123276755,11.09000575116204,88.48358347561748,2.6343410214254592,2.3835610655507686,4.209782048407354,0.5482439454210406,0
6.578998162273409,198.40924713362148,22389.38048560545,7.3175751855196625,369.0971133970416,408.19501451258856,6.059608220858536,105.40046038277852,3.690929417034363,0.4210018377265907,1.641756288033029,1.2075985296759608,1
5.704764776213017,117.1251603715048,33223.58152874991,7.050503159576975,297.0781534785211,504.378680967655,9.001820487566135,48.1470312534892,4.157533407489738,1.2952352237869826,2.165182438742897,0.7832307238391207,0
7.997175822735124,214.8196268986121,20575.57315960785,6.191399219857796,312.0080944585862,513.540398386387,17.70310392522049,70.29121365888354,4.817668211405948,0.997175822735124,3.67462005969774,0.34973521571559474,0
7.036752103833548,252.6704690341003,29368.674184052215,9.90614662722374,400.3224341668411,465.2166206201478,13.221033634237417,84.19860653327541,5.052736766116998,0.03675210383354788,2.6166079155929975,0.7492716645315045,0
3.889106956840228,152.5301111764229,39028.599340290755,3.4624920476792767,283.69378223429663,443.0292321286284,13.201943203829217,62.32271110691731,3.545741437567914,3.110893043159772,3.72332267114265,0.26227137414161944,1
8.74727152353787,198.71222803422677,30348.24365070316,7.324498246853736,333.073545745888,333.6392821015578,13.866073474892744,94.72812878030604,4.764707507859535,1.7472715235378704,2.9101619652115596,0.5282315669165185,0
5.608745231813571,152.9540623182781,19835.980770126953,9.34598146539764,323.3933401888737,596.0763682976194,14.380724633429736,49.428252098003234,4.644211644910143,1.3912547681864291,3.096482812687397,0.6498963754424031,0
9.489972878325856,234.06996516164725,15513.740377963157,4.735332223870278,333.073545745888,277.97006973151883,16.69821636919886,81.42717401723866,4.219967522355668,2.4899728783258563,3.9569528257707463,0.2835830986728536,0
7.036752103833548,156.3881195304711,26885.834938137457,4.894281397150534,291.9186740620703,554.2213897459995,14.277102893339986,53.48194273919201,4.709676028114963,0.03675210383354788,3.0314399072614036,0.34280631658312927,1
6.396569931080612,243.7247068929595,12278.985279606484,6.7945514032362615,333.073545745888,489.4493050721475,17.638039470034244,66.62248509808484,4.188249712324068,0.6034300689193879,4.2113141455772265,0.385221443095094,0
4.99353073414005,242.6205031372363,13900.779270942352,6.467744129004743,333.073545745888,429.827818905013,17.274662564433015,61.245788356783336,3.153809336970371,2.00646926585995,5.4773942370382,0.3744063729450134,1
7.3496533769711,235.2108763442585,20443.135054903632,7.177789422279594,333.073545745888,305.4173061302032,12.831113487129642,91.09267676501344,3.861684092322543,0.34965337697109966,3.3226721445100003,0.5594049861747659,0
9.0894210984221,208.9147200392939,32238.077782489603,6.895013644713986,321.08046524060876,449.25997564536,12.514641255723577,89.21307429428107,4.43011601625449,2.0894210984221004,2.8249008344037536,0.5509557128219585,1
9.79455869937693,129.87095837698382,20682.73174245486,9.390842592507877,291.980083478375,427.123948431111,11.853228088627532,78.7114694303526,2.9454187377034105,2.79455869937693,4.024291661014561,0.792260279649689,1
7.036752103833548,181.2105098732083,30280.788593026075,10.38254659052252,267.1579598616741,487.9972616274739,11.346301748517533,68.84386557220719,3.7795544920225694,0.03675210383354788,3.00202015090556,0.9150598940151731,1
8.238878989445276,198.2134051416807,11451.312217210629,5.3089895602046955,309.3294234572413,401.0637636598361,13.243329279142417,81.19771042934019,2.784712796717906,1.2388789894452756,4.75572365632373,0.40088025053381693,0
7.533614822992929,186.9182450854363,11642.727540809405,5.890684293730958,333.073545745888,363.50634426122485,10.740145902620725,49.57430829984224,3.462763987423452,0.533614822992929,3.1016098238339214,0.5484733446516975,0
7.337924402194623,188.79930205857636,24266.517892957425,6.844850275669532,326.2547012986055,500.3864688722259,13.37336915256185,65.90905720470232,3.935513836805475,0.3379244021946226,3.3981244404143176,0.5118268766649152,0
5.324641431045321,142.80697796677873,728.7508295768456,8.403316436536477,333.073545745888,496.9976016482841,15.174663734169542,60.07785240476825,3.652003355217872,1.675358568954679,4.1551603607724195,0.5537727906181884,1
5.400700137691393,197.91899277266765,9968.96273804851,7.878997795573529,333.073545745888,503.89635686519,17.408921707177853,77.38284144381137,3.555737566011368,1.599299862308607,4.896007224374267,0.4525838805823951,0
7.342231249416264,198.16880422609847,35273.97622922741,5.2688072037166975,300.4059237025969,448.1516693142082,12.38854859881343,62.743383384471834,4.261504364251519,0.3422312494162636,2.9070827184067913,0.42529653384294014,1
5.624819996402396,215.82287257203353,9028.760344852111,9.256097772286736,274.29230540617135,340.64839262295163,10.680672738252383,72.48745023112332,4.355489161530189,1.3751800035976043,2.452232089189246,0.8666211513545642,1
5.477283049476333,165.43609335155574,29046.083515231163,5.523010780807942,370.8930850920216,488.7745947823073,17.265186340258424,80.23479707714105,6.091233163793407,1.5227169505236668,2.834431557874352,0.319892896147704,0
3.889106956840228,228.1303828552258,12937.246890752847,6.214772832308696,319.73413645811837,495.3798826950329,12.033343963332584,61.14111864040949,4.948442555998784,3.110893043159772,2.4317431990802607,0.5164626171065523,0
7.0882509764340735,172.68929992342407,25399.109005649178,6.941216656712949,355.25307889930104,298.6717593898317,13.637782600716491,66.62248509808484,3.2306454361995462,0.08825097643407354,4.2213788695366015,0.5089695554597505,0
6.552847474374976,198.8069396513827,34006.42073313584,8.691206175159937,274.90435120291863,477.1639067796365,14.369630090209853,78.17306258634733,4.687986155246704,0.4471525256250244,3.0652025302858696,0.6048315451244485,1
7.617148870829691,196.60694201188775,27080.268722211775,7.3827548827212,345.17988734636043,329.0166463536928,8.547283221007035,60.1447024187457,2.3915400059994005,0.6171488708296913,3.573964736362617,0.8637544618647734,0
9.00846433449955,148.6140018153515,35021.77409654997,5.594006547611537,333.073545745888,387.3997714146052,11.855102950449409,49.480440797245535,3.911014707443342,2.00846433449955,3.031208217314773,0.47186482471960756,1
7.303051906328316,196.95287516726088,22053.01026214273,5.392692829400886,305.2215636071631,451.60592395435793,14.66556052806635,71.71077867727018,4.144869940408154,0.30305190632831636,3.5382429848641324,0.36771130918380257,0
8.111953170359271,217.26647243232367,38184.46957355751,7.254121956467008,311.9102239367761,281.06920278529196,13.0279206531589,78.5820938570935,4.430750455902872,1.1119531703592713,2.9403411098138768,0.5568134465030415,1
7.420640789488351,212.73558531696796,18463.72212677624,6.727918856969923,355.9714951598641,523.6027139514799,12.086675305338815,44.980101795335536,5.423767330031326,0.4206407894883508,2.228464523164655,0.556639285028104,1
4.884388228619609,136.55778486351255,28392.42497620195,8.440399977615007,333.073545745888,386.1040001509584,13.831876766554617,73.82455573856876,3.616700535246351,2.115611771380391,3.824445183479167,0.6102136036817672,0
7.05994023445362,178.80538032255842,39484.63892065139,8.59111309966701,281.3861971937521,520.2728605714389,10.795481727524304,75.84754248894292,2.949938822578741,0.05994023445362018,3.6595599831888252,0.795806293845758,1
7.721032687967833,203.3547883821459,35800.699273176404,7.683399375833114,312.91904442520746,424.9669947448051,18.092608300288305,96.44212931944313,4.168487101902514,0.721032687967833,4.34032864146374,0.4246706071141811,0
6.581878201548969,272.9827446610101,37169.44440353849,8.11473101538499,400.3224341668411,351.47683939412354,15.1293344878207,79.2610264962444,4.201662864465836,0.4181217984510308,3.600796012211252,0.5363573979780836,0
10.252816232929478,218.2797000559973,18158.842119050863,8.657341897259338,349.5295678863063,336.1988371922729,19.4425988167568,82.85827183958872,4.559836218772728,3.2528162329294776,4.263880021135873,0.4452769680419961,1
9.001822865226588,263.5141882082595,15379.912762902462,6.473673832546811,355.00642596995027,561.6870033606198,22.04545659429084,61.51434190537672,3.976873452391297,2.001822865226588,5.543412762511246,0.29365114354547633,1
6.601407394510328,205.6210216799231,19635.58825474065,7.173229426428975,344.0344608422581,430.5598517453319,12.172052614196389,57.35634746077561,3.973576405808536,0.39859260548967157,3.063247892542222,0.5893195720122992,0
5.791154373453377,190.43167918167313,20288.23556946867,6.298365795305266,347.04102025515056,544.8574805951714,17.70683826106898,84.3881914284642,4.104834816564649,1.2088456265466228,4.31365322569415,0.3557024324015367,0
7.036752103833548,212.7316900178758,37030.70811993558,5.040319510799422,351.0644583570087,535.3023514515182,15.895048200539575,33.370712678505186,4.825792283459244,0.03675210383354788,3.293768975770471,0.31709996283800884,0
6.5391152614962955,218.61969925707663,23308.296877049183,7.177445308764305,355.4438312769718,585.1664269959149,10.742145849226802,40.77385620785008,4.21167195883605,0.4608847385037045,2.5505650496176067,0.6681574371961713,1
7.036752103833548,210.20492128814504,26894.14489019024,4.312761963759486,329.14643755032563,344.5151501291694,15.10919086007084,66.62248509808484,4.903914479432386,0.03675210383354788,3.0810463441795872,0.2854396187235434,0
7.036752103833548,159.39939804233876,44831.86987314955,3.713593555870997,312.97625428739843,377.0679724052103,17.24669811069532,82.19723305150072,3.8608066031653014,0.03675210383354788,4.467121877960334,0.21532198898095575,0
6.632205878654961,232.7385451720168,9809.904000074896,8.336777937778926,302.32577178168714,458.3667847374616,13.304852351281852,65.31883499822912,3.4437405597575226,0.36779412134503886,3.863487465714082,0.6265967551589527,0
5.860574154812488,240.8871443823025,18321.992317911503,6.046385489584265,351.0497931272329,491.87541803133274,8.997226332644459,44.615660295011736,4.277241101939487,1.139425845187512,2.1035111219364286,0.672027644299515,1
8.41997068212899,185.71898879367,13237.989604570806,3.998265840980654,308.1426388528513,463.64727737284176,17.20956505547082,48.78311165978784,3.962478314282775,1.4199706821289908,4.343130573184032,0.23232810334050397,0
6.761413709046804,216.53249797922632,32156.819438954968,8.723064211950991,343.60110432437847,526.325213716472,20.314691468846945,60.52159303851469,4.350206872394596,0.2385862909531964,4.669820860230436,0.42939681343087094,1
5.331940479018537,194.87406544579952,16658.876503163574,7.993829562375316,316.67516182816695,335.1203984374612,10.180513802631594,59.57271371122687,4.434820257956548,1.6680595209814628,2.295586047434641,0.7852087755237058,0
7.036752103833548,178.23365945534152,37861.44001203971,3.912714090018384,333.073545745888,535.0863948480063,17.545439535942705,64.07128834277817,5.11386970579597,0.03675210383354788,3.430950946033308,0.22300460806344502,1
6.983860438979463,202.2562815455875,11848.769729095187,7.657534113387622,333.073545745888,486.9705425699803,16.061439779000636,61.85135771917402,4.159566509149576,0.016139561020536597,3.8613244631013095,0.4767650809633084,1
5.334183579602803,224.78793617826975,28897.491527401453,6.048524614023226,333.073545745888,360.1791772943006,12.24734355826115,67.15475112774594,5.091357101284415,1.6658164203971966,2.4055160361184313,0.4938641666567093,1
7.187765846234752,184.15660404820204,31125.740433940548,6.377789860888402,352.9160163069067,472.2741221007169,14.807893393724328,61.96388773603507,3.784120779606519,0.18776584623475223,3.9131651294964622,0.43070200876036413,0
5.9672742278667465,187.0850839899358,30846.585474123283,7.281105533226092,339.06371481092935,323.9626950494488,12.651853984752847,72.2735904472921,3.914543611457913,1.0327257721332535,3.2320117000891337,0.575497074697804,0
6.932085030049922,205.3384821943817,19530.47381916059,6.521955498450175,333.073545745888,475.2102158874225,15.673883024056863,53.9558663301533,4.433285887697208,0.06791496995007762,3.53549937576866,0.41610334033606694,1
7.808641136495527,200.71487002221593,15694.507193849424,7.219558055997078,333.073545745888,519.8629914995536,13.2621021052978,79.34491474969639,2.4727203251760423,0.8086411364955266,5.36336301639394,0.5443750511269279,1
6.588207965322447,179.699151482952,35263.61239925808,7.445343062498885,333.073545745888,527.449342027736,16.149315171152125,81.50346990743404,3.972255856460901,0.41179203467755343,4.06552641350097,0.46103147548740564,0
7.036752103833548,232.8643910229747,32600.42940605805,6.702671599764981,343.5987003271209,447.3946851344006,13.900089185261152,52.892084793947426,3.1653909007410843,0.03675210383354788,4.391269587189773,0.4822034613035896,0
6.028101118266446,262.80847774427167,17150.10054999001,9.378390092203825,380.3013501596972,514.545672099499,20.637598734129313,76.52907700861665,4.080786271348128,0.9718988817335541,5.057259141888933,0.4544322117409015,1
7.036752103833548,165.74022922121148,19919.324588818665,7.278151485586811,351.96505382122973,420.12071292258815,17.776053404705294,46.00234037719788,3.4280959259455384,0.03675210383354788,5.185399884748678,0.40943571165377934,0
4.771490668948941,200.37407558257124,44831.86987314955,9.16523914539234,340.31017576890633,310.9278352799708,18.76832821249093,63.66415534150084,3.936972573012225,2.2285093310510593,4.767196899960661,0.4883353782654546,0
6.4079633358080486,199.13172601085955,28460.203396912413,4.613721483792887,330.9140756150516,448.8580061697356,11.65691310206944,70.16183916904711,2.954092652381751,0.5920366641919514,3.9460201583896986,0.39579269808411965,1
7.036752103833548,191.30135942872252,17540.576642695825,8.77972626215979,333.073545745888,323.81211621457146,19.072827270864025,61.56032811031777,4.129300910378934,0.03675210383354788,4.618898710923699,0.460326394044655,0
7.036752103833548,260.205359611888,19517.724799117623,8.764168678117553,368.82103684917774,251.02089870586465,12.804588146581295,48.65189042828215,3.6655217644695224,0.03675210383354788,3.493250204499654,0.6844552822264902,0
4.197583589415031,189.47367665563823,31292.127703674854,7.105204272353481,333.073545745888,370.7714128060414,11.986401814687156,50.3228304212554,5.206480177207682,2.8024164105849687,2.3022078457058113,0.5927720252857969,0
7.036752103833548,276.39283372089034,22452.090807860674,6.773698985660693,343.635821280367,395.3417752928905,14.903080469555846,67.12516777793415,4.444350199227698,0.03675210383354788,3.353263457700097,0.4545166715687671,0
7.036752103833548,226.31858035622707,18465.265041715556,6.0263038611088895,358.69723017088404,366.9262934148978,10.269401712547335,61.15932665317411,3.4065631996849204,0.03675210383354788,3.0145921551976538,0.5868212621310339,1
9.271668544453812,256.27339253623904,26912.22841698465,5.766780235697147,274.6461166013127,467.7523179288561,12.376685964258344,89.90494985504222,3.7442036323060304,2.271668544453812,3.305558103707496,0.4659389263338869,0
7.021617480943761,203.2011966288236,12352.811105129527,6.845743996808342,380.8040539816352,435.67439305429315,14.507013118477175,68.2333855535937,3.855636250178683,0.021617480943761258,3.762546157008124,0.4718920062322895,1
7.086877325565761,192.38736755463475,25524.82346989246,7.354034994202686,322.7400311650643,548.9177180123194,14.524408073755067,64.12439070787707,3.992848210934416,0.08687732556576133,3.6376049548728213,0.5063224918038893,0
6.549187601426585,212.9221414949659,19236.012494926068,7.960190043633312,333.073545745888,424.3980267319668,12.587047874082316,49.585572718743,4.190311120790964,0.45081239857341515,3.003844943108052,0.6324111492109914,1
7.682872498072526,180.7013754732779,12105.721934269564,5.396716118190096,296.2388768643903,469.8356255488435,15.83176343631834,61.80209510271702,3.778606787628922,0.682872498072526,4.189840366113462,0.3408790056154408,0
9.831401690527043,263.63272179697015,13345.369098444477,6.566928593579836,295.7742177868908,462.4397372237297,12.00232292589709,76.02136709368729,3.3118081384490137,2.831401690527043,3.624098619257394,0.5471380904335161,0
6.744799074889901,204.08431824790853,20215.697516941877,6.125251637811496,304.5279373540632,544.3393171362823,12.014243001325156,72.6080760823959,4.86854263008631,0.25520092511009906,2.4677283216854247,0.5098324652916895,1
7.036752103833548,200.8398943783465,20743.34840422407,6.905988081161993,267.1579598616741,450.361719643501,10.20915260559974,70.49560182837315,3.8089129537722095,0.03675210383354788,2.6803316455833737,0.6764505999179057,0
7.703356821382107,211.34468669587812,12861.946542042451,9.24530582842397,347.63083355817156,598.6628773555655,10.542341791180377,91.11869818917016,4.7321253460612525,0.7033568213821066,2.2278233969714716,0.8769688115395474,0
6.2033225076896565,214.85011121444813,29426.473780194996,8.034868234556987,369.72668337071616,319.76668145748073,10.24786327002289,65.30863745472793,3.487920050688021,0.7966774923103435,2.9381006969757575,0.7840529521903046,0
6.42736514447551,202.94497913771383,20920.25156102137,5.527620653059023,338.58235390848114,332.61275193439326,12.809023966709276,75.10133404297275,3.568823153057529,0.5726348555244902,3.5891440478330554,0.43154109445686445,0
6.330732765446402,166.73800899675925,18397.199408096025,8.076426482257103,333.073545745888,436.9917521078011,12.905188648425336,67.64855612214467,3.940000423393067,0.6692672345535984,3.27542740766616,0.6258278027895988,0
5.1267629233515315,230.60375750846123,11983.869376336364,6.303356534249105,333.073545745888,402.883113121781,11.1689462210565,77.48821310275477,4.708658467526655,1.8732370766484685,2.372001266620216,0.5643644301913762,1
5.9102517293372046,276.39283372089034,15244.846394587465,6.636550648923896,363.38468266961195,655.8791400416264,13.138353147225246,89.80101069435713,3.660922907594773,1.0897482706627954,3.5888080383121492,0.5051280072493328,1
5.844673795577308,147.17980377255313,13615.109758022078,8.881111781915259,394.6583799124427,533.0402104156283,14.217372572687507,91.61403063724134,4.3380560876593535,1.1553262044226917,3.277359491909925,0.6246661337630214,1
6.128425635295917,141.4924095070385,9615.832709692548,7.62791913004187,277.9517037266149,415.0087368963965,16.435842913307283,50.69392671149397,4.633823861920798,0.8715743647040828,3.5469279489545382,0.46410267524297455,0
5.376078292034362,185.54047780277233,36026.40155635119,9.649943357503718,343.4866326741927,347.56506646308213,14.004448806342566,66.62248509808484,3.629250321506012,1.6239217079656383,3.8587707396717876,0.6890626544381124,1
5.506061504313135,164.49617210200154,21543.726601097253,5.9839964035866435,333.073545745888,453.88334046653046,13.33971610870526,55.75136202135455,2.77890595094447,1.4939384956868649,4.800346447070305,0.4485849553497349,0
7.129424730462989,178.37235229089595,25840.578887671327,7.487823264368269,312.98272670844756,323.2989151905895,16.40615621501786,69.15760946262223,3.418610802866979,0.12942473046298897,4.799069669524638,0.45640323728667365,1
9.271578532993324,274.0213909062187,38886.38767861533,8.045991282850062,267.1579598616741,504.6167925272964,15.981067650932175,62.32004847248626,3.5496084097380876,2.271578532993324,4.50220455441923,0.503470165768967,1
6.602539771517404,174.63297715067193,21607.48323823859,6.581327180699622,308.9314205965471,655.8791400416264,9.06444501890411,68.82704725271194,3.5924960849831393,0.3974602284825961,2.523160020586809,0.7260595040197839,1
8.589202343654149,233.72797460195045,7263.056749130122,6.953307779687905,268.97135529751745,258.88020903971534,8.986363424137608,41.93043890143848,4.041445670962364,1.589202343654149,2.223551157733758,0.7737620523168569,1
4.292966858149657,212.80864540548384,30434.269118406635,8.630313014071895,333.48254007833225,382.9223629717562,15.779921970237352,39.775513219931405,2.8049235828692907,2.707033141850343,5.625791889953533,0.5469173094412186,0
7.036752103833548,216.2716236550611,26964.317180879967,6.383548319848827,400.3224341668411,573.1595906724139,19.89268025101876,50.1705224989106,4.50102454017249,0.03675210383354788,4.419588396793773,0.32089934178792046,0
7.036752103833548,233.020133595047,27071.118618299,6.220936450835245,298.11264499527624,357.1196221086572,16.76894519552127,51.284400500322874,4.284878629001862,0.03675210383354788,3.913516048857479,0.3709795701113742,0
7.388292038904119,178.34405979063337,12928.64443298091,7.830295183914766,333.073545745888,376.48888754994744,18.113484991784844,40.40197837045169,3.846830261190497,0.3882920389041189,4.70867676846818,0.43229090123602393,0
7.078361074110981,198.41244699493535,16648.600567341065,6.931095897331531,348.5479813510433,472.276000873812,17.249616383777663,59.6308939352365,3.263464731173011,0.07836107411098059,5.285674128276355,0.4018115731569706,1
6.124847329190028,151.69135775517935,15092.017644538098,6.610787894788278,382.31896069527266,388.13753086454625,16.62195941496435,69.16784699916514,4.211967654412953,0.8751526708099719,3.9463635128312826,0.3977140920656233,0
5.898726324805972,198.31001978048192,21148.241904730676,9.12490032158066,326.2542815359668,312.38858564170147,13.042948001733066,74.31161875623877,4.899815187496653,1.1012736751940277,2.661925978981834,0.699604078829734,1
5.7564756894907045,171.97180368438063,8086.825998967037,7.304628015427524,330.1337767931188,442.7587558988176,11.36475105825133,95.89849468769955,4.0020815167967045,1.2435243105092955,2.839709328968998,0.642744160012187,1
7.117917746068107,216.11631856933127,20067.572788819743,9.605650817390336,349.0849489661236,331.97166097165444,17.539129697152987,84.03285791706688,4.213567957421265,0.11791774606810712,4.162535341034756,0.5476697211082165,0
4.704698461717015,160.21182215146052,5128.457645769734,8.283068933566303,357.7310768336419,344.69373993834444,14.219532129367847,34.28841274059312,4.109924711687724,2.2953015382829847,3.4598027134482328,0.5825134241896549,1
8.037761108429645,199.21397067654735,40368.42062703652,7.307410956811066,333.073545745888,293.83346573050517,14.254682174400727,68.76341846656737,3.572519001665757,1.0377611084296454,3.990091634967531,0.5126322954644184,0
5.952267969284858,136.89053061148584,28105.964887110626,7.330957605306177,389.8097463056352,423.9639950474154,15.373779853058068,68.96979299855161,4.769768271388487,1.0477320307151423,3.223170551514484,0.47684806199432356,0
6.2278419215981105,183.3090479533006,38976.0352139622,8.247332931827263,333.073545745888,531.6307209972657,15.84784937430669,46.64358918073119,4.599573326595357,0.7721580784018895,3.445503485544802,0.5204070417776181,0
6.593174456619291,176.61282880446723,21857.838889341332,4.709044275103352,333.073545745888,310.43597926185015,14.314281814719491,52.69795843717041,3.931653171254095,0.40682554338070887,3.640778458944065,0.3289752155980183,1
4.168248461367502,164.3512892657663,23863.7168635121,8.593819232313368,333.073545745888,547.4668311616424,13.8434937991247,71.04673524990041,2.804525051409483,2.8317515386324983,4.936125942623109,0.6207839391001716,1
7.918150470853139,214.18661094783613,23823.492887703946,7.290877675600362,341.17332171858976,411.4244825713205,19.5850018943529,26.619225158022296,4.028958007331559,0.9181504708531394,4.8610576227541085,0.372268399189392,0
7.127711209793025,173.6901017342175,19309.57045437051,6.533392202867743,372.5372251976209,295.3858254933325,7.273399392474971,88.79092692938394,3.396184931416361,0.1277112097930253,2.1416375720753424,0.898258290527655,0
7.0328187262222395,168.8223952533804,29370.26418381893,5.390593422595753,333.073545745888,521.7808841520609,21.11924924525698,58.87676573201324,3.633373288668084,0.03281872622223947,5.812571886998969,0.2552454921455551,0
6.152857802124513,171.12528741087988,24978.483176888756,8.216485933055083,323.8243755200661,406.0944270997211,10.881215335175,65.71471834095249,4.403083393696855,0.8471421978754874,2.471271127746672,0.7551073041801571,0
7.667520860166849,163.34581865595464,25035.271042267916,8.258578048278167,329.59709139998864,431.86775673800986,16.07850034953225,89.0936503629485,4.618164704580524,0.6675208601668494,3.481577184115503,0.5136410333739483,0
7.149124567592087,202.58254227278624,23158.38909647046,6.067812010702551,302.00274315475485,301.9842395216359,17.622594764646465,42.29276649944741,3.787033414567679,0.1491245675920867,4.65340232897203,0.34431999075161673,0
7.6021214747799855,199.35316552769717,11346.143452721666,6.900379647327515,304.9664881421143,210.31918197203672,17.925782394769897,62.846672633452144,3.6988747689394295,0.6021214747799855,4.846278576127935,0.38494159476125317,0
7.036752103833548,223.8904119532495,8722.153021570984,8.569451241906851,333.073545745888,375.14227708797114,15.430847229197012,64.5641432674701,3.44029961478404,0.03675210383354788,4.48531944065756,0.5553454427535891,0
6.871607245014967,197.51709338436095,19557.99372436916,8.31134872749755,355.0872579059655,379.5077385315285,18.240711615825887,65.6942303934959,4.180389311503939,0.12839275498503344,4.363399170079791,0.45564824700360185,0
6.493764174632957,205.15056435658232,19821.338373094324,6.34496341220211,298.37997639940215,482.59570925277575,12.164735678739646,89.47771836639885,4.910911020512156,0.5062358253670434,2.4770827960120925,0.5215865809320168,0
6.980061938695879,164.12718036682455,17625.466412216323,6.4795578439453925,372.7483191474201,492.7034162141231,11.66575309215898,48.7102932160505,3.969463254406426,0.01993806130412068,2.938873446009509,0.5554341187682469,0
6.433726195268951,176.85712202822214,26755.718839104346,6.533468856783324,316.54146832606426,505.122015274296,21.31960739243067,60.126343501905346,3.117918258462248,0.5662738047310487,6.837767634478597,0.30645351155244355,0
5.5257685450431415,188.1559799186756,16113.010553529986,8.306926276895082,333.073545745888,363.471851126453,12.09451300749447,74.71867577366002,4.401412624381881,1.4742314549568585,2.747870125292526,0.6868342350711756,0
7.593176933452913,201.06873653884213,19214.186356768685,7.710119970074899,351.3860801079073,451.211448561067,5.328026018267515,74.67398585297599,3.54209264375375,0.5931769334529129,1.5042024729253387,1.4470872508041366,0
7.740383939415849,179.30238137361476,12477.771817585091,9.989628390971694,400.3224341668411,471.7831533991967,8.412402056532414,66.163439242252,3.0133608396173153,0.7403839394158487,2.791699936573417,1.1874880844201265,1
7.079303517779591,137.00735518463185,24282.154769061584,5.705692803459669,400.3224341668411,342.72531842613824,9.113945215891365,88.32860483411169,5.553173840879232,0.0793035177795911,1.6412134458291892,0.6260397711708067,0
6.782868548051976,196.1825584839221,25366.797904809864,7.200358354772008,312.4265913272513,435.0945740311392,12.11847464073884,76.34799427084874,5.468590847062822,0.21713145194802408,2.216013734367041,0.5941637024516901,0
6.604007988638578,212.9784673953189,23564.57966347158,6.608205099166998,325.3538597390556,430.3327540201968,14.352904612071429,33.40304792532106,4.458966913210226,0.3959920113614217,3.218884928404448,0.46040887314197937,0
10.258615434291345,117.1251603715048,39227.61945662096,8.517986143491289,337.50124660282654,410.8561139478792,14.326888853101764,53.121259637557486,3.309580397460676,3.258615434291345,4.328912672791271,0.5945453780149744,1
6.8506254182690025,232.93119602419344,15338.0616411657,6.142617971325285,333.073545745888,438.3473270723619,18.14859493849417,81.55160971304564,2.593833679642705,0.1493745817309975,6.996820221786108,0.3384624348981429,1
5.735358658660184,149.17169026665542,28628.15185643749,5.073073966079366,333.073545745888,465.5548936998726,12.201950022329015,65.9098503743173,4.085054788353829,1.264641341339816,2.98697267663169,0.4157592467627408,0
7.036752103833548,202.8111418772112,11900.055202795736,8.948087687933388,367.5334525202398,379.5645635605239,13.591857817320658,58.82255973845024,3.1538002186878344,0.03675210383354788,4.30967485736963,0.6583417182446359,0
7.0889406421502255,206.36412193936965,13839.713425986323,8.08824196976233,321.29614145628665,369.96933326573185,14.896092156509042,66.67465815004317,5.661104287047449,0.08894064215022546,2.6313045600107716,0.5429774025163147,1
8.210443565143713,167.10219152011487,13933.085360107943,10.422841783337924,267.1579598616741,391.06887363378047,13.747057680225566,61.05821028553092,4.976055159693945,1.2104435651437129,2.7626411839112133,0.758187043918758,1
10.258615434291345,241.67179977276749,18588.30332581789,8.784378178977711,333.073545745888,303.68810651675375,13.615947275381076,75.12989608607253,5.227609397200687,3.258615434291345,2.604621660916473,0.6451536096726145,0
5.150456539630286,186.5608458950196,18655.541892184912,7.024306505365624,333.073545745888,379.5379368775442,17.604066458207,58.831969001464195,4.14702894652348,1.8495434603697136,4.244981754463762,0.39901610931915044,0
9.228484208847256,200.7103304002074,26744.2315262742,6.83336024165987,339.8207187053917,363.9509908203079,14.14477230737549,86.95020026036977,4.829753513504483,2.228484208847256,2.928673138111942,0.4831014321096797,0
8.00637329840415,117.1251603715048,44831.86987314955,5.165292400412609,333.073545745888,367.68899058310103,13.425164731026086,87.38198133895787,2.396505357833779,1.0063732984041494,5.601973342211868,0.3847470119847694,0
6.043360083711829,188.6623288695978,24856.607107211305,4.371024856309438,295.89520663941977,355.0074611564549,7.619812483440512,79.94491555158974,4.74524751697268,0.9566399162881707,1.6057773278230145,0.5736393503343109,1
5.6782209670592145,143.18650765307552,18377.008261408668,7.145335458433946,400.3224341668411,359.7747111404619,18.714478079208163,77.4476391684988,5.429781739947604,1.3217790329407855,3.446634787341188,0.38180787336861716,1
8.174186267047556,244.24904583770405,31114.820836331015,4.7269122862033495,285.33202575840426,418.6196000757642,14.873626230668153,56.46415749086562,4.709402884560948,1.1741862670475562,3.1582821510444314,0.317804945148609,1
7.036752103833548,182.0595342239396,17869.455441116883,9.83291119273741,361.53773576128486,359.4494203333058,20.209330470358964,49.15663955393258,4.170075590262242,0.03675210383354788,4.846273211756062,0.4865530167170223,0
5.4038836922267075,199.01667409214969,11571.421537186176,6.285433845719699,333.073545745888,377.4307462748564,11.859074319563035,74.0120431141782,3.189942299371127,1.5961163077732925,3.717644235839854,0.5300104499168738,1
9.824706476038184,218.0195299082903,15120.92471624182,3.1462213405647073,333.073545745888,498.93351854944046,14.836623957315226,42.16823419601413,3.226035359326217,2.824706476038184,4.5990256478119695,0.2120577523268496,0
6.442496436487848,183.07135490630264,11592.445624124975,8.960736007790159,400.3224341668411,385.0148667810816,16.14825846036473,83.3325162575065,2.8910188785912547,0.5575035635121521,5.585661509955962,0.5549041387267732,1
5.068795502073682,211.68950216130068,22781.36453356911,5.330123052152086,317.1039028212847,483.4420180175628,14.495790618783644,77.21227435879854,4.362085653052907,1.931204497926318,3.3231322006495283,0.36770141240477777,1
5.736675708942604,180.29090762022375,12683.483292055978,7.907876694584349,400.3224341668411,415.0065755703808,12.392869404483974,83.70704535621567,2.7417913083454284,1.2633242910573959,4.519988391083721,0.6380988775387444,1
7.036752103833548,182.31725614546667,30430.21175215331,6.151217322720383,350.44858396721605,479.9570762900436,16.576564876799637,58.675066414689915,4.536122682223924,0.03675210383354788,3.654345877243067,0.37107911062143173,1
6.616730690411597,195.0969675273444,34277.760399691986,7.632638507090468,333.073545745888,417.4650801708633,13.43255667145121,47.94593618133298,3.622379241574248,0.3832693095884032,3.7082127705106855,0.5682192992413085,0
8.966835972567804,228.69135473127255,16764.85476462537,7.137871354061047,320.55599454817076,456.4264885282397,12.59999831402962,77.33013702016315,3.6543549623702583,1.9668359725678037,3.447939512125992,0.5664977573541055,0
7.036752103833548,221.12696274359504,27158.677734100915,7.875936707444459,274.65878811634315,472.09608968637264,15.75941741316194,35.710401965041996,4.688955206670496,0.03675210383354788,3.3609649394342043,0.49976061939358374,0
7.402653150168774,182.99938135370817,19259.193936622916,7.632370159509795,295.9313733055275,339.737304406264,10.494609208952966,83.11874196607195,6.091233163793407,0.40265315016877423,1.7229035901022216,0.7272657114028505,1
6.3932313449189255,185.8361581971575,17258.114034877264,7.32999890233211,330.13213850397693,326.42705471809035,11.650393393363402,47.64001392430701,3.6443881273520127,0.6067686550810745,3.1968028073414034,0.6291631557561359,1
7.036752103833548,181.56240554774752,19289.361452747547,7.325055363995786,333.073545745888,274.696540079706,14.093402113579032,56.80132056879478,2.619420878956215,0.03675210383354788,5.380348322964668,0.5197506453879884,1
5.628406919430697,226.8300425846444,28334.49193746651,8.012496989065786,293.9242727590375,351.1612132424656,15.0192406194937,35.178662156733274,5.050683115260018,1.371593080569303,2.973704210507824,0.5334821285960435,1
7.316804753880919,217.5228619622912,31903.399811532247,9.86504750268218,376.93797230566565,425.9134001802693,8.992754272254672,69.50921982211526,3.508372649783596,0.3168047538809189,2.563225918883915,1.0969994405517505,0
3.889106956840228,248.8592672843447,23590.93212865605,7.683742220804051,351.5554822099039,427.4959312452204,20.393781666520056,38.60493689531737,2.7183977338802885,3.110893043159772,7.502130357973506,0.3767688587472422,0
8.594217251084952,228.16090067796205,29706.234224271426,5.924459987446995,267.1579598616741,517.8446739686019,15.963751897871418,52.950023271552226,4.48954479397793,1.5942172510849524,3.5557610124579773,0.37111949961571716,1
7.213537481050567,176.6400633499079,34727.40856407366,5.1622780440847045,287.70691200012567,332.19950715811126,10.327476198747776,77.26146783734623,3.497480960958101,0.21353748105056702,2.952831869908677,0.4998585757914469,0
8.858401531200467,254.61751866421665,9624.300462110114,7.954015627092478,348.40819490164074,344.30336252225874,7.935467758332209,78.10854981556727,5.525726338121716,1.8584015312004674,1.4360947026078927,1.0023372114899696,0
7.511816641411975,174.6141336025853,15736.893958506133,8.03428389125894,333.073545745888,303.10814585787523,17.425460208515005,90.6623366916451,2.285519928882218,0.5118166414119747,7.624283806946932,0.4610657815663991,1
7.226127199808895,213.3206159003956,23129.74805552755,6.1936239397781865,304.5627762748501,624.2299006465099,16.982255696453535,73.73359287959624,4.15355890079017,0.22612719980889473,4.088602572752795,0.3647114780140865,0
9.049166054297842,169.50925435200787,4343.356611002731,5.7808226207701825,386.7004632506245,471.9253771573846,16.17062838893895,62.72208468492553,2.8140006830459026,2.0491660542978423,5.746488527837591,0.3574890303728305,0
7.036752103833548,164.31710176471486,25236.701316468338,4.365238215077409,350.584345398565,413.6922246601988,15.421144237817488,45.97940190915759,3.72377603814946,0.03675210383354788,4.141264119690974,0.283068355025441,0
7.036752103833548,221.6754626299006,10117.084438084974,8.026586326762152,356.21161439453385,508.2627538605141,14.058460937500968,40.9168107291419,3.19012777090997,0.03675210383354788,4.4068631541449825,0.5709434191624634,1
7.082300649174803,169.4689272555765,29846.719056712125,5.443386888459755,350.40184898110226,353.030380268577,18.959534377575096,30.389096114304888,3.485577388223123,0.08230064917480284,5.439422748785254,0.2871055002169551,1
7.611982388879645,190.6628035986414,9138.02934425656,5.2242562998472355,329.5806789162711,577.4447127405397,17.209367371576377,65.33324119070701,6.091233163793407,0.6119823888796452,2.8252677386579053,0.3035704848108085,0
7.512361216121821,224.4716540979529,17895.55658532868,8.635030814299633,333.073545745888,472.3421246336035,13.848388523813467,74.5829810297518,3.5158025472198116,0.5123612161218212,3.938897136264722,0.6235404340303234,1
8.141861116382476,210.37656141758333,25433.465014926525,8.390811851463154,385.23665639373286,321.86747412825633,11.483523615571926,85.30071701396867,4.136950485502741,1.1418611163824757,2.7758419831158343,0.7306826198713432,0
6.089430846297192,207.26713265566883,11339.166054617472,8.888347448853745,317.27912321854524,531.7689877890376,11.67431808633654,48.35824968112536,4.366860919211035,0.9105691537028084,2.6733884199493416,0.7613589609056124,0
6.6329902541703625,238.3247509420514,12829.092777695125,7.347360636957942,331.3018774575857,451.7344167151812,19.64092250089209,73.20154424391998,4.360851169963949,0.3670097458296375,4.5039184396508585,0.37408427544785383,0
4.855587760461034,145.7903698736801,14905.255911832408,9.829674656014388,392.6674818123875,459.28803709314167,10.44659031424169,52.28948387836278,4.697153025520578,2.1444122395389664,2.2240254966056625,0.9409456501484588,1
6.931470426933321,156.8411948902071,35793.75778674372,7.286335787828286,384.6548025124508,398.6479442541533,17.858241710204197,72.23652477407961,4.249333174167702,0.06852957306667928,4.202597625474351,0.4080096740797948,0
7.471026670171208,177.23364339729702,15736.580985502496,6.878354263572089,277.1098543347574,401.6182184387207,11.28570883934384,58.23611933133285,3.707974079965066,0.4710266701712076,3.043631253166396,0.6094746685399456,1
7.459124173217744,195.02871681275272,33173.49940936154,7.55137398404527,333.073545745888,534.1669972042212,17.334051538536812,38.368068089309865,3.5447515214258827,0.45912417321774424,4.890059724554243,0.4356381156257122,1
7.036752103833548,134.67925657493728,30211.832990855128,4.792361012310782,267.1579598616741,391.8209641138389,18.99915352421289,66.62248509808484,3.8408887616175593,0.03675210383354788,4.9465500713073185,0.2522407513557145,1
10.258615434291345,187.60679200881157,13475.912773031614,6.756054797642008,333.073545745888,411.2644649895598,15.142667441805711,74.44855889602744,3.52919095680354,3.258615434291345,4.2906896613016,0.44616012188380005,0
8.719764331543185,219.77889849178385,30681.12025793983,7.26876508884632,340.91849040741107,481.8534151940728,9.151209132982274,50.17859553556299,2.887725422454221,1.7197643315431854,3.1690014198799497,0.7942955066290794,0
4.80115436807586,180.77287075636633,13556.734397114704,8.977286380775292,322.06244697172207,587.3950117046609,12.401368065703082,62.02818652446988,4.418638131667752,2.19884563192414,2.8066035030614422,0.7238947839720901,0
7.036752103833548,213.65229338381533,28266.75510660842,3.6321135868234142,333.073545745888,483.7979676243317,15.74191082850956,78.81085248846998,4.312289707883561,0.03675210383354788,3.6504753261951506,0.23072887374743362,0
9.10733038346176,202.5147113672722,24678.329289092,5.575906369507383,334.7173347045231,467.110761590556,12.937328739572706,46.9352518256491,4.49213994862107,2.1073303834617594,2.87999172055009,0.43099360391594566,1
5.319769072934949,204.20207196666615,22390.795565630655,8.053558881344857,315.02750450181634,399.1190254238942,13.97408472536074,83.15799710462976,2.9257320397061375,1.6802309270650513,4.776267873969904,0.5763209872635124,0
7.036752103833548,204.66904671521945,12874.44463702976,5.071164450220336,324.70129261448784,402.6192861825653,16.642479709112365,64.84674856579926,4.058942266477222,0.03675210383354788,4.100200130059088,0.304712052178837,1
7.940713224453516,197.04996531372157,10762.938632419344,7.515814624361219,384.7911340697315,406.1167839661619,16.237265347286495,74.61165349978049,2.9901508910892183,0.9407132244535159,5.430247672592903,0.4628743819071017,0
7.595669983691271,207.11547021781803,13486.142191111216,6.192662700732348,328.2095661964854,452.4457460335967,14.810630407330676,88.02036522527101,3.403393176535209,0.5956699836912707,4.351723496926379,0.41812280181837663,0
7.617014108815567,214.40436270637,29818.095042113386,6.508853439206952,298.35185018045047,494.94553706024993,13.31022368966802,70.04800688840395,3.800552599356129,0.6170141088155674,3.5021802328805394,0.4890115374430463,1
6.760790523068997,192.14262050341412,19089.94855741646,4.364521410095469,345.0188971500478,457.5548271822209,13.272525976818486,66.62248509808484,4.905490433324554,0.23920947693100292,2.7056465508540124,0.32883876730621453,0
5.141506876714266,117.1251603715048,11288.634718378024,5.8417498740425255,389.2256728839607,315.2296649504816,12.982475620735102,81.15923927984623,4.510578266177086,1.8584931232857338,2.8782280178701565,0.4499719155829106,1
5.972599968396598,186.46746988851189,23124.577975713863,7.012553710587552,333.073545745888,446.21935416444666,16.455403915331942,64.68881455800407,5.164944785353239,1.0274000316034018,3.185978052663438,0.4261550382180974,0
6.795469009842269,187.78302010878767,15300.838671098294,7.486598423987717,316.9569344844357,498.66592804075066,19.60042881086133,55.4011127224508,5.163088153779066,0.20453099015773102,3.7962599961139567,0.38196093127708414,1
4.334057805514532,155.82935040812563,13351.41382996239,8.603926761542617,321.7869652717761,387.52183305951456,7.809444539319998,77.87921905501783,2.6135320972149896,2.665942194485468,2.9880794498611207,1.101733371239029,0
7.386581819694894,191.58556548067992,26351.903773837865,8.426161103930916,333.073545745888,505.1879288260669,18.925674192697556,72.64961369720967,3.7913725882785383,0.3865818196948938,4.991772441314785,0.44522380407237133,1
7.793039171409166,257.65773902678393,17398.38584333543,8.271245714487424,267.1579598616741,439.7015995303382,9.557030904869691,54.23543289159113,3.389270098308859,0.7930391714091662,2.819789455508104,0.8654617664583597,0
8.297783199991656,183.6141212366003,20316.426684669255,7.108809424689269,322.09584868920666,295.6539573721195,13.503196513197167,62.23013405110304,4.239220571845264,1.297783199991656,3.185300953099143,0.5264537838346488,1
6.624943599869574,185.4109329251336,16360.566298166472,9.47284496887071,320.8465068608219,458.9239774232179,12.488006915884569,40.95997373565445,3.5466963721784297,0.3750564001304264,3.5210240980369476,0.7585553302557878,0
7.74977378413344,229.48976714904325,21995.06806755686,7.74892129486267,320.4406636909241,398.5447626045239,18.202915705248586,41.06424688569309,4.317186297673677,0.7497737841334402,4.216383133309331,0.4256966847861455,1
5.8408115544650085,157.88257451197023,16087.269710029725,9.458000394003244,277.54044913193667,550.1374052331332,11.870382145018084,52.247066884033345,5.049463526421301,1.1591884455349915,2.350819989507078,0.7967729666731693,0
6.841221063159616,166.67694993783547,28263.803720296775,7.1157146702234035,318.79020156650097,532.1847407793819,21.469491278323005,78.22774763903153,5.092364652373034,0.1587789368403838,4.216015255761977,0.3314337655487033,0
8.922379799883824,276.39283372089034,21963.476003375603,8.105638488191751,334.05369272449525,385.8747994925713,8.803475286549144,66.62248509808484,5.821825990151662,1.9223797998838243,1.512149931875562,0.9207315638001297,1
6.664934584402665,218.7700083539578,16477.350806119357,7.325000809399832,299.8465234888422,412.30858785515295,17.192685258211498,41.03578908801767,4.5021382137389825,0.3350654155973354,3.818781348596535,0.42605330542231556,0
7.118980168364626,160.9626028404417,32528.115614330996,5.089127565678716,292.28788840693267,440.31787086414494,10.008145983025486,61.67980126131589,5.349210585555077,0.11898016836462588,1.870957209853377,0.5084984837163394,1
4.767472454756443,256.44991715219993,44831.86987314955,5.773179853362954,333.073545745888,590.4295504375845,16.541560981643443,44.93858575390273,3.893377807689793,2.232527545243557,4.248638983952008,0.34901056259194785,1
7.036752103833548,214.21606032508004,19026.67284159868,7.634724094135441,333.073545745888,421.14027833506174,16.82573918617902,74.62943063178054,3.9868823350112574,0.03675210383354788,4.220273775864452,0.4537526438454545,0
7.808856017557416,193.55321164822675,17329.802160103376,8.061361987849569,333.073545745888,392.4495795653845,19.90322518345954,66.62248509808484,2.7982428424180505,0.8088560175574164,7.1127558226878955,0.4050279041972058,1
6.35403811007823,227.23289536313413,16174.4337385309,7.567418625886672,400.3224341668411,355.5273068455246,9.969701406355568,82.49259499213463,4.935240394248478,0.6459618899217698,2.020104106351159,0.7590415759112862,1
6.615981651666498,194.98063602657555,20919.051434180343,6.1363698241041105,333.073545745888,383.1220570399757,9.68437637766965,41.33777496075909,4.6357091265213395,0.3840183483335018,2.0890815243740994,0.6336359669598816,0
6.692531669059861,200.40435093805633,37033.152091371725,4.7270723230968885,280.8449162117161,376.6727942156429,12.48525698991665,57.8184837106709,2.9421153671384173,0.30746833094013937,4.243631261281535,0.3786123063627976,1
8.473649322846748,182.99719873110212,36412.488259683865,6.144665655290555,333.073545745888,414.3080549418767,14.255356261876557,56.73518664400297,3.4878163065453514,1.4736493228467484,4.087185482772991,0.4310425577143115,1
3.889106956840228,233.7643427207269,28689.595777682935,7.724432299963912,333.073545745888,410.38726383770813,15.611859296305228,54.29944409418921,5.013463351103733,3.110893043159772,3.1139862982905657,0.4947797477916203,0
10.258615434291345,213.87687254040787,16786.925405599108,6.624220206292342,333.073545745888,411.2169780969667,16.59093153291093,67.74551458871626,3.505078834160683,3.258615434291345,4.733396190071017,0.3992675030865249,0
7.79278353049359,187.912476009474,21093.932204726243,10.585501376330653,390.4090696859542,463.0193727210285,11.462824962182369,80.92139826337004,4.047380786186089,0.7927835304935904,2.832158063592011,0.9234634994244748,1
8.447404488438133,163.94990452649685,19583.05734941433,6.4331838879421674,334.6558858618443,547.0238303166198,18.238711235469225,45.66831799237244,5.218307110261475,1.4474044884381332,3.4951388170437743,0.35272138761153393,1
7.371050302429531,214.49661045715655,25630.320036999725,4.432669290372123,335.75443859606526,469.91455147923585,12.509163940498697,62.79727715266126,2.5602991476149146,0.37105030242953063,4.885819325578601,0.3543537327596712,0
9.341091803370398,230.43005585779156,18254.11065602348,6.113973911925935,333.073545745888,294.58283245107896,12.908754747857586,91.85652703828244,4.598786500022123,2.3410918033703982,2.8069909183225983,0.47362999435020275,0
6.648005459996722,191.84180146168097,15176.290678276642,5.661662590307018,333.073545745888,471.04712867160185,15.43828676565181,56.5323871527517,3.829783554180682,0.351994540003278,4.031111031767836,0.36672866034428275,0
7.036752103833548,240.98418696724173,11429.201199049396,5.515977391526619,267.6808262005893,323.15751749647455,8.666283307777974,88.67926504506677,3.802426744491779,0.03675210383354788,2.2791447701621697,0.6364870105376118,0
7.16046723080874,183.0893100379288,6743.346065530401,3.8030364235979857,277.5990986210596,428.0363443504035,9.79962468961304,90.03537367362071,3.8848910441472793,0.1604672308087398,2.5224960123091464,0.3880797638657724,0
7.899256515294086,187.70065418364032,32210.816300635033,4.996763122252452,320.5323627298305,400.1498057970947,19.873604273657577,46.91334159337469,4.448170569609338,0.8992565152940859,4.467814238424932,0.25142710914539756,0
6.047651488718149,177.4442640966961,28633.846384957353,8.174384531897086,333.073545745888,386.66120497092567,15.51492959307842,30.556310466560685,2.589867902857387,0.9523485112818513,5.99062353154667,0.5268721302268586,0
7.37533761989264,194.86808270582057,28767.75742257059,5.074145829065994,349.9852426324749,495.037067478959,14.247681984081908,77.09423429682809,5.127394948805861,0.37533761989264036,2.778736443671783,0.35613831629571185,0
5.6092353589411585,216.1226733585991,14825.934501735352,7.001788101358392,355.2116784880666,330.09267420868963,9.77951770968258,41.24997685332854,3.2246755179341866,1.3907646410588415,3.032712786939509,0.7159644875392497,1
7.425102223222055,204.4862816465186,18608.940873849617,7.43449274757963,318.18329661711186,338.93527092327014,16.24475501404072,94.60531109309896,2.5587727443235098,0.42510222322205493,6.348648468853004,0.4576549343772122,1
8.860450853927205,193.7431051543707,24085.11214024342,6.1831095178272095,333.073545745888,526.7049237128014,9.901327631938614,81.33933980941578,4.677713326887139,1.8604508539272047,2.116702077129112,0.6244727094384502,1
7.369988620741592,236.4767207245789,18998.34682299137,7.4044345244422125,359.93056566019067,357.0662032160293,18.020331094548112,58.271257062521435,3.463852437148298,0.36998862074159167,5.202394218325758,0.41089334456174403,1
6.284248242254425,190.0176485856823,12206.681209872297,7.910711202319294,333.073545745888,395.26106339200066,13.2461395604044,58.92772621042984,3.377132288772658,0.7157517577455748,3.922302860962413,0.5972087617706651,0
9.032563450772717,156.26564902601365,24897.557030423013,7.63963391510834,400.3224341668411,342.7460401235475,13.599564374039574,62.502108438168285,3.626135877904554,2.0325634507727166,3.7504277505096253,0.5617557403482731,0
8.757110512347623,185.41936691177852,31040.884494348615,8.544763659111414,333.073545745888,408.0957972423192,18.23522020383126,72.29966227820398,3.808793010243389,1.757110512347623,4.787662487073171,0.4685856872038459,1
7.266781485544794,178.2577102462834,27468.681706961735,6.043959345191263,314.3906280806606,400.62498730718914,13.665327972182354,87.13187298667233,3.9198270449578096,0.26678148554479364,3.4862059803262206,0.4422842185134781,1
6.748811549804483,166.3909150570301,22475.092960278744,8.895421661297222,317.620345847308,527.4596400372888,12.8192698817453,55.53626279851302,3.3125127658902267,0.2511884501955173,3.869952183670447,0.6939101095027443,1
6.7391576920220535,156.48275940474178,30950.681099821508,6.543089824078055,363.1796235138332,425.288836697235,11.653457753679334,70.36704881802933,5.214484016180421,0.2608423079779465,2.2348242861028336,0.5614719168257418,0
3.889106956840228,154.71172445985175,21839.69595639051,4.965722327957003,333.073545745888,437.3771805962571,14.689350595981807,56.49007684901041,5.978053939752291,3.110893043159772,2.4572123782774202,0.338049116430391,1
9.495456381941786,185.87859436173136,18088.354849646388,7.52737530907068,388.76865661556434,409.45099774475665,12.397703528468355,63.359143729196006,4.168541279325788,2.4954563819417857,2.974110059997649,0.607158792322068,1
9.46266601699853,225.3993069787851,12224.624603764092,3.1462213405647073,387.09872005511255,485.697274121007,13.204393795237593,62.29769896087993,2.850183765643185,2.4626660169985293,4.632820283936165,0.23827077191750204,0
7.935607325113079,207.0168520738294,19657.84331499779,8.604504846292835,312.34360712597277,358.8490033061344,21.22812723710723,63.77183268904524,3.61965073748165,0.9356073251130788,5.864687759125845,0.40533507006293534,1
5.48605860232047,186.69563195705484,16639.215178592203,9.80777955515082,333.073545745888,355.94243139204485,12.254261935458658,66.62248509808484,4.557707495106894,1.5139413976795302,2.6886892719476685,0.8003565458654597,0
5.8217069136202575,220.1254225517984,40009.72361003089,6.631835991821185,333.073545745888,493.1183455683015,12.420833844653828,49.12930147194314,3.908198846408604,1.1782930863797425,3.1781470581827618,0.5339283610775695,0
7.036752103833548,192.9703798010064,11125.443536741795,4.9549231765651935,324.75818371446957,332.95629802121806,15.164574140798264,79.26457468709691,4.699120987045171,0.03675210383354788,3.2271079964735745,0.32674329023795956,0
8.692092012708041,195.1437387840549,24656.239679444578,8.23190033837729,333.073545745888,398.3454180035162,12.380770792752344,48.440724865546855,4.477960248233931,1.6920920127080414,2.7648231207081597,0.6648939562230048,0
4.281522088672812,188.78357657425528,22330.466787311063,6.9576761985003,325.1608189718765,306.69250419342893,16.274856570389716,82.59522269221165,4.3711671683417785,2.718477911327188,3.723228195213467,0.42751072741545915,0
8.176079615301635,201.55370076987057,21856.988628005776,5.241047394363035,320.260119542225,464.80333023265456,15.627640701192774,61.654743957355265,4.11232245771067,1.176079615301635,3.8001973487495753,0.3353703325539524,0
7.080193059013201,185.82572638319968,39431.112653235316,8.806392748957961,286.2238756655379,355.93759648346474,7.781493373146191,39.62383474483449,1.8487974931046152,0.08019305901320095,4.208946189738089,1.1317097110997956,1
7.074251443801101,208.9203689453257,16739.266635207718,7.861469473377642,333.073545745888,518.9771529514926,8.881999343581867,78.41901892925169,4.8789441157900075,0.07425144380110105,1.820475355387079,0.8851012350003273,1
5.628313271623295,192.3407436816268,22856.742901309935,7.764692573248689,343.0395092663153,439.0547586603562,15.199905597375905,50.22994366305907,4.0616446608220675,1.3716867283767051,3.7423022259158567,0.5108381767680847,1
6.985303737450439,219.58643986696697,16470.952191630782,6.445512852939411,339.05399154651894,492.90302145928194,15.804448930436251,70.6006825873015,3.0817990077044746,0.01469626254956058,5.128317506303219,0.4078289900192366,1
7.343031939773171,198.53076965522703,14037.039926614125,5.788346417696247,333.073545745888,479.2414672033002,11.090374213876489,61.10024017318461,5.288057553828615,0.34303193977317115,2.0972487541475746,0.5219252104702246,0
6.93781878337901,177.57814191742156,12626.197921957626,7.380882984336822,333.073545745888,439.6249979688188,9.34825215511188,83.16324170039894,3.7240895643464977,0.0621812166209903,2.5102107463791787,0.7895467593644225,0
7.036752103833548,233.85034500527055,21136.286764159297,6.689877624940245,333.073545745888,332.73758653626567,9.745282008835602,77.52994450694155,3.310858508001268,0.03675210383354788,2.9434296397308413,0.6864734065572893,0
4.574124682109073,134.2012886926389,22520.418640021984,8.191827053754649,400.3224341668411,372.20013890001513,11.260913502896074,69.04715947562285,3.086499925758962,2.4258753178909274,3.6484400211631383,0.7274566423222449,1
6.392927840114371,159.16892594184372,21217.158595568453,5.298877261876914,317.25678831069575,305.24360041366396,16.865452985372656,62.1543794564029,3.2713388593703145,0.6070721598856288,5.155518445160574,0.3141852728347906,1
7.036752103833548,206.03629460945027,8667.720239089313,6.329952095601373,353.52938148613,599.5460191383654,21.118938477808623,55.932324254935104,4.128746146713473,0.03675210383354788,5.115096112054119,0.2997286915023723,0
7.308048848275572,274.7049504716489,14600.539521891906,8.105802881560642,384.56485247977776,415.6072777934955,16.761624703623568,68.9372269462471,3.696119711501417,0.3080488482755719,4.534923508170477,0.483592882032219,0
6.099646705468387,237.9199267632531,20416.84099619073,8.457830699274377,333.073545745888,291.1048365690676,19.27005426046378,93.13800948154017,3.1727897691528772,0.9003532945316133,6.073534519771945,0.4389105575959214,0
7.272362197396377,229.0871406073127,16404.75948482399,7.58975362551756,272.27691162210397,518.6094797098389,17.87895558219435,67.10441715394174,3.996581369976495,0.2723621973963768,4.473561139764398,0.4245076378269297,0
7.694264581971543,184.83630056639765,22673.0344718994,5.701063334216145,333.073545745888,439.6330268963013,8.857705530972908,64.97557391582566,5.707192759327155,0.6942645819715434,1.5520246735091012,0.6436274801249207,1
6.139493740895693,236.67402586960628,8081.466471091589,6.2508080744554935,333.073545745888,416.2388205815028,12.777013988544866,106.03722245634468,3.260906852708671,0.8605062591043069,3.918238283836094,0.4892228803096504,1
9.158445163262003,186.67297297271335,15797.030395803244,8.151080662487415,333.8122637665636,425.75201760468025,12.182638877167337,106.69503986064285,4.525236730798256,2.1584451632620034,2.692154446219184,0.6690734311012626,1
9.630665479903348,152.8624334841574,23641.70256530387,6.925706079789448,333.14831765902477,417.167072927369,16.67018391749724,89.99757421954396,4.920091157959163,2.6306654799033478,3.388185298629035,0.4154546643642889,0
4.317187353941982,225.5145731412644,27163.4578756059,6.888135538142039,325.93367938915185,446.3413191739494,17.15294540979761,43.38591414316303,4.078277144763918,2.682812646058018,4.20592828662758,0.4015715652331075,0
6.519847784240155,183.2259977881614,14284.647917118657,8.389077863338056,373.09157545766817,495.4179535419933,11.638474778395278,58.66164899826887,3.2722860861005483,0.480152215759845,3.556679005283847,0.7208055438763605,0
6.897322141100197,211.36016672106155,25650.777643120266,6.766009906754591,333.073545745888,383.0143101678532,13.93478804138067,90.52332986300934,5.022783630004574,0.10267785889980274,2.774315258937945,0.4855480686978674,0
7.605674820650833,210.3714356124308,9583.710441307565,8.50940333925466,371.4716904747934,325.68369121664966,11.781265015041242,86.5134743861137,5.554074526332097,0.6056748206508331,2.1211927996271904,0.7222825907156866,1
7.036752103833548,231.15982406732792,12856.72862340994,6.977018582904689,344.44773731524475,392.51690179297,13.217222686954642,80.95645791823173,3.3082941798432275,0.03675210383354788,3.995176357745978,0.5278732317885325,1
9.352719752960567,207.46516043581175,23558.5547458282,6.504916049493928,346.5165346873108,420.5945918938736,10.986682526950062,66.62248509808484,3.3982641645653175,2.3527197529605672,3.2330268519100103,0.5920727609507938,1
5.49948928649166,230.3087747295588,13902.968646212596,9.619574960906595,352.08433279750574,442.1670062352971,14.740787109276823,66.62248509808484,5.8468269575803085,1.5005107135083398,2.5211597153573937,0.6525821339805236,0
6.9642259425787305,212.76449436191095,29957.191215399744,7.675187645707463,321.25089808107344,378.0855456328627,13.127693679388244,72.08900098383202,3.9904375721644056,0.03577405742126949,3.28978718553931,0.5846561664599234,1
6.532097273862361,163.39624094615655,8240.812709357408,6.6415434448154365,400.3224341668411,601.0329818069805,17.896127996023097,55.02240724056802,4.599324041143387,0.4679027261376394,3.8910335399070077,0.3711162031907196,0
6.46509352906692,241.2681377483696,43958.67812954904,7.420154854034217,306.0203927620434,544.6005667202863,20.76898639142246,89.64650592490867,3.790523693182784,0.5349064709330804,5.4791850924425445,0.35727090176282367,0
3.889106956840228,185.34296149450563,22690.244404070196,8.150954367608389,309.2176506941581,398.3701304504024,10.034950251448151,55.94732217242327,5.3895102460791104,3.110893043159772,1.861940683164659,0.8122564986483735,0
6.145148360574157,197.5410721223073,39657.27210801511,9.900159427394206,288.1578825361206,319.4340325714238,11.587377834236465,106.69503986064285,4.6008857549446915,0.854851639425843,2.5185096811572705,0.8543916246306591,0
5.7398163326022,189.827788557758,15825.44031571446,8.110140336918443,313.0573324042814,425.0167571472066,14.899180757791385,81.3739067620203,2.7225712077897968,1.2601836673977997,5.4724648680251695,0.5443346130519767,0
6.960603501688507,201.7154524876896,11348.675997363987,4.297889825381638,333.073545745888,468.5913884755252,10.4905886425434,89.68619626951585,4.978820187753845,0.03939649831149339,2.1070426606897574,0.40969001474922173,1
5.71625135415621,184.2292949772609,19393.469861937556,5.2991636367056,290.27645455813,502.99368662344625,19.64389585568011,68.23637027968861,3.433135384725815,1.2837486458437901,5.721851291162427,0.2697613246311322,1
6.150595718406801,169.40277647855177,23890.89335794335,7.335960310335099,375.801130059556,373.5482145326483,15.704323150993504,48.299493384357405,4.847520234035199,0.8494042815931993,3.2396605177778315,0.46712995986337963,1
7.036752103833548,193.46241984792323,18519.16249443314,8.021803498102766,333.073545745888,374.3178878103501,13.749362893214824,43.7447051616086,2.676593519083002,0.03675210383354788,5.136886739918058,0.5834308816323821,0
9.166758132730486,184.5574342751957,21736.981798520657,11.09608644703562,304.52852122400714,317.58336710620165,16.77956618034591,51.05228749289746,5.429266409418421,2.166758132730486,3.0905764838986487,0.661285617666741,1
6.930391469669391,190.1893878032867,25780.05907700056,6.259352880963183,331.03025147231796,481.7375593111379,14.04948263854152,70.5863604845371,3.6997960364086304,0.06960853033060932,3.797365774469419,0.4455219168192126,0
7.459144859485703,217.70013025762503,19436.503541599835,4.639115857837833,352.4244392243991,494.094338815866,14.46029464732004,57.196188487342354,3.841052037778387,0.45914485948570327,3.764669351112027,0.3208174971649083,0
7.036752103833548,170.29142616212306,14550.41700543524,7.847403918285845,395.4959538839071,486.3676932685301,13.797577736420635,51.41590959077508,3.794033112326824,0.03675210383354788,3.6366509440682884,0.5687522476368645,0
6.262798867453871,206.88974832096005,31414.525805340723,4.528076190732979,349.73466158479204,567.0272739136024,15.96353977833718,73.02260527159223,4.0125175583490025,0.7372011325461294,3.9784338804168833,0.2836511181076859,0
6.435722716949114,214.72466925844697,9363.85398761785,9.99762356652512,273.4631393655443,508.34520701170817,12.925869662663729,71.42858985087607,4.925339107073759,0.5642772830508864,2.6243608322803196,0.7734584251568579,1
6.153368956728868,237.13982778480295,22052.03461898169,8.090493963325427,306.23917986795703,485.0984831368037,17.07526258936946,58.10825855736369,4.030337485422805,0.8466310432711319,4.236682018428079,0.47381370840812803,0
7.362331186706085,215.63725524898143,28263.310638065785,6.478948476406654,333.073545745888,417.6082144324278,16.55254306872581,56.39934641231163,3.933564969736756,0.36233118670608544,4.208024778553173,0.39141708063160546,0
6.733493842280846,197.5626645967175,27430.441731073523,6.035086878051128,303.9376700929248,397.6849857048673,19.394026670078915,54.510725138101854,3.178003604766868,0.26650615771915387,6.102579788899211,0.3111827507270217,0
5.303764336866174,231.01878381910217,6675.682244593603,6.100064295307396,388.8020447777728,465.83053937185343,14.531245248436164,77.668020274499,4.024520850722231,1.6962356631338258,3.6106761964352163,0.4197894792378099,1
6.380717315013499,266.015410306085,21250.935633712703,4.854334534222753,357.2410268323941,358.1854728641589,23.295426859188986,59.937784919076634,4.532019663169412,0.6192826849865014,5.140185491320691,0.20838142847451238,0
5.082241431687362,191.7670470482911,17739.198960066573,9.111721943377136,309.7875154938142,413.15863613027193,12.307108874891924,88.89255530989499,5.056378662464013,1.917758568312638,2.4339764211642634,0.7403624438233231,0
8.522567732718088,208.13299968727716,16446.32805026565,6.7297754686815185,372.5038427403642,346.37459763742186,12.00217767926364,80.75861774686537,3.3582844048860476,1.5225677327180875,3.5739004379441344,0.560712821273746,0
7.036752103833548,258.4472651656338,25498.329539880902,4.92216687925756,341.0395800188736,425.7970193068897,18.993663252019417,67.40067335298797,3.691946509639444,0.03675210383354788,5.144618985624294,0.2591478302420889,1
7.592672300075482,177.08083947966972,14912.22550624187,6.041143671607493,349.24061445133964,355.28444229142696,17.161966066690923,42.115256925159954,3.3414267280659695,0.5926723000754821,5.136117690812463,0.3520076485481983,0
7.348844511550613,223.26493973020737,11519.046527356591,8.889558679820604,333.073545745888,494.1584340869637,18.145374253777163,73.71552201680902,4.880875156180851,0.34884451155061313,3.7176469291889207,0.48990767925673745,0
3.9285564923233594,191.6659976787863,17328.161457014812,7.692417173913011,306.47955825261965,406.0856141409098,9.578602450484992,45.480738060374975,5.060835979341727,3.0714435076766406,1.8926913650024149,0.8030833736543841,0
7.163999222574383,203.78159785067467,34226.072126574334,9.412034556261546,320.25891722842846,415.5775126558978,16.221043742398706,90.18420845027126,3.3543222667273684,0.16399922257438337,4.835861797609239,0.5802360270704567,0
6.645657377741357,170.26971540321037,23432.109730480184,7.066565050078192,333.073545745888,513.364946339962,20.26467843539706,78.90088800230076,4.17065776273292,0.35434262225864277,4.858867528667861,0.3487133893534365,0
6.618010905584669,233.66163585289263,19598.86073972567,4.70104934575262,400.3224341668411,401.669790618845,11.766146433845847,73.19192050782036,4.437695749140042,0.3819890944153306,2.651408399216541,0.3995402379737179,1
