ph,Hardness,Solids,Chloramines,Sulfate,Conductivity,Organic_carbon,Trihalomethanes,Turbidity,ph_deviation,organic_turbidity_ratio,chloramine_organic_ratio,Potability
0.5375034572650121,0.38079587107137053,0.05549622735370124,-0.8097428575956193,2.0946289933074675,0.9295342494844149,0.5678638811197033,-0.374120288648484,-0.1781926232312982,-0.22252575173782457,0.3758754823798822,-0.8698900981519858,0
-0.7469908822904173,0.9604592575476496,-1.0301912519636505,0.8720041378160975,1.844551573733122,-1.5060644471416837,-2.1800108630985915,-1.6138650735902385,-0.48860415676599,-0.07275637570044267,-1.4512078324340145,3.4220372400601553,1
0.9856049265561184,1.0073706330161174,0.8310551922816528,-0.5987527372492625,-0.022926822079164765,-0.8200516044252337,0.08571219289317693,-0.36003052398155794,0.549670252780165,0.44327612160040947,-0.3629047279721291,-0.5481566960262292,0
-0.23761636559326474,0.6891946744053922,0.0045922090675757955,0.03234249138377314,-0.022926822079164765,-0.6793651754519912,0.7784929091702695,0.5098191025842439,-0.09191043975657136,-0.8295994808664291,0.4619047112695633,-0.5417546376758411,0
-0.40946546518623855,0.18069471999345763,-0.552783217530724,-0.584584860997451,-0.224804152338617,0.6688963129298862,0.6896442971004509,-1.290089375169804,-0.547105961016416,-0.5742612142423575,0.7471847179090436,-0.8050232325647471,0
0.47847062663311485,-0.44142873174500397,-0.24683149175936456,1.1136977621592776,1.5284420583776814,0.7591150866797733,-1.6481465298009084,-0.5365830965152387,-0.5567085827614994,-0.3102384059394608,-1.0224644706341237,2.4284321680696617,0
-0.2157955511562369,-1.3289659506448157,-0.7347031815530639,-0.6600418909838534,0.2906534333859305,2.109985711855697,0.8674909816516057,-0.6497817462983329,-1.2310138507336208,-0.8620214658979062,1.5793243520167044,-0.9070104106355096,1
-0.1385240864001965,0.4395741756427948,-0.8776341112761908,0.08239566287484086,-0.5368057145269161,1.7682754524760995,0.5137807464916666,0.28578559920809155,0.1654915366613357,-0.9768336000146512,0.11560518154930526,-0.3961924181903359,0
-0.027898384939835492,0.7096752198958608,1.0731404412317997,-0.21940464463497256,-2.0984991548144736,-0.2029050199780119,0.5901788412260305,0.3010756193946696,-2.5608086424400036,-1.0626158463416444,3.6270713715315526,-0.5833929265731107,0
-0.027898384939835492,-1.0941065758747863,0.8697943082282106,-0.05519188008105713,0.5236287067168703,-0.6455027706654557,1.6735707702743683,1.3240534528961987,-0.613018592194187,-1.0626158463416444,1.5607349597858773,-0.9057132524572488,1
-0.027898384939835492,1.1797298309256241,0.6249538382639509,0.11682324406092336,-1.0061426471062347,0.78043425433294,0.5334284562403087,-0.49480016648926956,-0.9982522542787983,-1.0626158463416444,1.0347769670873506,-0.3882574299873454,0
-0.5053131684169817,-0.4912798499586987,-0.5043465078198223,-0.4119289267813812,1.0684267323080532,-0.20153893664299904,-0.8153463798635743,0.027981667527932786,0.7265629623261292,-0.4318479780903945,-0.9797974919298437,0.14342017667747484,1
1.13951846155123,-2.5025606854933793,0.19596123543668467,1.0374590374512846,-0.024386023423079543,-1.3540974443244813,0.6969276864800552,-0.8600903439695233,-1.3877807511764273,0.6719652176079974,1.6165588129924626,-0.01444406086546332,1
-0.027898384939835492,0.5995171394767073,0.408436417167178,-0.8501680568680386,-2.0984991548144736,0.018814244750123728,-0.7373566770191903,0.32126170897906065,-1.0810884359399058,-1.0626158463416444,0.02729385126517796,-0.2184465434850797,0
0.8705990162893513,3.129142071099219e-05,-0.3186685876657039,0.15549923890443584,0.28765322459652565,-0.4822998249392547,-0.03707226592043158,0.45177682926532625,1.885712295852379,0.2723970780174517,-0.9418153310949821,-0.05379780446996047,0
-0.1996292543395586,0.04931984117622948,1.6368389436813409,-0.04045461585874886,-0.022926822079164765,0.5290327940780206,-1.0318043411673916,-0.4980838175450057,-0.5176926880622761,-0.8860418082603496,-0.5752037718232463,0.6084197433646332,0
-0.37957934062451326,2.5156631681133277,0.42821259331974454,-0.23409840144671004,1.041314692362626,0.8617299048170339,0.6981746674171642,0.8479498602601461,-0.46589052406090803,-0.6186668658272437,0.6867327290775396,-0.6369191386115578,1
1.0732673940307793,-1.1447908130639486,0.21558666646423355,-1.8107558854463939,0.8339570472672475,0.7772887151239994,-1.5993065605335555,0.08309798127534258,-1.5047378920623322,0.5735275022941966,-0.43590732408058336,-0.28739208513675985,0
-0.09628189536250098,-0.7315139455717989,-0.20043168033584996,-0.2675106190576172,-0.022926822079164765,-0.6615668516352561,1.7268950319749605,0.027981667527932786,0.7588437665041929,-1.0395982456457014,0.5089377159243796,-1.0081476768157736,1
0.481093248315705,0.7280783732818497,1.0457615805988483,-0.20765271810284228,-0.022926822079164765,-0.2827539891519683,-0.4616599915203881,0.2700328134394031,1.4553344501245975,-0.3063416402535808,-1.025906891984793,0.009990679766903845,0
-0.027898384939835492,0.8277224891806635,0.2384322248722121,-1.3014598441748988,-0.022926822079164765,-0.558977772580979,0.4826015603226261,0.0052565816243037,0.33656483915608204,-1.0626158463416444,-0.004424488387492905,-1.0879015378422505,0
-0.9836681560940871,-0.2983603049971103,-1.1228215212003458,0.7513749581952978,0.5595983775550131,1.8548165991716405,0.02578385188892583,0.027981667527932786,-0.8103676167550765,0.278905430997849,0.44652986888914314,0.24363027541890878,0
0.6082400025289061,-0.7307967826171977,-0.9759252806418601,-0.10699158327276397,0.7231759506962301,0.5398855420290506,0.6721613037066516,0.11694458691487217,-0.7716919305012144,-0.11742338636356729,0.930994047497443,-0.5634983229416993,0
0.4811166073185576,-0.34606798151743917,1.0197712112482993,0.5927487730525973,-0.022926822079164765,-1.4063658212151744,0.8717060052014882,-0.4078437824489506,1.5885743253108957,-0.30630693278457116,-0.3772071611034834,-0.3162290411154044,1
-0.027898384939835492,0.28719459291045346,0.6072074922026984,-1.972744874160535,-1.1206018207937574,1.0903201546656862,-1.590044194413956,-1.172338689272488,0.12058990555233944,-1.0626158463416444,-1.2498784633707494,-0.44050758941095025,1
-0.027898384939835492,-1.6000731666008265,-1.0026828624361601,0.5067491934000626,-0.9383417449699673,-1.5977776216896495,-0.47057809536290124,-1.075038968983592,0.04007206774796792,-1.0626158463416444,-0.46859412392559396,0.4708902935373517,0
-0.027898384939835492,-0.7913607352773555,2.0240284453584727,-1.5395460599618402,0.6500124796699983,-0.5722784653589698,1.8106123365978504,2.0161467416858536,-1.4949834940584263,-1.0626158463416444,2.8218757435883006,-1.541551250901843,0
0.7117573740107224,0.5755147883286094,0.6221104567488692,-0.4775346526599245,-2.0984991548144736,0.7744093680956141,-0.5531040037716008,-0.050973245927129054,-0.8363373856694664,0.036385660423709304,-0.0010433790501734159,-0.0990090337579654,1
-0.848448440068862,-0.989840507006157,0.1385938246620537,0.2700764841424925,0.7228003471644321,-0.323569781162857,1.247060023086573,0.8996654757073036,0.3952941776088326,0.07799214146035856,0.44371436677438586,-0.6217329615444269,1
-1.5534141797431884,-0.1601861251485945,0.18555808491341688,-0.16481692813117552,-0.022926822079164765,-1.3816082110500354,1.222116134681466,-1.4690779293425589,-0.46414990596837585,1.1254502336129615,1.0758125748962815,-0.8048811641077244,0
-0.027898384939835492,0.7698718604653763,0.5428768020656383,-1.3863413467720889,-0.022926822079164765,-0.4819543577400176,2.076902510908522,0.2632239100211395,1.1607701363871945,-1.0626158463416444,0.4725649897545251,-1.5327675794995541,0
-0.8287985513832352,0.12635187867943823,1.3365555939390061,0.20171479952400437,-0.022926822079164765,-0.34579970935814314,-0.14487444554444792,-0.17596311321796468,-0.11494490736506735,0.0487957794879795,-0.16191204259277192,0.04243186628838071,0
-1.6673243385156056,-0.41595815330431,-0.03075191908079901,-1.526203255897225,-0.022926822079164765,-0.2962472756271831,1.339939931321486,0.04669809997116047,0.7326043254619735,1.2947011785449476,0.29565097339082574,-1.4358107655864571,0
-0.027898384939835492,-0.17713290533059045,-0.1364101331945347,1.9595710573142908,-1.0849645677624582,0.5360901519032278,-1.538693384550189,-0.39803650924268646,1.2814856704740536,-1.0626158463416444,-1.553806941493044,2.9695052828950685,0
0.8429129234055853,-2.4425990098346526,-1.6407386507873924,1.2864705176813052,-0.022926822079164765,1.8776947873016576,-0.3877444260901755,0.42703294525257113,0.15818926456391422,0.2312602959029244,-0.4725861101704016,0.8893257553911686,1
0.20667314144480997,-0.3421432488300938,-0.6481449752769036,-1.1512098857670998,-0.5316177077698778,-0.10633460360838383,0.5338753499625658,-0.09749210729123556,0.559721408520459,-0.7140828188874413,-0.09395752554970224,-1.029403707256527,0
1.2612810362815208,-0.20718229135672983,-0.9673801666758114,0.019830253737173544,2.0946289933074675,-1.1076671305433121,1.3019140616122267,0.027981667527932786,-1.1855971079816277,0.8528835049016461,1.9087087245658412,-0.7516884310870668,0
-1.2230155702283245,-1.3497508603370172,2.6791991612090658,0.4988362531609408,-0.022926822079164765,0.8191536231011245,0.2569875950410205,-0.5472005811524131,0.25809157710654274,0.6345346079370379,-0.10509018906657407,-0.04188447362302345,0
0.6263118725430874,0.5203669471398392,-0.5897321582939281,-1.5172447610529942,-1.3030631769724175,0.6241878649289915,-0.025370417514738453,1.0242410451473563,-0.49991541206588447,-0.09057168929325422,0.17105446145228814,-1.015884425934008,0
-1.060201750856632,2.1432587404885473,0.9351627811077721,-0.06432766837466897,-0.022926822079164765,1.2695126963055787,0.5356844001031156,-2.3459284014241257,0.12011961836750235,0.3926212169487946,0.15778295587398955,-0.48087696047668044,0
-0.12507170087560293,-0.7372003500339124,-1.3406168716273454,0.2060495912882227,1.354315270115131,1.3738800031673397,-1.1801729640171803,-1.9004144298826067,-1.2076780388526358,-0.9968215360000249,-0.26493400859518285,0.9574942614570857,0
-0.027898384939835492,1.90262695297874,-0.939615908332134,-1.3004934706222762,-1.3694473132564882,-0.5323335552186614,1.0543686428739987,-0.5057629047401279,0.007147728844727023,-1.0626158463416444,0.5801474221361622,-1.2632767228462982,1
0.8925920823643575,0.7788537113333202,-0.6650527732259822,1.51157777782867,0.45266628423886307,0.9157019881454815,2.4043902017293886,0.5923824079116612,-1.5623030795929802,0.3050749994185037,3.5129437506125907,-0.5325776906248317,0
1.0796683042543542,0.5855986469542418,-0.7051922151284716,0.2674944561592538,-0.5303316906136011,-0.843307004444471,0.20474921958541814,0.857008303416022,0.036541411099486935,0.5830381562643075,-0.012401733499445214,-0.13621200286992496,0
-0.025277064977981017,0.07965699064049693,0.0784093848748591,0.5369240584159738,-0.022926822079164765,1.2852856307237208,0.12739789494606127,-0.5020182435434576,-0.05384975232239978,-1.0587210147893564,-0.010634561012551898,0.05747562104593131,1
-0.027898384939835492,-0.46827077040078247,0.6923871365979829,0.3040517243211062,-1.1201955320507873,-0.12651411391494374,-1.7203622394769673,0.4347512180165612,-0.21348300753423077,-1.0626158463416444,-1.2174531680052605,1.8107053276442577,1
1.9676699559654447,-1.8095856693744086,-0.5839621171268041,0.4334609145120912,0.8573137330199245,0.1283025755219894,-1.0127503938739042,-2.043378189834095,2.0140824373773203,1.9024561982805888,-1.4546911005964438,0.9397612527393123,0
-0.571737408107237,0.2700890825642423,0.4823123633659247,0.8342213910620198,1.5703174402401157,0.3560435450359964,-0.09705878966260514,-2.1556051638554097,0.8055105765640593,-0.3331529586547203,-0.587227567152387,0.3781600643153151,1
-1.0004350464918552,-1.3227443821581744,-0.48976623667829017,-0.28848000479349356,1.7725756009608642,-1.2823315984026742,0.9388428890836833,0.07864803255275825,0.11897158148407387,0.30381815233873477,0.42549230939104865,-0.7584395929909058,1
-0.027898384939835492,-0.25252070767430196,0.33537356826987036,0.009299478738959551,-0.022926822079164765,1.5838013113605278,0.8189334103243062,-0.6552900075570097,0.46082030014079484,-1.0626158463416444,0.1361783362407384,-0.5700329842731071,1
2.042295630015377,-1.1485597995781094,1.1995618258729903,-0.6437896006346521,2.0946289933074675,1.4061224441312195,-0.8312976049155195,-1.298084131938583,2.0352810875000524,2.0133371415191283,-1.3715354366450416,-0.00611280577572219,0
1.699008500859035,-1.6624519449369946,-0.12901078992111356,0.3746307763234802,-0.022926822079164765,0.5199525550482752,-0.01747184827272735,-0.007170814738334424,0.5630741330773321,1.5032713877808528,-0.43230500649705245,0.05885886744555145,0
-0.027898384939835492,-1.8683569996737828,-0.14427054830611877,-2.0193719346817485,1.8856142163862548,1.1480539585207095,1.5171658056509407,-1.0432062437779017,-0.8642654019826986,-1.0626158463416444,1.7073302021049324,-1.683009938444532,0
-0.0378285681999044,2.141749231062773,-0.6819378610090403,2.459452063275963,-2.0984991548144736,-0.18754918165518866,-2.727054451479295,0.634959718860426,1.2850355169172132,-1.077370394296163,-2.198294522480054,7.913886235085194,1
0.2628640069361469,-0.4155404031160824,-0.5326566643895139,-1.6037439941426226,0.057459661271028965,0.3120366416009135,-1.3939054066458367,0.9262841267408567,-1.9020096333659018,-0.6305928371031494,0.11227612067522531,-0.28559538101023535,0
-0.5440671935529382,-0.4910682405933728,1.6828451726512503,1.8219544358436894,-1.8329332439137949,-1.4898801505450074,1.1962563356748843,1.7692342843934572,-1.7001655966429303,-0.3742661482969411,2.552729437288547,0.08850257159415281,1
-0.20423495787583673,-0.6508545467358181,-0.042456560192219835,-0.008818192815911077,0.49406861951172115,-0.007358448205226554,-0.5231803991334493,-0.7059547765339637,-1.488691012724628,-0.8791985233067303,0.5809762284161765,0.18259898847012423,0
0.05054971539601622,1.3277157692951114,0.8093614456980278,-0.1927036757245385,1.6428726010884849,-1.1880226651122285,-0.9694514700863498,-0.0032930064166419755,1.5562698825657433,-0.9460554337054959,-1.320802472132122,0.43533555142438946,0
-0.24936821843152082,-0.29454926142579696,0.529287825989092,0.8596827422952272,0.12785120508562173,0.7582389559941779,1.0416439188302438,0.7064515565255355,0.7982433489767795,-0.8121382445815217,0.08334447697294388,-0.2707044860443407,1
0.2165404424897458,-0.8759591754990271,1.789129881773786,-1.8760564254662497,-0.022926822079164765,0.14236045249739368,0.4962970668090242,-0.18425977445223427,2.3090958183090784,-0.6994217031118029,-0.8145884584874169,-1.385280178693197,1
0.34715448237376667,-1.2631351407713867,1.281504735957372,-2.4352364511680538,-2.0984991548144736,-1.8675805353544794,1.0926876102528598,-0.23472882498967546,-0.8773314148592243,-0.5053516578235538,1.3748828131506112,-1.7884274074784805,1
-0.009841689895661351,0.4581472589688493,-1.2268902842896174,1.1213639425434923,-1.0663078917690272,-0.9216770768238935,0.799569684920354,0.08961059885719483,-0.019949961883525564,-1.0357866966722016,0.4262544062076358,-0.028735572150738138,1
-0.24154309888664824,0.025944004583506857,1.4992224179952618,-0.7973489032753672,-2.0984991548144736,-0.46859162034106533,1.062415191290978,1.6265835017159582,0.5225377252257705,-0.8237650291584926,0.2507041414016138,-1.035999443024704,0
0.020022893201926167,1.6711362486032788,-2.0277349758576717,0.702238115502643,-1.2822991649402524,-1.976626466841514,1.2651729923418626,0.14752496342389204,0.5708965395326814,-0.9914130520057485,0.34600579157655603,-0.4386011744543042,0
-0.027898384939835492,-1.1906322149364028,0.5099567955523502,-1.937638679712266,-0.022926822079164765,-0.9051015200384629,0.5285294504262381,1.2362280327312563,1.3342867238670604,-1.0626158463416444,-0.4551811899484259,-1.4254563152729363,1
-0.027898384939835492,-0.30493744031098374,0.4860080135124266,0.8826477752286561,-0.412754387921456,1.3181930381862677,1.7124257746753215,-0.7627632724769029,1.5067352039291797,-1.0626158463416444,0.09627776060449754,-0.535630661446739,0
-0.027898384939835492,0.26155238356315114,-0.9955512544346791,1.2670176381501561,-0.030106203368356486,-0.7706686837785942,-1.7326164685515453,0.6531577474264866,0.3794998103698837,-1.0626158463416444,-1.4259582711962,2.7400366342905094,1
-0.745451273551247,1.5798728725064741,2.056811031219366,-2.5099178268646027,-0.022926822079164765,-0.8661715068058853,-0.31514725902574153,0.7886113940963657,0.30008128648262217,-0.07504397003564796,-0.4943767167043176,-1.4986661350410542,0
-2.292877724178539,-0.5419552338164294,0.786510289372887,-1.1964377300331528,-1.3023928078188047,0.9056824097894713,-1.620880725881128,0.7212416134128941,-0.8035613812161013,2.224166142599513,-0.8828715302856309,0.2876093563815299,1
0.32121870133230607,0.05682651044737497,-0.19721550581888786,0.040119210426490776,-0.022926822079164765,2.172929341942864,-0.15227048210893973,1.2025749084093507,-1.1107859004042087,-0.5438877769557064,0.5567840703658821,-0.04767481781554801,0
-0.35436220002085717,-1.0457376080856753,-0.44903551360218735,-0.3668220521268568,-0.022926822079164765,-0.5544323284984924,1.1650418323927478,-1.4236786338473708,-0.2586212421831623,-0.6561352086128833,0.8593065264531209,-0.8751765654012611,0
0.38575715211417566,0.8097961504369879,0.376409168986981,0.9259275291933355,-1.4438514376102767,0.960240247738458,1.2196780886871774,0.1424389964029044,-1.416764108962074,-0.44799471616995595,2.1432778348686408,-0.320578345903657,0
0.20680005017629322,-0.4941503700626201,-0.16326151572112102,-0.28826065726837335,-0.022926822079164765,0.11850923766531485,-1.4017525786867935,0.18373699430604176,-0.9324711696451179,-0.7138942542944748,-0.6336291791516775,0.8222080155516345,1
0.8286388215858869,2.451356788019715,2.180050903903232,0.009709821628501118,-2.0984991548144736,-0.12598706615092964,-1.3607471464835055,0.8526901539461552,-0.4564648458462069,0.2100514305385444,-0.8528472783353642,1.0192500617249276,1
-0.7051950853976624,0.11011275420018866,-0.632244969458909,-0.46285992850588414,1.014418415884019,0.20611852910966552,0.5356261527366363,0.3946225893091331,0.4226164313208266,-0.1348577562491024,-0.018989082445252506,-0.6822167798184207,0
0.15238081482538682,0.7292253008396056,-0.43647689044318433,-0.7071435474713912,-1.7782075368298498,-0.2637488515798107,0.5681790128750025,-0.8077286450166866,-0.6044088841936326,-0.7947518977643506,0.7024310341014275,-0.8185130958221257,0
0.508124397653181,0.6374660480669382,1.540366418883199,0.42848039886280964,-0.8551702242464746,0.23976112561692117,-1.1168910264090282,-1.8926552758895985,1.0932904525169342,-0.2661779918374111,-1.272094626155381,1.0547625176262723,1
0.1712052751639893,-1.192380517648061,0.15395804311822375,-1.902700844199159,-1.8027543288913046,0.10769242369942494,-1.0313635305475717,1.4024320327538602,-2.256949657518633,-0.7667819806430107,0.948014438138749,-0.7770702177437028,1
0.8358409032843761,0.5125578565803398,0.3008411960452663,-1.0891291254760147,-0.022926822079164765,0.2197806018696115,-0.5680181161645177,-1.1380437280028306,-0.3703471871282415,0.22075248781107493,-0.3140943916828489,-0.48772336255827614,0
-0.7398291551943998,1.072385237864124,-0.18102895587838463,1.4379442270479887,-0.8824628613984485,-1.169445169712109,-0.5119414945074543,-0.7028608667934397,-2.2619836957285413,-0.08339747295997407,1.586112372841359,1.1044716261753116,0
-1.1964871976846263,0.9463591864556706,2.6791991612090658,-0.02869158853027596,-0.8243706858900687,-0.09559144083598259,2.3374542231631383,-0.47368514021633396,0.15121917800266568,0.5951179995421783,1.3246285882894189,-1.0789955867707168,0
-0.14324766167093295,-0.17980297146007765,0.017079085178484377,-0.9504573593375247,0.9455965546451236,-0.9753032879984415,-1.4393836926091375,0.143435656053498,0.7358736370473948,-0.9698151778945769,-1.3528477980008442,0.306856074783118,1
0.06913069097208492,1.6911734479544243,0.06973188018910383,0.3730778793123222,-0.022926822079164765,0.4332154712305806,-1.935810012751869,0.8721002126988366,0.8355123027808784,-0.9184472931507021,-1.6709163885162313,2.2880519382225994,1
1.083340780898973,-1.3498700176698377,-0.21690180388099325,0.350035736231408,-0.658626596461534,1.152987750343624,0.15502822311551673,0.5125120263371661,-1.4040392183741917,0.588494826231595,1.1309818004291738,-0.06214334635847791,1
-1.0243845218430638,-1.8117529842816622,-0.6123392295752306,0.4756389471026412,1.7865225682983659,-0.11520393974801396,-0.30610838485266223,-0.007284123907829148,-0.130951469825589,0.3394029621353383,-0.26468209769170364,0.3209419009998216,0
0.30533298434468853,0.45478681129767545,0.21842378621654254,0.021463585313528755,-0.022926822079164765,0.7069848710471491,1.1612043945052244,-0.8535637577449872,0.6188948695851629,-0.5674912258495678,0.2544941160491836,-0.6999456919753153,0
-2.031038726052733,-1.4686693980199217,-0.155466546469572,-2.461144277505947,-0.9755663221912902,-0.00892078583057493,0.5529915801272234,0.12988006553503287,-0.4962216380459291,1.8351183321985305,0.6024967809625661,-1.6956393756148005,0
0.774070146901186,0.29290654062570526,-0.7187969367874492,-0.06758747798996353,0.05734429745155368,1.5843190487642915,0.179279880907411,0.42437643368479094,-1.5112309044630505,0.12897174586771448,1.2794742687892775,-0.30414120623101193,1
0.06401069993680328,0.5183515128930775,1.2720105691347556,-0.5268535826412477,-0.022926822079164765,0.7825043612418106,-0.48452825277099487,-0.512363548438333,1.3188894568844323,-0.9260547210579533,-0.9947123509119461,-0.17751864859909858,1
0.1684058623825591,1.5214856719948355,0.05186224906797739,0.3845369360039757,1.1095605985434753,0.6126384343625092,-0.5481382150842513,-0.3474628275986361,-0.34287500548030503,-0.7709414275581745,-0.3155635512565317,0.4572308439919801,0
-0.07479688988763006,-0.3353766753039573,0.7137988290817627,0.06371689730259267,0.5019942910550915,-0.17070945500357554,1.7102586695910875,-1.9373995787859468,-0.9621990411669468,-1.071521276196084,1.9813265546113479,-0.8684380713423415,0
1.823915311966074,-1.2483995991089318,1.4120901814985345,-1.585314890082537,-0.022926822079164765,0.7136295413191572,-0.9832679107566286,0.027981667527932786,1.2722450217422898,1.6888614706684077,-1.2501691374246384,-0.5725604227443511,0
1.4617487342407711,0.4114500578583174,-0.5769609014010739,-2.5411298579174484,-0.022926822079164765,-1.655821653461983,-1.8928546650010278,0.2583349113336771,0.27419279590386003,1.150744096736401,-1.4967449461270124,-0.7269012266915174,0
0.26600424597033817,-1.442294939522136,-2.057699554776035,2.214350989659246,2.0946289933074675,-0.896031071743063,0.32905888216882573,0.5533892663129975,-1.5808529997533358,-0.6259269808741976,1.5121904428454258,0.821468117609515,1
1.0613811286727832,0.4137453690114773,0.06347008899603886,-2.5411298579174484,-0.36670103704423823,-0.1755925819014944,-0.3891065230482559,-1.4977025189193511,0.7959393143967495,0.5558665520748881,-0.7544608909179171,-1.4947571826092632,0
-0.45403086073854354,-0.9425933763176443,0.3521964404803583,1.5221809540185203,-1.4607211023731528,0.6404666644346378,-1.090208216388454,-0.03445655695029374,-0.5430766903442831,-0.5080446854464923,-0.6055890732310021,1.8517474232996387,1
0.5457704124098124,0.20853119653127908,-1.24156371594784,-0.5560797654366585,1.9235961438603153,-1.1111559923095937,0.6108073764492985,-1.178668689379029,0.3614152417567489,-0.21024247529394527,0.0627787524156158,-0.7599353573843081,0
-0.5240339591370619,-0.3093527670005515,2.2404249987650275,1.6100498392090818,0.9662523239634118,1.1025766519054843,-0.8332922227344701,0.5734437740071145,0.5183122823627739,-0.40403209622881325,-0.9132827123649322,1.5773579432329985,0
-0.5169137541328256,-0.17063416210846774,-0.8212072315989141,-0.615020508404731,-0.022926822079164765,1.2413360472880424,1.3993479043854553,0.2219046409194207,1.6071049698188182,-0.41461149878661435,-0.11256008938316188,-1.0581422475333506,0
-2.0031890552259957,-2.2857158830266515,-0.44195522027292966,0.9529299242095821,-0.022926822079164765,1.497315710144512,0.4297859579566989,1.6573361617018076,0.8269542301761126,1.793738501336496,-0.2888693966634155,0.09475442446855413,1
0.4342258860973743,0.28133101562265744,-1.6727815615297121,0.04281705767893725,-0.022926822079164765,-0.40424010791079973,-1.9374097428576358,0.6578016503933979,-0.32798255957821587,-0.37597849641642994,-1.3301197549297883,1.9535663014248292,1
-0.31453595382524946,-0.4954464008189681,-1.4048554647367184,0.756163086055657,-0.022926822079164765,-0.3313796695021261,-0.5096033872041283,-0.33164685750473577,1.532409077555005,-0.7153101748699993,-1.0746992109053528,0.6639181251773479,1
0.4372406532754613,0.7884676093683635,0.4244264331373926,1.7927662834734621,-0.022926822079164765,-0.68241821101328,-0.6763897137099534,-0.9229619889976678,1.0396774053715612,-0.37149906983024983,-1.008269776919833,1.5153658185671723,0
0.8222258873336996,-2.5025606854933793,0.07376947926110879,-1.3539026875451807,-0.022926822079164765,-0.24148399593548672,-2.2987864808496825,1.601319399555727,0.35107611512028813,0.20052291092566318,-1.7764064540181626,1.1014491947742047,0
-1.3395059005961785,-0.12295185418941076,1.4388680083601697,-0.8526226039748186,-1.6006080958792264,-0.5878665765002657,0.48616501113010896,0.9237942805823313,0.6176704009300622,0.8076192450113272,-0.15296716921812137,-0.8600227333258567,0
-0.027898384939835492,-1.1189193751252777,0.436961558566919,-0.20366179632087675,-0.022926822079164765,0.49166053992277187,-0.05107147307675044,-0.8946233115647798,0.6957500812439028,-1.0626158463416444,-0.5127506231756528,-0.2512524798630416,1
0.2137791955111476,0.7510301848543848,-0.49223085217649065,1.4799083591746498,-1.876542768910147,1.5291955692849377,0.16870365890493202,0.07207090523504471,-1.0186224730962916,-0.7035244421945571,0.7466128905979244,0.5469588059320388,1
-0.22124354441512345,-0.5276059454762058,0.2283913494048599,-1.1415545541311638,-0.019001960431689516,0.4178812319043159,-0.21819156532514636,-0.3626767194168964,0.2215127209910056,-0.8539266829831367,-0.39336592939698334,-0.7105316172840245,0
0.19043539694241118,0.42749381857349905,-1.0509692932773163,1.1219623125405889,-0.7601308210478617,-0.18758471142718663,-0.5743231425365981,0.4728426957559926,-0.07029890625606974,-0.7382093202479207,-0.48279610447503357,0.9615601630745236,1
-0.027898384939835492,0.5089901708483896,0.44196933875556216,0.9445345392865762,0.1530926484467031,-1.2100881819031175,-0.9817452605730123,-0.11085003149139482,0.3160322722816492,-1.0626158463416444,-0.9274157369042886,1.2803226702044217,1
-0.027898384939835492,-0.9406551762214574,-0.8183404980633041,-0.2004945769704281,-2.0182156695625495,1.3455585053647903,-0.13224475220699958,0.7334652222329802,-0.6938401007462597,-1.0626158463416444,0.22975469711586494,-0.20132181693911425,0
-0.4048507570337521,-0.8612299979586125,0.3866286419135132,-1.601780835860674,1.3165484719565486,-1.6339425199405202,0.24865761227456132,0.5091635512037893,0.5539630969190186,-0.5811178785101523,-0.2653259539805585,-1.164574415104508,1
1.284305825843705,1.16813399935143,-0.26584315552619797,-0.3815645823372353,-0.022926822079164765,-1.7661615100826615,-0.3596863171451085,-2.554563136600393,-1.9273304917583782,0.8870943903244786,1.2621201722861355,-0.1681029356633405,0
0.8847522064280432,-0.6105226592254717,-1.5587599799525653,-0.8374067677895334,0.06518299097167538,-0.8202241920332701,0.026303011407812264,-0.9853143567552506,0.6275643069712934,0.29342628937656806,-0.43558981125861274,-0.6528880907260265,0
0.8892187749092798,0.30111307212661953,-0.14793069249422727,1.732264707552629,-0.022926822079164765,0.6349223093495916,2.27677156344579,0.8924283501747703,0.6286392947621349,0.30006284351888207,0.9220979251499564,-0.40766526847189033,1
-1.16566269719491,-1.3915350173189875,1.8391196074199374,-0.8524801844892582,-0.022926822079164765,-1.0468385361860355,0.03919979348754116,-1.6190709295409071,0.6470529673573536,0.5493180823867273,-0.4367676034694402,-0.6675258265802866,0
1.1993276047426393,-0.5400891021726368,-1.413959124597453,-0.3443866467574551,1.092729450709053,-1.2908109133888521,-0.10611349683061487,1.2647157736585959,-1.4565036457815839,0.760831339030433,0.943921654582828,-0.3007057432723062,0
-2.292877724178539,0.34174953954261716,2.6791991612090658,-0.9268464489907758,-1.002168030561687,-0.9463555019396357,0.522633131075356,1.3202270150218647,-0.32439816383961295,2.224166142599513,0.4485428376725748,-0.9117681113317104,0
0.6848415654323694,-0.10078368807858766,-1.644563041627382,-0.6580538882016806,-0.022926822079164765,0.16252605540902954,2.509548820671526,-0.2699836516937812,-0.6348227350289375,-0.0036066114209490096,2.2300843435928663,-1.3474228097875425,1
-2.292877724178539,0.6279236105795085,0.14059273652385146,-0.2213633203303675,0.3215779813950906,-1.0758471080094671,-0.8459577282020121,0.8098451223739709,-0.06520895283996705,2.224166142599513,-0.6718672530235174,0.30292505048504165,0
0.29881535712191315,0.18611798481619868,0.549709379566428,0.003698325392130466,-0.6570868907324469,-1.5065694181587967,1.1356575659068855,0.0753412650868904,0.490230453339986,-0.577175301247734,0.31518159737223633,-0.6983949221404026,1
0.1450825507910229,-0.05262528050061627,-0.4149726319968593,-0.6358402420905281,0.348831060646036,-0.3121154474698868,0.3617793288893291,0.6971126842674171,1.2328267862840667,-0.8055958654797071,-0.5043219581740128,-0.6965660122386148,0
-0.2278696809346624,0.6806509345324575,0.08251641189416935,0.05214377962653392,-0.9169735568006785,-0.5621433286379445,1.391921650430035,-0.7988204780224737,-0.4296997344668975,-0.8440813813940051,1.170899118698943,-0.7691150322616126,1
-0.1651164597205427,-0.5898932408575936,-0.6193461857948459,-0.6196548459531044,-0.7840582313931097,1.428150735709543,-0.5019949800901367,-0.341436164222352,0.9470502072145686,-0.9373218974504848,-0.8769260843180808,-0.22537438652889558,0
-0.027898384939835492,1.0377076978465634,1.6188893497676295,1.0858179653770401,1.6103806799859715,-1.6299349423018552,0.8091237739521895,0.027981667527932786,-0.1520969411312948,-1.0626158463416444,0.5262217503389212,-0.050782454660929545,0
0.23328907741970406,1.9367681784861785,-0.3841096911222331,-1.0358697961833772,0.19010536636562678,-0.907330497494172,0.2152138142728913,0.4402520342413193,-0.2299565723883264,-0.6745361062627998,0.16224024098738754,-0.846961143190514,0
-0.027898384939835492,-0.3948296087514201,-0.9868064383993654,1.3725441410181187,0.04056776518297074,0.4912172437833745,1.6184961871814265,0.8970500165686368,0.5629970951536173,-1.0626158463416444,0.5664680243233063,-0.29815623376880446,0
-2.104990364140971,-0.6813419444780077,2.2898638121398265,-0.9893153111663846,-0.022926822079164765,-0.03203267878571576,-0.5301845655809613,1.3230965490707904,-0.606847457401946,1.9449977736863537,-0.14003102357982497,-0.44562375899573076,0
-0.0649998074045939,-1.988758767656244,0.01307302319037739,0.936511846253221,0.2342183348408911,1.3448165502498046,0.5803494675877373,1.6475138461565733,0.35076124583137286,-1.086078059240723,0.04958401443875811,-0.0003195372203952935,1
0.24304918277364662,-0.0031121260480962433,-0.5087188156032376,-0.5159384103886121,0.672689845728905,-1.57368461199909,-0.33383156058064545,0.9306554411508631,-0.880117668728412,-0.6600342648854132,0.21023153366117195,-0.26730827254635164,0
0.640292023392638,-1.4181545124350061,0.40098002413946093,-0.005732251636496568,0.5829918372994924,1.238305304237371,0.46326160060863936,-0.8986887152256737,-0.7502495028793515,-0.06979958461815211,0.745408317230089,-0.4166905419697016,0
1.3102788473985898,0.8099229206352075,-1.5098827860490611,-0.7066481834352121,-0.05664816765763262,-0.03232019379108757,-1.044274047231554,0.027981667527932786,-0.3512019067874397,0.9256858424677928,-0.6717354363299597,0.12366828504341329,0
-0.48759933351659507,1.6831057000794711,0.026167624365629277,-1.4228826570085953,1.3128377681510452,-1.1602794370216578,-0.0374106651567213,1.991070446468482,-0.019570246789400652,-0.45816769643307137,-0.1433824249004298,-0.95703241265913,1
-0.027898384939835492,-2.1005758898409073,-1.5056806933343592,-0.18382158785613004,-0.19679778175832555,1.2077550873686718,1.0317742034270347,-2.195221430644907,-0.1694617017358183,-1.0626158463416444,0.6949281771927184,-0.7448161910324979,1
-1.330233378151397,-2.1877191812018832,-1.6221290523868175,-0.22606242103288354,0.052276659287550285,0.5890389956996552,-0.47195457916024247,0.854169060284675,1.4989355731515297,0.7938418681505173,-1.044829234995415,0.005597271894927257,1
-0.6374198208208866,0.8785052567639506,-0.7691481459702407,-0.7912667734892116,1.0296519128759756,2.752686998868134,-1.2242135900155544,0.3610036470890422,-1.218362333020301,-0.2355601667825897,-0.29639698620296634,0.2222134030075886,1
-0.6335430187460652,-0.03490831292433789,-0.2913667037586203,1.2790003336898461,0.28560414259183436,-0.02889736423880359,0.8961216419499801,1.2217761891500074,0.28685035059975106,-0.24132042926970226,0.28921085721701306,-0.004631136386332426,1
0.712251168585715,-0.7067424277186363,-0.05429974889431408,0.24071211917332844,-0.5863520968420859,0.8579783692726564,-0.8707185438496362,-1.2896084145299325,-0.27982068203171645,0.03711935440957042,-0.5828350493287764,0.652450810792143,1
-0.9898881587582752,-1.1694385373560992,1.1817824503225642,-1.1941374334464365,-0.022926822079164765,0.916560578641734,-1.9100140214366035,-0.6661652819438105,-2.0049251623255646,0.2881472873848338,-0.3573423208915677,0.6496991087005711,1
-2.292877724178539,-0.24409174323147645,1.5103861771647735,-0.20396592287386206,-0.022926822079164765,0.49910568530482213,-0.33605882337192283,-1.0758833160689254,1.0189274253684972,2.224166142599513,-0.808942535378233,-0.07408049119784299,0
-0.027898384939835492,1.0452587650295917,0.07130826821764177,-0.9046021662399553,-0.40341601960652546,-0.481187133321205,0.37452016943213357,-2.062177368536666,-0.1578232658821743,-1.0626158463416444,0.2264910354278218,-0.8425293771348965,0
0.35702772749665257,-0.7417871928987798,-1.5140003576787908,1.5693978640916977,2.0946289933074675,-1.512907275040978,-0.9949296621969673,1.6974220831340934,-0.06882076956026675,-0.4906817101682952,-0.7724759025964656,1.7558515080347497,1
-0.027898384939835492,0.9520041433173673,2.10969084662816,0.9474350397198986,-0.022926822079164765,1.3738926044599886,-0.16106929884304022,0.027981667527932786,1.1453144066752328,-1.0626158463416444,-0.75785403991439,0.4926619723813067,0
1.0383591598660715,-2.151613700140977,1.186549149607704,-0.6763002825513231,2.0946289933074675,1.5663221186829355,0.5192263554534361,1.3739805928387978,0.22326605431165697,0.5216598578105469,0.08458214619756131,-0.7834622331867067,0
0.15574172688454516,0.1820529153226646,0.00690318498500402,0.3289446713411118,0.1897916511264836,-0.6022305831892395,-2.0176492375482296,-0.13993218623081058,0.3397440501856995,-0.7897581592955776,-1.5950485605231803,2.418034418090342,0
0.8730241306439607,0.46952348963365587,-1.2346015102481915,-0.4670756231427347,0.8514969828327261,1.2060672313256464,0.2516669532286392,-0.20588009606568386,-0.5062337059231014,0.27600038171318086,0.3838663655661668,-0.5569086837175145,0
-0.7729286491774051,-0.30457798111284007,0.08415366519901211,0.8175657222463335,-0.08145351336870978,0.21153569841144398,-2.727054451479295,-0.015125209952497798,0.08107404397021328,-0.034217305942677675,-1.994476076287026,5.417944457143761,0
0.38496517872960184,0.3865017466842878,1.480132808359583,-0.9696258502211464,-1.0080806101692055,0.5320929616749016,0.42554422277577725,-1.9899467862233282,0.9249632801738736,-0.4491714526888463,-0.33655746976166234,-0.8965170822311819,0
-1.0702966054929148,0.7645899791966062,-1.5262601335829047,0.7727551576883661,-1.0574169554850137,-0.1875599278067033,-2.3762739302501745,0.9327877730872117,-1.0403829514327096,0.40762043830494665,-1.3978984487919437,3.911273257100071,0
0.3108960959858308,-0.7576772902051154,-0.4081474033349312,-0.1327046088665233,0.5547295484359572,-0.6294506907770546,-1.0959435696180548,0.17192815349347706,-0.34855589191063524,-0.559225396777144,-0.7106461126246378,0.6046188150435712,0
-0.7721859203922472,-0.01727075794954979,-0.6635234012651917,-0.9138350085146886,-1.0019814062951635,-1.1274877026247185,-0.6965461273795029,-1.43812905782402,0.43972894689739733,-0.03532087343894747,-0.7973276033843355,-0.28973031466567895,1
0.5645700895260553,-0.45715400104830767,1.486322384495002,-0.5936291826407091,-1.4666598459965414,-1.768440510517775,0.028215653283886796,0.5616169659079878,-0.6101897940223028,-0.18230938178735626,0.29180812546828017,-0.51635961588396,1
-0.5414703990910599,0.9768427840440717,0.3064517977368641,-0.5461994379905479,-0.022926822079164765,-0.34581062022207787,1.1095890445279526,0.3203495187920197,0.9986107714743834,-0.37812453916570593,0.018270301055110953,-0.937245688094697,0
0.8425165672137855,0.3346506103908237,1.07729841212601,-0.6522130592037115,-0.03260601497653463,-0.7292282938597646,0.9941361513439338,-0.7203988451571289,0.5915761320092613,0.23067137863062226,0.16896339270963373,-0.9470614568212732,0
0.5075522743878801,0.7969478912378202,2.1726857333669654,-0.6203665162736628,-0.9910002921732531,1.6851354022227036,-0.7682747888458231,-0.9444622118014886,0.8088510754224305,-0.26702806881310204,-0.9813965260981181,-0.038235484096125746,1
1.28559276978766,-2.0453774557783264,-0.5124166328366807,0.33587631491319786,0.19936887463974282,-0.35182026660937643,0.7436120618075177,-0.8131092634390157,1.2633745948377721,0.8890065681401906,-0.30913565454754777,-0.3795295025825549,1
-0.027898384939835492,-1.1413846421099039,1.8595652780127623,1.3043980237531452,1.7783026242497393,0.17551151128399256,0.6639757110838109,-2.554563136600393,0.602806424552821,-1.0626158463416444,-0.03756870277841228,0.13495503088341987,1
2.2904868003496666,0.6527147517331826,-1.2995483569671153,-2.349498185528485,2.0137830540091164,0.7982952315949516,-0.44521083736411826,0.39334550985492994,-0.7291781958136432,2.382106622270881,0.009059088226211837,-1.3555871353267164,0
-1.0386989985753854,0.22620953522562323,-0.2896509931478023,0.5972550104880848,-2.0984991548144736,2.8280030422193403,0.45095331424324,0.19411880972734863,-0.5944704262671157,0.3606718176901162,0.6042355874608091,-0.10066600623104768,0
-1.327996957362361,-0.6250280526941342,0.7151855145820795,0.3092455662544672,2.0946289933074675,0.155288768491914,0.045894695427213916,0.4292044495370618,-1.1948793261023036,0.7905189307067538,0.8099572961137164,-0.018336727507345652,0
-0.027898384939835492,0.09513718614440214,0.40453210066530254,-0.7415756271256976,-0.1470000379635381,-1.7390823202325116,-0.14844998866728565,-2.092174728016119,0.20511462225643703,-1.0626158463416444,-0.33965216937094644,-0.5093846569415386,0
0.18527785972031902,-0.22380559082377421,1.2261846464993922,-0.4921312467651054,0.23757297682024875,0.7786869605548826,-0.5291304706854756,-0.29746392711104314,-1.7144852104184236,-0.7458725353445216,0.8178149045339528,-0.12506696692254718,0
0.4888545287776269,0.44646032058008805,-0.3465986072151418,-0.9099952523436058,1.344015882935367,-0.6468423974686337,0.13277732365556932,-1.4776913049890292,1.4864918913468217,-0.2948097095968347,-0.7234552355621342,-0.7426584771150716,1
1.0836184470032038,-0.3134885078259173,-0.14464583191761812,-2.0430160852924195,1.0180258504221238,-0.5397843099123013,-1.3029050411383534,0.03259679878014129,-0.753511635232693,0.5889073904051779,-0.6553536430695426,-0.7149743693253119,1
-0.8487963507957421,-0.29609617161127727,1.7806425937593195,-1.6098360865134023,-2.0984991548144736,1.2814715040848725,-0.8728023295353148,0.7164362376286822,-0.4043622698523463,0.07850907708674187,-0.5184096113901822,-0.6591180987672591,1
-0.9080914556756972,-0.3944594836342907,-1.3652836243065616,-0.37008480972642904,-0.7667556800133155,0.1706493273980919,-0.8642685620749435,0.7307450882911829,-0.32483566836370475,0.16661142580547358,-0.5547229671480717,0.21364548297090422,0
1.4789121124412936,2.2116768480921105,-1.3866026954516804,-0.7062500535915355,0.5778602580880263,1.425790603437808,-1.005717298525981,-0.026249423107744852,1.0269587300589613,1.1762459309008784,-1.1898491381291711,0.09084317506233608,1
1.1430169056342567,0.32680494740007027,0.8991742659724071,-0.6945255739372856,0.1647033893283307,-1.21681618017553,-1.564936966930969,-0.15644373461146374,-0.36627013101289874,0.6771633050588897,-1.0441493620133735,0.6713986585583283,0
-2.292877724178539,2.5156631681133277,1.9962805709342755,1.1592404023722238,-0.022926822079164765,1.0780181277275496,-1.2538503528785558,0.31704260586230887,-0.009978439291673144,2.224166142599513,-0.9748529101747403,1.8055388187871388,1
-1.70909352530521,-0.0377551438572373,1.5591116819463162,0.5148413421070774,0.04653111680192167,1.3843447423174913,-1.3476025588058447,-0.09475373548705265,-0.6331454323517914,1.3567630210475585,-0.7549758472754258,1.4179989977553489,0
0.8636913132154197,-1.0459153996700816,0.02114844686275182,-0.8785721881402764,-0.8229328855849684,-0.94497995031858,1.763519773834709,0.7948708849374588,0.9624545070863348,0.26213341685525154,0.409668840968269,-1.2653347999909714,1
-0.30640912798304804,-0.18965135115014675,-0.6571173043157083,-1.190945694077254,-0.022926822079164765,1.6911277090715071,1.2712843004764454,-1.5089668420808613,-1.1439414839348272,-0.7273852432213511,1.8296738364720644,-1.2725293409588816,0
-0.027898384939835492,-0.8192420349740195,-0.497544279403131,0.7716748239082019,0.4877639247162004,-0.661833281399242,-1.0011630948110937,0.48498794282497754,-0.33097218602373996,-1.0626158463416444,-0.6506732588111869,1.1762778585306373,0
0.5686360941002929,-0.3666963839219593,-0.6622922587686421,0.13212015083213924,-0.022926822079164765,0.9682684420160287,-0.969549554208558,1.4112415895494155,-0.30270213618414205,-0.17626799685993794,-0.6421597903659277,0.6725996063882019,0
-0.26770905945891504,-0.45439615416000984,0.28941375076249715,-0.06735137634412035,0.23717964335149963,0.6411870129441123,1.77297796371917,-0.7917442030891513,0.3220291709612309,-0.7848869027504938,0.8264576051569015,-0.940553730972727,0
0.13386183548624794,-0.5249656965160988,0.3648877198945505,-0.8182208948803027,0.4870496792411832,0.9096105848647917,0.919065424284178,-0.9810318210319183,-0.43434428380223533,-0.8222679225518092,0.8249430588827494,-0.9991553188281276,0
-0.08470868232327733,0.7148837189114295,-0.1883386998330592,-0.03899501227916992,-0.8550427545541772,0.04386919137023478,0.9615735083140127,-0.6296639197645217,0.7904653024381694,-1.0567940538501415,0.040508439326980485,-0.6510094262300219,0
0.44323459040873686,-1.3033568962313022,1.717734468604226,0.3686297663969736,2.0946289933074675,1.3524113865190703,0.592019542926459,0.7355132220716198,0.08851229021408029,-0.36259310802137684,0.21496267064900498,-0.29047233085955193,0
-0.47522008652314063,-0.12991140264656953,-0.2938283676177079,-0.17268095297560296,-0.022926822079164765,1.2636290577698028,0.5330194542657546,-0.23599283269859245,2.70259178679623,-0.47656113274962186,-0.9122250598724108,-0.5344158468990268,1
-0.027898384939835492,-2.5025606854933793,-0.8569076557200891,-1.0992557552310063,-1.6563929666645045,1.0466359602102566,0.2258211679433943,1.3223104977239293,-0.10063970039642987,-1.0626158463416444,0.0860207742033334,-0.8855664807489131,1
-0.5029469365376076,-0.5999486561449391,2.2611372461679213,-0.2849735276120779,-0.022926822079164765,0.7313244864289019,-0.23849376427786317,-0.05310964852703932,0.24182638691417277,-0.4353637925342352,-0.416682316719915,-0.18619629611035615,0
-0.2834917915838418,1.3221234605874799,0.5008817592795856,-0.5189712410271794,-0.7734997694407308,-1.262509131619613,-1.870315372645226,-1.2977387498985853,-1.309283002291275,-0.7614364716867537,-0.8184000124130463,1.2672520746563276,0
0.8983653212729901,2.069059346048585,-0.06285648094974355,-0.0243640884953747,0.5203159929132193,1.3760065346193786,1.0400799400170269,0.3973411551223932,0.2317809774468439,0.3136530415451624,0.41721512167564484,-0.6748746710796991,1
-0.11788451792869803,-0.5462687748994146,0.44029979245683776,0.0702477365525426,-0.46645998602597566,-1.6032359737978683,-0.7360018914101677,1.8173900490195654,0.8276654602153826,-1.0075004562848526,-0.969208846110474,0.40923783780325235,1
1.793406876065315,-0.738536823463005,1.9750880338610601,-1.2581491434571404,2.0946289933074675,0.8008380702451223,-0.4173189221577574,-1.1431720288475826,0.28860223704953686,1.643531171244308,-0.5544302728986963,-0.6804758793876217,1
-0.027898384939835492,2.0257815033763777,-1.1682380284399965,-1.1872892344304538,0.07049612363664388,-0.04681008106852359,-0.5957512922208188,0.25915483787389515,-1.4903860501550985,-1.0626158463416444,0.5132905240476573,-0.5355552216065433,0
-0.5903804089617727,-0.7155759858924478,0.42214208574884665,-0.5646352530116973,-0.022926822079164765,0.6719700910377437,-0.011575599298839848,0.2915009802439526,0.2838141577281457,-0.30545265918185155,-0.2916842659202869,-0.4793812446542946,0
-0.18644695181762957,1.2829608987995178,0.27233633268545443,1.01869695294365,0.5028853118092216,0.6100166586714916,0.7014956868200639,1.7273689100602982,0.38749932831141537,-0.90562844725954,0.10502157706315564,-0.02608599239063064,1
-1.4651461332538633,-0.06764490104526735,-0.2907360249533137,0.05107443980126071,0.17099663916085145,1.090968062262149,-1.0805739621089026,-0.32663532957832364,-1.090157212516416,0.9942990664421169,-0.2612846987761869,0.7275966894350241,0
-0.23609908438063243,1.697294152942383,0.31537208286433194,-2.5411298579174484,0.76920391398535,-1.0973459972973203,0.3305420588591438,-0.40015095715830173,-0.7676700871226102,-0.8318539003293905,0.6549075831478847,-1.68772151276139,1
-1.026762949077505,-0.9301502957596032,-0.8485728435675138,0.39719913230586557,-0.022926822079164765,-0.9925873924034456,-1.0924333768496977,0.5874574726890969,1.797546255629715,0.34293689678365546,-1.4438030015557923,1.002506220873722,0
-1.2054536678349792,-1.7585311960366057,-0.5318713934558411,1.8836137332914122,-0.17140394725524025,0.5585537718253871,-0.9196916778480315,-0.5976261850587201,1.0956321125831918,0.6084406352228436,-1.1627111567419413,1.8831530504537433,0
-0.26468776125264337,0.08615262136874773,-0.512214132610805,-0.1953183532150227,-0.022926822079164765,0.33357866500711814,0.09579419640115715,0.9806026116158818,-0.19449557129812037,-0.7893760333236014,0.054766242956880214,-0.3291446060038476,1
1.5090305465118352,-0.9724514953128175,-1.2246923424241358,-0.3176710603719374,1.2202695710384286,-0.09181720733844734,-0.28042170577073006,0.43802832673780984,-0.36993428076857976,1.2209967545433544,-0.1042471486214913,-0.17962231168470683,0
1.2742012926144837,-0.25635234069120083,-0.4773127237482393,-0.6768589876863448,-0.5243156876224825,-0.10463416345873278,0.8665469648547681,-0.3833136231300107,-1.3501071662029125,0.8720807882404079,1.7257492907440983,-0.914635257415678,0
-0.3311303912638969,-0.5454184614092712,0.5312450070885235,1.4048807001034438,-0.022926822079164765,0.8498473569114282,-0.45317911097825947,0.7794334431122653,0.6175644587871404,-0.6906536890273521,-0.7209125668172033,1.0254226677042948,1
1.5650620904728079,-0.3815337571493759,0.10679323461712145,0.18354706065710033,1.2975296883228786,0.10740084299759323,0.34446564348603465,-1.3815542103339602,0.029088025571834368,1.304250011878723,0.08618600180025004,-0.25812785906450597,0
-2.292877724178539,-1.5458037698041742,-0.06009824108463725,1.298000976920219,-0.684789894649674,-0.26613945309588144,-0.8394237520637945,1.1032074684796107,-1.488862568505678,2.224166142599513,0.27886623158742097,1.365511444531685,0
2.2904868003496666,0.13674891994475072,-0.4484887903685715,-0.8128328378959028,0.16366450984555195,-1.1353555290941755,0.01412661271557378,-0.26032298342392163,1.219936168556465,2.382106622270881,-0.6893164525800275,-0.6331385906422681,0
-0.027898384939835492,2.5156631681133277,-1.2175640581691736,0.9419196931989748,-0.6184010366352013,0.4934980178522793,-1.0344295651109694,0.17986752594795516,-0.9236720239026329,-1.0626158463416444,-0.3349890724200062,1.342393314745618,0
-0.36444420655872983,0.3837807593150221,0.8493602632579317,-0.22402032960336266,-0.1922082883797751,-1.48498559598354,-0.5831451565045298,-0.028333401974507844,0.29733091312207444,-0.6411550773257816,-0.6647028005725887,0.08825005076889994,1
-0.7662832393551993,-0.3778608230697798,-0.6863390720418815,0.6724393113493331,2.0946289933074675,-1.4050763692309867,1.841869894482635,1.1309904510500135,1.1503479776328194,-0.04409124435159325,0.34843557521929136,-0.6657266813357736,1
-0.027898384939835492,-2.1003466421616612,1.4658405841951787,-0.5077856120347964,-0.9215511725790448,0.5269943604270627,1.318959092591455,0.40120314353469555,0.5559529502811565,-1.0626158463416444,0.3879038311132968,-0.9874568741858248,0
0.5354650852738219,0.8997381502529196,-0.6323601823307042,-0.0138850757202502,-0.6497151870418791,-0.18135456104510492,0.3361291861670658,-2.1631699531687745,-2.0230323175007143,-0.22555442266015313,2.176394053714784,-0.35769827665162435,0
-0.708166335361425,-0.13958164622162542,-0.5303140688117431,1.1602187069053655,-0.022926822079164765,-0.18086613913694066,-0.4674398662691266,1.2161491318421573,1.4184264154173605,-0.1304429887743184,-1.0173820093097294,0.8837387198917589,0
-1.2113860023958252,0.04619374658904506,-0.22505916422227293,0.466271243771463,0.4770569507420492,-0.09944573905591195,0.10470212674716196,0.9282974668163583,-1.2807318261865597,0.6172550661822621,0.9501561101054158,0.032624374698507354,0
-1.1730551991808946,0.1521332826384829,0.7185900857217195,0.06015421110545811,-0.06972044182415693,-0.7780588625879099,-0.7573816259502009,-0.015783657228080835,-0.03444479001941461,0.5603020715236335,-0.6260028051202038,0.4210973816364401,0
0.403634570100727,1.335471359997117,-0.4305640173111489,2.5428939505881396,0.5591434739481186,1.0805124885374882,-1.718115214587373,-0.683385141656041,-0.8250161284030169,-0.4214319414378697,-0.9504577914990218,3.9062130338126764,0
-0.29984062346515145,-0.44620263132795235,-0.5828604255075507,-0.027978377347718294,0.6957423993069742,0.08464769494813641,0.7149077066414101,0.2080864942592941,-0.005155227624014787,-0.7371449135477278,0.3586789166709002,-0.5434376923486117,1
-0.46532023274349715,0.9156893841639688,-0.7264231675001618,-0.6156450819921275,-0.022926822079164765,0.47385885562005975,1.1409090301511036,1.3540843227945976,0.2716913403116705,-0.4912706163018376,0.456205321461962,-0.9788057467925461,1
1.6144861968966604,0.08767103267113982,-0.8781198863500999,0.42895235619764926,1.0155021218323539,-1.108547714931891,0.28725174642166024,-0.18060748383900457,0.20017238851663294,1.377685751103429,-0.05296175847412179,-0.09675518220248336,0
0.062022213350606446,1.3164880290014036,-0.9495835411253968,1.3824449467235345,-1.555329012496803,0.631631700986902,0.7814415210517718,0.529025204320996,-0.08209918138259915,-0.9290092708305578,0.4570356771354801,0.10647506983570841,0
-0.8980211465342248,-0.17474854107488608,0.46956134277198863,-1.4669884847594432,-0.5597410630818824,-0.7127588053392847,1.2465372525797325,-1.1317689926990036,-1.0229898246461897,0.15164867484173677,1.663677096909845,-1.3877607369755247,1
0.09499599670428396,-0.685172485509473,-0.7031338070159845,-0.10305629057852955,-0.022926822079164765,1.58439255155178,-0.0310690974477405,-0.3652571959254074,0.4138279479159428,-0.8800158882320614,-0.3694199321852403,-0.20532117140386633,0
0.7243466009888284,-0.3345737922989087,0.7659481366298302,0.314009385685661,1.510188079304811,-0.31219679604051476,-0.4397494088979915,1.342211593233442,-0.7727759334209267,0.05509109095747536,0.04440903304263546,0.32383520135227606,1
-0.17219352140659003,-0.9391973964339572,0.2866526558262534,-0.16247827199737924,-0.02897144555536983,-0.45918690185509736,0.5286147853241033,1.350100680278128,-0.3954010316801008,-0.9268065984585961,0.5059822506412456,-0.5272534043782398,0
-1.3301998083272604,-0.6059473724387939,0.7648872848678319,-0.5253367281808061,0.07844587807080504,-1.2332278077870902,1.2774010307783183,-0.26553827563170085,-2.2068563990434065,0.7937919891536168,3.630228849279177,-0.9821420710251919,0
-0.027898384939835492,0.5684886014916376,0.024007886221971034,-0.5860928224928484,-1.2456868535242283,-1.1825682543792577,1.2793623666797218,-1.3003839410956783,0.3408915147453817,-1.0626158463416444,0.49934903286889865,-1.0094014479542393,1
-0.15557211952146097,-0.550833313550102,0.6680635545689125,-0.7871858586801197,-2.0984991548144736,-0.44933115804089707,0.12117891101649775,1.1156253366822104,0.6800507377077599,-0.9515031488406643,-0.40276902639924395,-0.6696505266682139,1
2.2904868003496666,-0.5657148962720401,1.390967290923055,1.2472961449089048,-0.19367502873804865,-0.02436893983927258,1.1320281621753039,-0.46497520225426736,1.5105215236813563,2.382106622270881,-0.20919491059888037,-0.13702537682000707,0
0.5678393175468984,0.6806392731556035,0.1413380074673563,0.20297840752648663,0.5076298533848972,-0.1670164926706843,0.15636903743773664,0.41439537287951145,-0.49926878664417523,-0.17745187006330249,0.30707844296123993,-0.1434982052148414,0
-0.027898384939835492,0.10608589275442978,-0.7568225389474588,0.6257980742566772,-0.9595904276452965,-0.35005184544299295,-0.7473332813871886,-0.5143209213305667,0.6549203397375983,-1.0626158463416444,-0.91288802859385,0.7997984277113337,0
-0.4923135761425361,0.5188363777280154,-0.10098943344600114,-1.1137274596127975,-0.19368818756586678,-0.7253975181253242,-0.15699735183998115,-2.554563136600393,-0.06436445375868254,-0.45116314102135185,-0.19943180594495405,-0.7239067508722121,0
-1.383055220009308,-2.5025606854933793,-0.31646699171287224,1.3965275904199923,-0.023292287680508415,0.37275500180052373,0.967217044149734,0.7365948004109544,-0.2881516404357587,0.8723260590589069,0.7413292450778282,0.01323299783538025,1
0.6787853995494296,0.03889718041979614,0.14818691870143985,1.6390316141082284,-0.3421870176342683,-0.3980043019286067,-0.28515059535896564,0.17179954703061856,-1.010954433842003,-0.01260503447117303,0.3561564428945243,1.0115959328703614,1
0.843659979943161,-0.031871678147875344,0.7565714517657257,-1.1119820101741056,-1.6553986217204681,1.994903262056315,1.1596743115583807,0.29722560030816175,0.9648891843778787,0.23237029369649187,0.06399714426916712,-1.2072242706372258,1
0.3875179615609117,0.540052014636115,-0.49324260463200126,0.6507321278771978,-0.022926822079164765,-0.5424929086574228,-2.727054451479295,0.29981971208859404,-0.6897876186235178,-0.4453784555491569,-1.8057503047469086,5.164329497481614,0
-2.045017543861361,-0.04965775560195499,0.04116126615255388,0.001160880804350355,1.3869118271162244,-0.8930719863508274,0.1786901383151862,-0.26938071281882936,-0.5897234655695108,1.8558884562036178,0.3918286472894307,-0.2663492364476054,0
-0.36854384926713335,1.4095232628967707,2.6791991612090658,-1.1201317468818444,-0.022926822079164765,-0.14900935082458178,-0.799101900176249,0.2871940144812042,1.6983468265405157,-0.635063711904484,-1.2707733360102456,-0.36209809608189947,1
0.16924006186837015,-0.33820601478067497,0.018329691759578295,0.8467832123517904,-0.022926822079164765,-0.028525490381425198,0.20570526931283462,1.5226157842799775,-0.5084185816472201,-0.7697019503003351,0.35092412266020917,0.1771279985208725,1
0.792725960511585,0.4378901558449705,-0.3734971470062096,0.10031671914534326,-0.022926822079164765,0.348398997083022,-0.007660439929935622,1.2744707962850923,-0.8343723331014783,0.15669108289667497,0.4392101847848443,-0.10342455319616965,1
0.6941526922325724,0.16567412607526885,-1.1615031359453958,0.05462466729149803,-1.0518117937733689,-0.09032773475227285,-2.1659210874264305,1.5863746380932215,-0.9689057993217206,0.010228124886147591,-1.2510020964503208,2.458724301048708,0
-0.24771104494085433,1.0264654708999865,-0.7891335969645633,-1.2778010049467772,-0.5643199217306871,0.1999704450195858,-0.14953602027366253,0.6510572564613694,0.2790303747752943,-0.8146005199591895,-0.3778697456795123,-0.8239245152323829,0
0.21989326984335228,-0.25952277786904926,-1.1080388592851587,-1.0382035720179805,0.2971857287084799,0.5886610939769631,1.0834271157114554,-1.7980605206402915,0.4750417420343258,-0.6944399771278591,0.2920124474546972,-1.152057190193858,0
0.5793786807577818,0.9280011971534919,-0.2732306803120185,-0.5803646203921744,0.7096347061358618,0.5522915082795733,-0.6944377904601736,-0.7204640159339136,-0.5069284523321066,-0.16030635689395106,-0.3272794683141058,-0.06598111707977465,1
-1.5325793751621484,-0.8226816872285153,0.136095609108533,-1.7167662941156634,0.2155067813707028,-1.0068492237990418,-0.30378102966812437,1.1854223839267624,-0.24618635163863026,1.0944932899933888,-0.19644896752231625,-1.0183137139542626,1
0.7832452509220414,-0.04217611173741717,0.6503016086515575,-1.0900873412680572,-2.0984991548144736,1.263027539599763,-0.5632879069387823,0.24539116238847047,-0.3870658697129039,0.1426043756710106,-0.30085430133797075,-0.4911730741643723,1
-0.027898384939835492,-0.4804735424674333,0.2076179294811909,-1.0628676342576027,-1.6213349111447788,1.0306674091015515,-0.08977315429886916,-0.8965544199816332,-0.10258483746175193,-1.0626158463416444,-0.13099716158576888,-0.726400250894554,1
-0.11723018990007548,-1.2858643499901197,-0.4495614737492399,-1.407781054023346,-1.8229677472212231,0.1465172482164483,1.2522851823197152,-0.6895855629356504,-1.7527916495213491,-1.0084726754296007,2.698601465944877,-1.3630683505931869,0
-0.027898384939835492,-0.0992759873300027,1.0249162435959447,-0.15458171827590453,0.26423718920860656,0.03177743174652191,0.9675713500689465,-1.0526498488770881,-1.365541969479491,-1.0626158463416444,1.8389095794887216,-0.7070363381422925,0
2.2904868003496666,0.22620598240974207,-0.7839965558967924,0.44910488781364877,-0.022926822079164765,0.23824959587444258,2.243614494442211,-0.2832335721637319,-0.6458601103053067,2.382106622270881,2.0369360648831694,-0.8763225769440982,0
0.08798541432568656,-0.8793945621605468,-1.0564623962367707,-0.13919834004918485,-0.022926822079164765,1.7165189957434273,-0.5595853042411643,-0.028556460637330854,-0.16701653939347322,-0.890432410383275,-0.42175031688719417,0.12585109863807692,0
-0.42917847533039033,-0.4912873374094347,0.7377822728375808,0.028868848298626144,1.184079828098027,-0.7135952610156614,0.8138411719231132,0.027981667527932786,-1.1382527233137136,-0.5449710646164804,1.4239472903903474,-0.5585284207251684,0
-0.08789724185718495,0.20781087941825627,-1.190910003054538,-1.036779960257115,-0.9294872108317035,1.5291723834891842,-1.4893670427361931,-0.6604996255231399,-0.4143874693384532,-1.0520564016521143,-0.9676074651359623,0.28576818098938506,0
-0.09157152303749125,0.903674274229581,-1.7424331319823778,1.922114894182062,2.0946289933074675,-0.5115548183899291,0.4792877994013647,-0.4335119762937626,0.15689175225199944,-1.0465970504545175,0.0981347293251986,0.5610139668592191,1
-0.027898384939835492,-0.1574227100076542,0.07335311370846094,0.6859084730011091,-0.022926822079164765,-0.9657737434203736,0.9067469320311874,0.6829463240489901,1.6563143737320263,-1.0626158463416444,-0.3862849238842458,-0.28870040805038044,0
-1.6392458213216283,-0.19648294947888092,-0.06432217707051595,-0.5932157520878008,-0.2206531872898512,-0.8729935450603532,-0.7802331376007787,-0.1501617417185026,0.08336951573288802,1.252981321259309,-0.6968046923655719,-0.01038105335694756,0
-0.027898384939835492,-0.015733070873655296,0.010140783456206719,-0.2463285807600988,0.8155385703684573,-0.32368862089803496,-0.016393033726010798,0.737041705180974,-0.024178061881566834,-1.0626158463416444,-0.12641591052096793,-0.29554633405073744,0
-0.6309788144862564,1.573070515153927,1.1109766962294894,-0.5737220596992662,-0.022926822079164765,1.229780271610023,-1.1432956844405622,-0.26233831208961406,-0.514410557083874,-0.24513039669182093,-0.6609901089957184,0.31468523847096813,1
-0.4733437301992159,0.4143742393454154,1.1814459692073602,0.095036256952933,-0.39107027551369256,-1.7160901390075425,-0.8853361894027902,0.027981667527932786,0.3045763217277538,-0.4793490761980009,-0.861207825878061,0.5630192571666233,1
-0.3293227208317974,-0.7017016965554631,1.3295217191584687,-0.059423926091015794,-0.24035589064113289,0.6459371105321333,0.5017624809328701,-0.3776185879865344,0.8079813373014135,-0.6933395770294021,-0.23781253101216518,-0.4625204578450076,1
1.2914685282824068,-0.10023130085823091,-0.579919193525889,-1.2388730399928713,-0.48640161308937446,-0.897364875025644,1.4509084720891292,-0.47643123068768,0.269061556687085,0.8977369367758354,0.6575122900891084,-1.3386691589493518,0
-0.9976096017236507,-0.4715664734481309,-0.49428301603942354,0.07905808996213587,0.5346855885514735,-1.0205635289355384,0.5357188745589113,0.027981667527932786,0.7972041821811755,0.29962002635923224,-0.21272697401845314,-0.4084456511833236,0
1.0616329884082083,1.0932594353610698,0.8254462865773499,0.4530192527564514,1.116657494472169,0.0552112603551711,0.6076687086622865,0.44935273363492817,-0.2585851249423202,0.5562407724137096,0.46145289283166835,-0.2562141505764362,0
-0.027898384939835492,-1.6300977718792535,-0.8533335058848648,-0.8297426087576099,0.6236462245812835,-1.6982406895151816,-1.6252492593743548,0.09027150904330845,2.5089353059822788,-1.0626158463416444,-1.838542557171039,0.6246199312978918,1
-1.6440091762559566,2.2739344217763704,-0.462469679758151,-1.639389101536534,1.3678380432171084,2.24475480827812,-1.0569027992862907,1.1306223519314356,-0.9203450499192716,1.2600588491318863,-0.35573462853193294,-0.5644185943706801,1
-0.027898384939835492,-1.1328841199614645,2.6791991612090658,-0.49340425241843233,2.0946289933074675,-1.2389678539276217,0.04099867258867503,-0.09968200177219688,-0.8833214627627661,-1.0626158463416444,0.5197447035967063,-0.46651712827038294,0
0.6638603573364151,1.4005104752203927,-1.4238158173051598,1.7462694232977765,-2.0984991548144736,0.01301178244484049,0.21874019153736818,-1.700898021898507,-1.7343846026203382,-0.034781085535673585,1.6075035807590254,0.654776493759779,1
2.2904868003496666,2.5156631681133277,-0.5532377389203903,-0.7913892667694854,-0.022926822079164765,-0.34105675262696433,-0.06393213170756283,-0.11752589545523436,0.3639105391248633,2.382106622270881,-0.3655368395566509,-0.5822456087170843,0
1.1227779538868097,0.21458436224360558,-0.9505937833143069,-1.6339882966182104,-0.9601386547745081,0.5800518266301696,-0.5820705832645326,-0.2189008671136362,0.5505957063428417,0.6470916964806583,-0.7719130740533513,-0.8362240153401528,0
-1.9616317349496193,-1.2300046994110485,0.2935131340623984,-0.7345772861916918,-1.4722858127366962,0.05963888207835494,-1.0992972643599854,-1.4138306575978377,0.6037483729051144,1.7319914561087701,-1.1068549441092714,0.15108522135253927,0
-1.5905954344540256,-0.7086369391914547,-0.7700167425915088,-0.8168556934593632,2.0946289933074675,-1.169773064636698,0.30289830059328454,0.17671557181180828,0.0015802785744866315,1.1806951964976053,0.07503470848109824,-0.7666214694367384,1
1.5154603358776972,2.434402891970128,0.25731514835083424,-0.13446308883488883,2.032536590912596,0.6218060186748121,-0.2700313621867144,0.34011339854951644,0.6822145783637761,1.230550317962224,-0.6376854871575169,-0.07532350478100748,0
2.2904868003496666,-1.7349212559690335,0.2513350184729177,0.542362720530364,1.7504760277314173,-0.8209605902333855,0.19378935061874328,-0.5826067232034896,-0.49295072703172155,2.382106622270881,0.33051470918356507,0.01941924140100267,0
2.076105812507816,-0.8389295424229914,-0.6986229627782424,0.018510804637084086,-1.0083951180409385,-0.48284552222380395,-0.216176070524305,0.3489258431901851,-0.694174995211019,2.0635732696822098,0.1641978299343205,-0.01881378718839909,1
0.9775137476801198,1.3714489814889246,-1.2824486149983565,0.8349016972865563,-0.5195664840805317,-0.020559172772291804,-1.8889340393149183,-1.0922588918258935,-1.0376872992454667,0.4312540185225575,-0.984718241074094,2.6552443322041315,0
-2.292877724178539,-1.6474270483683122,0.5701417889901427,-0.6529027124080576,-0.022926822079164765,1.690887705593008,-0.18961811140077442,1.6856218275394472,-0.10386034000794321,2.224166142599513,-0.1993113516575662,-0.4346075055630868,1
-0.12355570966813031,1.9527394722079832,1.5869731433356755,-1.4301434417882457,-2.0984991548144736,-1.3543213687971445,-0.09491583057341062,-0.020811921118196294,-0.13633774396866674,-0.9990740387367295,-0.1146011169876747,-0.9370193747383745,1
-0.7003056042383861,0.29768749727373534,0.18340626917564007,0.6062608663917453,-0.022926822079164765,-0.589396986184738,0.3717318394618539,0.1886241858811551,0.395260123914459,-0.14212268604424066,-0.10690479720318347,-0.05151753589574071,1
-1.0733884581655226,2.038031417659343,1.566351221410906,-0.3331888827617346,-0.022926822079164765,-1.8501585405462206,-0.2157507405385339,1.1030339011552655,-0.13335918897041363,0.41221440070539306,-0.2004508212342297,-0.22908416748200727,1
-0.4887247282724759,-2.2074688011323085,-0.1999759339917471,0.41537716219492943,2.0946289933074675,0.0923295412646972,-0.7290621001930883,-0.8089098426539979,0.6078624931514024,-0.45649555298329464,-0.884019804990672,0.6384526704367864,0
-0.11158787162161699,-0.00729959240290711,2.0291065665872217,0.8828113899627825,-0.5170176326592211,0.7399843317592756,0.1294986302853075,-1.5775045118289253,0.6759803882558946,-1.016856191970422,-0.39590887701007654,0.24676630574257413,1
-0.3588376451594985,-1.2707003504931236,-1.055434041436225,1.6934792919039372,0.25026071868262195,-0.10988106509123971,-1.1861850466835833,0.7821972568160027,-0.2606103223868423,-0.6494854652812136,-0.8179655945953077,2.124922969659995,0
0.445798550204105,-1.3466974590004324,-1.1921246046613172,0.6009967724366944,-0.022926822079164765,-1.6140823562015627,-0.4163646707904388,0.4841676412508611,-0.9975633073359821,-0.35878350383145835,0.23453034535121248,0.4856548112382895,1
-0.11993183390186311,-0.365709713892046,-0.5669673277482831,-0.4550104612212767,0.5524211960313021,0.08081873511000771,-0.7500144601614047,0.7219114842853055,0.9271924108142092,-1.0044584961404126,-1.0119803514718506,0.06138972431246481,1
1.8078504842337066,-0.02249583265650347,-1.2208766498739128,-0.5426510040780308,1.0273787578714388,-1.2901803230323718,-0.36731417682225476,-1.8616030713154144,0.892390808296263,1.6649918939495738,-0.7791880169061977,-0.262998211549422,0
-2.292877724178539,-1.2193145001415606,-0.1686356046005629,-1.5673523282369324,-1.062824646470136,0.057028658285118536,-0.479145600439338,0.027981667527932786,0.5516506423809843,2.224166142599513,-0.7093821853456354,-0.8446039650213302,0
-0.44651152840974856,-0.6259748924088087,0.3070238754086529,-0.8695435236542984,-0.598343079908897,0.6169287512314526,0.6013297982491942,-0.546120404295338,-2.1632378010801165,-0.5192171227042511,2.7372996526020748,-0.9124099057686024,0
-0.027898384939835492,-0.5291588082709707,0.4509010869499646,0.11032932779886281,-0.022926822079164765,-1.4476955566559697,-1.2300804130308185,-1.5567433748114472,-2.7356601172715598,-1.0626158463416444,1.4683236441544303,0.9410525123344031,1
-0.32172030381981603,0.58902707727625,-0.43952565466241456,-0.11730551374414652,-0.022926822079164765,-0.6619422386595822,-0.8085085975451217,0.7586749227590411,-0.7318441595939038,-0.7046354638661118,-0.27635929133933496,0.343178005547903,1
0.07622216091292051,0.4119536383629006,-0.7730473915832581,-0.7173176839802545,0.14279269687973206,-1.0630380057881001,-1.9360536936625365,0.34531622400081063,1.4356008303816472,-0.9079105859651632,-1.7999365634738662,1.173818756947816,0
0.43695710987141206,0.47617510723224493,-1.061113339010616,-0.2834235954823357,1.4844847490856836,-0.8398673592678951,-0.029803168341355726,0.2427795688367379,1.37824208109728,-0.37192036666261097,-0.7709991988848778,-0.30912489149208916,0
-0.6401357770067201,1.2440571333565773,-2.403586955576611,-0.624249994970603,1.2687828640910617,0.1042067955016911,-0.9692541539996425,2.168258644317286,0.15000746173687748,-0.23152472204438512,-0.8513843379396444,0.12008162617303779,1
-2.0537517485330024,-2.394331287551191,1.4605221270377289,0.5416080495110118,2.0946289933074675,0.11088350033589657,0.03742689081372631,-0.10249185395866829,0.39261570327130474,1.8688659852478722,-0.3158799270800272,0.11766752165393314,0
0.7477454026708391,1.2585033512688226,0.5590102391714754,-0.5430953676815579,-1.84870499334175,0.857613248118745,1.3156434512163444,-0.5084427543500367,-1.69827594653912,0.08985769419668879,2.670725535647049,-1.0018109106149937,0
0.043592154536599044,-0.3140844944407984,-0.2714067862911909,0.6277505995809061,-0.89337582154594,-0.8915821151193535,0.41829511252575036,0.4968772277172559,-1.8017865173615608,-0.9563931749795718,1.9115575912296479,-0.06673728753694427,1
2.2904868003496666,0.6559024824572595,-1.2248048329687256,0.8644840370627963,1.3254420493334886,-0.9943144427759161,-1.3751260836263004,0.4934422505915996,-0.5671020906787729,2.382106622270881,-0.8096825651290849,1.7466267816349967,0
-0.06345769424084963,0.8659482640794408,-0.9700543936931806,-0.7963915237847989,-0.022926822079164765,0.6447585029207186,0.5025247449574457,0.44384939580996796,-0.13318428139933705,-1.0883693747209977,0.2992137248832929,-0.8377875739053756,1
0.22444477214603087,0.5590156058809234,-1.1809470788022816,1.3821631928584523,1.313187566697633,-0.8808103865859475,0.2778668602103877,0.9065361723224082,-0.18431408345574657,-0.687677225904524,0.17629517575199644,0.4170713700785282,0
-0.8508439672770575,1.3459763892508312,-0.15210652588481022,-0.4900934547668178,0.23473647353156282,-0.3002975506358003,1.4300213547493252,-0.15124303873841916,0.5367907575472222,0.08155148373471553,0.4677698299207787,-1.0137623221828018,1
-1.7638451638219144,-2.3793274693728006,0.13388536558509156,0.7568616332206789,1.203978945873663,-2.0742806039589263,-0.3716469633214799,0.023525871890860178,-0.7074203137596158,1.4381145585696944,0.051674316030365784,0.5460039809238253,0
0.8358774292457753,-0.20453112662150377,-0.21166398334798958,0.8132976238082912,0.7018785602875264,-0.6219237119322287,1.0572406272755814,-1.8383105549534615,1.2428117676580153,0.2208067591205699,-0.12918526632286978,-0.29903117257293166,0
-0.38664084670076,0.5810660478434057,-1.1068862781389615,0.11851305587736848,1.763831441638643,0.46528064627222787,2.382944176465839,-2.554563136600393,-0.7048243976773111,-0.6081746798016272,2.214818455230343,-1.0363088264835856,1
-0.027898384939835492,-0.6567085197785265,0.48012562047213586,-0.5670801949316742,0.3911925723497321,-0.601976069357372,-0.19394580979404052,-1.0069998527067396,-1.3161735889121169,-1.0626158463416444,0.7152398001433644,-0.38122380188187377,0
-0.49654666232263783,1.1008110129754616,0.5736535904932515,1.0624564744741045,-0.022926822079164765,-0.07149701090696241,0.6981593853662795,0.45653003959851196,0.91144393559358,-0.4448735015047205,-0.17360166924127135,-0.002887422948145074,0
-0.23198807932136348,-0.14393158546914717,-0.42046781231932634,-2.045070916301939,-1.184120033558348,-0.4723628993340954,-1.3974914760589097,1.680490376064078,1.4531825716906681,-0.8379621482538937,-1.5191270373209464,-0.651523858202388,0
-0.027898384939835492,-0.054981129867983265,1.298722877849912,1.5621498108354843,-0.022926822079164765,-1.749023359629539,-1.1759303991804357,0.36902167293928506,-0.9553356572637154,-1.0626158463416444,-0.43202234503633824,2.0070566833814483,0
0.8457265769347077,-0.3833261364655185,-0.02513652462329532,0.03312651375781269,-0.9013293089105657,-0.1846015561549291,-0.1468661666488762,0.3621773093212261,-1.7625000822144583,0.23544090212494379,1.2688050589092301,-0.05525519769371063,1
-0.027898384939835492,0.9201325195875748,0.7411115582526475,-0.7825294079824333,1.0202200684130804,-0.1185563915127334,0.924894012338813,2.4353668990915067,-0.15172002189474168,-1.0626158463416444,0.6068000906986943,-0.9843862100795916,1
-1.8076917365183383,-1.3751247740382162,-0.9717347537995619,0.24645725186054368,0.15061723963883583,1.1939069517462555,-0.03935380466789898,0.18251853612135907,1.0961378499485597,1.503263039977094,-0.6715577087535841,-0.00028444362755174494,0
-1.2581831550829996,1.1528665206791426,-0.9612494776159187,0.1584148391503179,0.7122227811925091,0.13294368141462215,-1.287547594254082,-0.7073518356460601,1.135586436002965,0.6867876030322467,-1.3789546344390917,1.049040742560398,1
-0.7535242340724099,0.9176358837851478,-1.1284207922612568,-0.6330622814787487,1.012666887110009,0.9335366965029684,0.42035560498474395,0.4655642155612997,-1.0706813346635433,-0.06304893630616919,1.0115106985841973,-0.7203376174212772,1
-0.26838568008006924,0.3393427228631955,-0.5341631038314606,0.37976378462564014,-0.9223381954476372,-1.2223326204518685,0.5927321100530305,-2.4087015184991487,-0.6833034411079529,-0.7838815606394393,0.7889245613938021,-0.2852661100078076,1
-0.02913268500899387,0.7546449226440226,-0.24298862700955015,-0.035608151414850235,1.2000509629154834,1.343660121659039,0.31412294155958437,0.11056945139815108,0.7509207049903613,-1.064449804394956,-0.32106990632690313,-0.3579107143054485,1
-0.6754078951673372,-1.41051599680295,-0.1480260579636025,0.8790155787912148,1.5855773052353639,-0.7963267486476541,-0.1705341533155715,1.9621746211601796,0.940884699954796,-0.17911640839815146,-0.6849580105480474,0.45959381261916293,0
-1.1421217009689937,-1.9140773149683399,-0.0404526661667116,0.6866495405654649,-1.6751281424164377,0.1673892322838141,0.17901464627116367,1.426629500394208,1.4071830960687965,0.5143402024608729,-0.6702527676498059,0.10709407440749899,0
0.5884646381132629,0.7498063038306917,-0.8606406957076764,0.5905972987795496,-1.0595662073088181,-1.100801771888883,1.265370637168674,0.052940772643189825,0.15914252014350272,-0.14680618373468673,0.6134138322331955,-0.4877626178364362,1
0.7785812744905481,1.2538138578762423,0.710446317388086,-0.5835007669431326,-0.26694856864680955,1.0386417382517312,-0.2717892058875062,0.935960977322512,0.6381464968616725,0.13567450719678717,-0.620054290882116,-0.34596085031922513,0
1.0672368211792747,0.5531643130295518,1.9727924488810775,-0.32455600301808396,-0.7490036860718593,-0.560660479477511,0.49506938039547344,-0.5805233275587827,-1.7806168861090932,0.5645671060960176,1.9596913185917717,-0.5944458172276452,0
1.0929639371376785,2.3149524592269897,-0.7036841447647418,-0.7698130303600094,-0.022926822079164765,2.8280030422193403,1.802064789278472,-0.7248462548423744,-0.5210797011048044,0.6027931847290411,1.5648659285945086,-1.2309926003768208,0
-0.47779807599420954,0.035724038604409196,-0.27108551033598,0.7346591659762152,-0.022926822079164765,0.10197817122515244,-0.417962877949868,0.027981667527932786,-2.2826484052998843,-0.4727306828695996,1.7351307101725935,0.5708781288913017,0
0.23995292529503726,0.2650045025611875,-1.4288969036550416,-0.389977713993432,-0.7037325290770182,0.9463574491585117,-0.8356205518149871,0.9630741561155939,-0.25918464133640223,-0.6646347720715576,-0.5683832101579075,0.17552358745616387,0
-0.13433071825923196,-0.24041963536817926,0.6448400146268594,0.5686911578704611,0.6825699544028148,0.46521013599371513,-0.5780260248729432,0.5760826780277325,0.6933784767353397,-0.9830642253421421,-0.8261819934986012,0.6031451194045729,1
2.1668313271615167,-0.2148442320658781,-0.4962309009543633,-0.14103183913119913,-0.022926822079164765,-0.138792624509287,-1.4619366556151596,1.7239099501793291,0.46395015597093664,2.198375812757041,-1.2827834489326926,1.022434872472786,0
0.8658191882230695,0.11378046531589002,0.8794411751594607,0.08636267456023898,-0.022926822079164765,0.3551348946069239,0.27059013983520924,0.26778831695538385,1.0221678326833012,0.26529507389816215,-0.4674945074377867,-0.27021675295976927,0
-1.0130750389282492,1.0516554843951307,-0.5682971009705535,1.062424066792433,-1.2666940510421134,1.5660926845449916,-0.005619798896136719,-0.7587124642878348,-0.43840014684528966,0.32259901163037225,0.14296221586377414,0.44200232447922533,1
-1.232034293824209,-0.5242853872869605,0.6073205043808257,-0.380417338536395,-0.7032682943414433,-0.23451068135869615,-1.392747571565267,0.8583516392453903,-0.13179426484350987,0.6479348832692278,-1.0200631183543685,0.7344216430721606,0
-0.027898384939835492,-0.0318265894518623,-2.0606931060714544,1.778512271920792,2.0946289933074675,0.09406334140967024,0.4795484246015861,0.027981667527932786,-0.4645279489660194,-1.0626158463416444,0.5226765322490852,0.4874348071843691,1
-0.7997812367506836,1.4014753163029712,0.03913057098591931,-0.5806566913200334,-0.022926822079164765,0.7277385266117743,-0.3353802184745684,-0.09488871956514072,0.9307603636029178,0.0056810303393957295,-0.7754664742162983,-0.3061432583018991,0
-0.027898384939835492,-0.7998154355752228,-0.1654308786618188,-0.14001541837216785,1.0513283667067874,-0.9122532925307739,0.6493985305808843,-0.18922996291093686,0.00667884347282555,-1.0626158463416444,0.30640344898516114,-0.5698513914632024,0
-2.292877724178539,-2.1011847433459914,-1.1821729753019112,1.8310821587879822,-1.0193374850251387,0.9434357163984315,-1.6864710455502785,0.6534365765943079,-0.4435445877740162,2.224166142599513,-1.1006890570921652,3.1676212779534634,0
-0.627145353922711,0.4964274486725723,-0.0020202761087761488,0.4859702695369791,-0.022926822079164765,-0.8150583299103621,0.20119374961831987,-0.14946764320628675,1.5988809400889905,-0.2508262611321106,-0.7275425206265957,-0.01567184447051937,0
-0.12707049035741425,0.4122945915465507,-0.7467217806550206,-0.14731438236128047,-1.2670791575733802,-0.3847031699713123,0.42640080588432805,0.02635808380113873,-0.36728178096244973,-0.9938516778928778,0.4101335265803138,-0.47186058887006005,0
-0.027898384939835492,-0.5429147790441202,-1.9520349929284904,1.039038998377379,2.0946289933074675,-0.43998048879931545,0.7823681257093427,0.6491065243627637,0.5455856367857432,-1.0626158463416444,0.06566158235848507,-0.05921417146991168,0
-0.18558960599546054,0.7179550213303625,0.6658780341105799,-0.5230291859693522,0.22469961959763798,1.2757785017574403,1.5894927320584789,0.15363199379571962,-1.1914291493080258,-0.9069023160004791,2.1701695948031277,-1.0740618166756557,1
-0.5375035276043136,-0.1409849290406493,1.337712865904633,-0.04158601643699036,-0.022926822079164765,0.7677747470350698,-1.436264300533555,-0.5433081678992683,-0.9113394307264349,-0.38401862933984887,-0.6743719965256587,1.0734471119673505,1
-0.6480803505388305,-0.11100668710571138,0.13673852571824505,0.6295983140950773,0.20315342134481093,-1.621067297644885,-0.24325859835658833,0.7834914564774272,-0.4511659723293277,-0.21972044934489932,-0.024839666202719837,0.36649771462421277,0
-0.5725548665847896,-0.6509713210140942,-1.1940090721620868,-0.03522253641908232,-0.022926822079164765,0.03086585143652301,0.4273360741767984,1.3280431823647536,-0.894950458424476,-0.3319383556618051,0.846978628167784,-0.4143862687903546,0
-0.5847408662216437,-0.33299106994358457,-1.9425079536194614,0.44140601458457673,0.138351454450857,1.7665889311102712,0.1001089837121942,0.027981667527932786,0.7997007177370206,-0.3138320517490954,-0.46922928380177803,0.021702835526542747,0
-0.795094224468911,0.19517529212398213,-0.21901315909274563,0.48471908860734897,-0.7120604950410985,-0.19586407891843668,1.3289379050020547,0.4504420618684524,1.3383005519057911,-0.0012830654545777005,-0.02687150417891215,-0.5591063643610258,0
1.2153495617593217,0.45057456417563185,-0.6819749850902604,0.5944096408827957,-0.15875812742374976,-1.2870489028007368,-0.653848541519649,-0.41316641111873176,2.339328302226801,0.7846372172238869,-1.3586156827259432,0.6890836300517346,1
-0.027898384939835492,-0.022512613071456373,-0.8467326360020816,1.4092453804170657,-0.022926822079164765,-1.7134801207861834,-1.5513711547214215,-1.0748277759121654,-0.02154221352397917,-1.0626158463416444,-1.1725526096644063,2.5100840768790547,1
2.2904868003496666,-1.6631109082680993,1.1052342142204408,0.39281778130757344,2.0946289933074675,0.7860127645907244,-0.6918180824839425,0.6102479001463458,0.9109929700961916,2.382106622270881,-0.9729502120757048,0.5887445685056486,0
0.13339687318364266,-0.23546368032815868,-0.05140160814473037,-0.3445542475362119,0.7185818705878124,-0.46563157677215433,0.0361365133939059,0.9614936331348749,0.527935729174179,-0.8229587767295382,-0.38290171127793216,-0.38021475118797615,0
-0.07727646486597642,0.29716899539482566,-0.3057977113275153,0.10948895103650534,-1.5845907046450183,0.38869216948966956,1.11090343171498,-0.9884034879053736,-1.2139180906253548,-1.0678370533608468,1.7751908442202504,-0.641273304312588,0
0.10611993398270378,-0.5353475524425989,-0.06028892761445876,-0.8005298013907297,-0.022926822079164765,0.09599347082068552,-0.7300673512696289,0.8524902465936648,-0.009637870182602462,-0.8634876266965978,-0.6193704801864739,-0.18969580909412578,1
-0.596822393627836,0.08027947737652397,0.6021256886653377,0.4437255573346199,-1.161227775391024,0.6313709671010569,0.8703811317626517,1.2014248121900668,1.005992444277153,-0.2958809756400271,-0.12092908833492826,-0.38608153023101865,0
0.6856017082138929,0.2593955817887927,-0.16587334256431605,-1.6541106932370995,2.0946289933074675,1.0880899699917717,2.221200015820132,0.2813559587363572,-0.07435257591855121,-0.0024771697149363484,1.4416763978466736,-1.6600934581668578,0
-0.046973509069029154,-1.0847560938543979,0.5315228543599289,-0.3152733781982586,-0.022926822079164765,1.8198286663189198,-0.6082366018015124,-0.9399930805227569,-0.8944072822216742,-1.0909582068330488,-0.003993303226412999,0.047079268563042474,0
0.4439809632391433,0.7646413139127688,0.5654911509438247,0.7499059217423824,-1.0656537383265603,1.6951431112374364,-0.1253917503046666,0.6989660373470508,0.706380605717133,-0.3614841260993146,-0.5616887455257487,0.34986778582062306,0
0.7179645654813198,-0.1492082823510658,-0.5505277739870885,0.501810631282893,-0.010204078093254701,0.06281902369611835,-0.2858721993442622,-0.7729423024655151,1.1336444353971513,0.0456084815758714,-0.8227548172589136,0.3215513332061168,1
-0.7418927832822351,0.4734504622937358,0.9737694079681208,0.3837172326585875,-0.14593689862447537,0.04046837059302925,-1.113755176754672,0.027981667527932786,1.485704350322196,-0.08033127581286874,-1.3778007011635225,1.016937427483587,0
2.2904868003496666,0.9950765753492373,-1.576788914773902,1.7829515014158823,0.40456531651114486,0.8970412790759467,0.37004452348613165,-0.17169894832455856,-1.2214559502626094,2.382106622270881,1.1250560326012944,0.5648456343371396,1
-0.261716587292694,1.1234329148909514,0.2450777958376556,-0.31752049037803015,-0.022926822079164765,0.44243341153583793,-0.11011674263608634,0.774819357897818,-0.721071075589712,-0.7937906878697638,0.26770682729662326,-0.2827522948596305,0
-0.45088208148275477,1.3767059210821395,-0.9148228324639224,1.2568636412073921,-0.6049279565168607,0.5694322972659485,0.958451061184421,1.151445676914215,-0.45258503672953654,-0.5127232309789345,0.8694911249311558,-0.04715374628002662,1
0.09524653473400244,-0.6516123729811568,1.6275794696735053,0.6089471658943724,-0.43137381973108163,0.505089947568738,0.5765096004152284,0.3200550173934663,-0.27164650083791214,-0.8796436317210687,0.4486968290731033,-0.16231271879864617,1
-0.027898384939835492,-0.8436486135168363,1.798718740355009,0.5844697665031816,-2.0984991548144736,0.3312392807592903,1.325753948641062,-0.1723409368793084,-0.5149653193793121,-1.0626158463416444,1.1997848457056115,-0.5144910696544528,1
0.40529512742636575,-0.5759506322127517,-0.4104997059478868,-0.36297408016083993,0.8984007609148202,-0.41732069962813445,-0.9088973665979689,1.0200287346957604,0.6731587435331516,-0.4189646382622187,-1.0164653710118947,0.25716889462839937,0
-0.027898384939835492,0.26275815245212075,-0.12127719987898704,0.118590015067531,1.0931111000707545,1.692435726963589,-1.1869379398303532,1.3429376516674634,-1.3010599765578483,-1.0626158463416444,-0.20221859636498282,0.8971745336175874,0
0.5457634621760609,1.395225052470154,0.4499363781076884,-1.802061609968436,-1.0089262332450284,0.18487778626713536,0.7975405457395045,1.98262095151518,1.0829260882594942,-0.2102528021483946,-0.19836915181809803,-1.4296480003858663,1
-1.094541553040033,1.0262745034200607,1.10805498956805,0.4138997512830274,-0.022926822079164765,-1.5000345341301127,-0.09093400008041119,1.3611692529523782,-2.41752187207641,0.4436442690712139,2.395894639933125,0.13005352248926627,0
0.03927222220122478,2.4931961954937263,-1.4388572934319663,0.8329744616695268,-1.2023133768525063,-0.5503329889138207,1.2346537559117687,1.8223048092039515,-2.558778762582657,-0.9628118529770726,4.495532101539317,-0.3681810239207196,0
0.5127232074620293,0.508552999267664,0.9373509664712727,-0.07429475678531755,0.8459848729849935,-0.8465435592799995,0.16940533060099905,1.1405708178228098,-0.7788618621886769,-0.25934494977954553,0.5357324723313793,-0.302462031156066,1
-0.027898384939835492,-0.21197577735437187,-0.18103416451907847,-0.20172434435094358,-0.022926822079164765,-1.4013019749853755,-1.274647104135964,-1.2627456334651326,1.2439769635253641,-1.0626158463416444,-1.4008806217636431,0.7440783044520765,1
-1.0464802897081913,0.7908021157940427,-1.2474334685336694,1.0849152330925143,-0.596083997665042,-1.2584831930507467,1.5363681578381914,1.1742048753142071,-0.6861739734852335,0.3722334807692584,1.5299637726036572,-0.38458222436740486,0
-0.03143362627387846,-0.664355312949825,-1.0691974925612509,0.4620328364359251,-0.022926822079164765,1.785609715181982,-0.3221186422562024,-0.3295317516237155,-1.6069084793797541,-1.0678686081918394,0.9029040088568612,0.3248065905979552,1
-0.027898384939835492,-1.3074401104293176,-0.14854493787848994,0.6865875991347427,-0.022926822079164765,-1.707026670876247,0.7161888831388077,-0.42395445080483213,0.14954825565199484,-1.0626158463416444,0.25854587148975117,-0.19581052355020587,0
1.3186030302536187,0.18621725245390008,1.3770648173218643,-1.0776676176837112,-0.09366263638912035,-0.020418894620869453,1.3678879838061457,0.8509804139141758,0.8593580943169454,0.9380541494667769,0.24029834968015604,-1.2485805378559651,1
-0.5242151078540249,-2.5025606854933793,-0.24337826572872895,-2.376923315654967,-0.893337242327143,0.9311416365376578,0.25030134532515264,1.3147384173887853,0.7114258994453393,-0.40376294032691973,-0.3403537848906965,-1.5810823510940055,1
-0.07590539267595707,-0.43047915601293857,1.1887992457731589,0.19065587060805336,1.3587307065486525,-1.265408826584997,0.023830376293045092,0.24943201451860156,0.38820676384381153,-1.0698742313108343,-0.3222313895667135,-0.07148926568636425,0
-0.2631504207625646,-1.521775335892937,-0.10603621484794616,-1.5888068382773248,-0.022926822079164765,-0.34090776263726763,1.2370858063053147,-1.6587273921268166,-2.7356601172715598,-0.7916602574299683,5.061909660476938,-1.4392820587894117,0
-0.20392658710063546,-0.969088365632442,-0.47176143275037585,-1.3730146857305916,-0.8202381158235367,-0.7097417667330796,0.263716316713853,1.9633158223185287,0.08869273003598481,-0.8796567093513701,-0.0038417587460971335,-1.047348904991174,0
1.0038295884892192,0.0925910578624885,0.5506424970459842,0.5054280035094976,0.56481496125346,0.789778604679847,-1.4536675492531208,-0.002756502766769038,-1.3362490146826729,0.4703548412377507,-0.4201036657851311,1.5625437029114921,0
-1.1335139054908956,2.115205323252811,-0.22379908800662546,-1.5108600857783114,1.0435579605062886,0.09961219051374197,-0.46092606352289095,-0.9521815022108959,1.5111402940674261,0.5015504957819444,-1.0428043405565273,-0.8176724171452224,1
0.7174849306344614,0.43225050981841634,-0.5811732667787607,1.0746870717664176,0.809707481030324,1.6286810942282497,0.9117067642245398,0.16461969258460007,1.4270347932279341,0.04489582651570865,-0.28932901309610826,-0.10861813754445333,0
-0.027898384939835492,-0.374448205737876,-0.8695127180216852,0.6498307888388012,0.029969332751241584,0.5518066441197749,0.5488757880591203,0.4855540677685644,0.7844973854880569,-1.0626158463416444,-0.19882561643313068,-0.12711777810967714,0
-0.027898384939835492,0.4472146105549118,-1.1186643276750716,-0.10501579353181739,1.6873711491131498,-0.07200085069488607,0.12431565653073048,0.718746072796202,-1.875712519130365,-1.0626158463416444,1.7108489223590317,-0.2947521504838838,0
1.377545885241066,0.5827829819722417,-0.688571160447473,-0.523547698094358,-0.6571814595477365,-0.46408188971820247,-1.3334778929503304,-0.7178727466051591,0.824063104591314,1.025633115303757,-1.3166498263479354,0.5488773341952128,1
-2.1220340133942135,-2.2394766649707067,-1.2367094575168325,-1.119841215714998,-2.0984991548144736,0.2158811769401932,1.311797984978776,1.3069583036961243,0.6262643556203056,1.9703217111848865,0.3411394924985533,-1.252097036730365,0
0.30061728381177266,0.624831242679645,-1.440638874135872,-1.387785859922294,0.24116858924093496,0.9116265719700045,-0.9223970544525307,-0.8546035545082629,-0.28966260525790144,-0.5744979474608236,-0.6148695168768004,-0.46897316838553366,1
1.3688546608346561,0.07704402644498862,-0.18717262947557742,0.29102162040152685,0.5946318413709243,0.7969478724697547,1.630690210975128,-0.12987984383626902,-0.9961206339484929,1.0127194475567063,1.9560266077486521,-0.7495827814527891,1
0.6269298723666276,2.5156631681133277,0.2809375900143595,0.28568017757617364,-1.9024417092745485,-1.5004701081951868,-0.7551078747297282,0.24729807878089516,-1.2040571857273903,-0.08965344762605622,0.1091811838867475,0.5739422433415237,0
0.0588725954877807,0.5501009766126818,0.21971527328817464,-2.042898296292841,0.31370969589514974,0.9805056742445244,0.3576018483411586,0.027981667527932786,1.5575977220138197,-0.9336890623891225,-0.631747539528716,-1.432567504460195,0
-1.8622740805643943,0.07878061880866566,1.7506131195705847,1.6881413648179737,0.13375543177080415,-0.4621384680044099,-1.8748144180712378,0.6119959106762706,-1.5552099174779868,1.5843630349727527,-0.6667071247749353,3.4751478147309682,0
1.1579869204300868,-1.1162338205586009,2.2094533676438557,-1.1096081075076636,-0.8901081813363251,0.8859571306230593,0.5160117914290847,0.6278523200950619,-0.12409985797157862,0.6994061776625715,0.30243439913998,-1.0019835949208014,1
-1.4791218034437406,-1.247099084454171,-0.29818013472908383,-0.5956444962854012,-0.07059074875951062,-1.072389938100024,0.5864123216635743,0.5883554900152429,0.14900463550914403,1.0150645136259837,0.17343358000345335,-0.7698880494300568,0
-0.230536293656864,1.0936168788496168,-0.3839172273396934,1.051428575715355,0.27540845526791524,-0.5297525126764899,-0.11714228087511686,0.8465784684328935,1.5307008621115068,-0.8401192525736776,-0.8694755961100379,0.5196657609275184,0
0.14419373178743386,-0.6720900498038141,0.09463031240708958,0.4942059708859541,-1.275019449951117,-0.6756995467048964,0.9568596263011665,-0.6061878934961248,1.4014046293158038,-0.8069164979663275,-0.2543426480185427,-0.4011131861656336,1
-0.027898384939835492,-0.48744369044781927,0.9573148883275545,0.5510477826196308,0.8276788801298569,-0.6160687353168125,1.037003967323826,0.027981667527932786,-0.580950618405161,-1.0626158463416444,1.0412852307321745,-0.4100035306476297,0
0.6055450919737815,2.5156631681133277,0.6243688409696736,1.3478753490873052,2.0946289933074675,-0.8563074434604607,0.2381742406634107,-0.6035852067439558,-0.40457899446194023,-0.1214275609067114,0.29923883253559774,0.4260154764996969,0
-0.9178146308810639,-0.47569561764194007,-1.025543635995149,-0.6455510956624825,1.2770452757636155,-0.27673983135611263,0.4575302052814229,-1.9916847251194476,0.1295933822285545,0.18105839532059342,0.1002842923569031,-0.7424415145983441,1
-0.43148628639457787,-0.6067241706414341,-0.6173474054045479,1.9090555946241639,-0.8990772989507013,0.48136172928357296,-2.2855698269617917,-0.06730613399191616,0.4278912349345442,-0.541542053476933,-1.7861775055555693,4.977004155511272,0
-1.7574421873623673,0.3893445355126805,0.8707268771478119,-0.6335007400841152,-0.937403912616996,0.351962164192931,-1.0535965027426741,2.6150000316625386,1.001745052131056,1.4286008345275678,-1.2092000559804557,0.1865623424873068,0
0.21533608946138597,0.6663199979332457,-1.112071826678303,1.8716997221339586,-0.022926822079164765,-0.8538084125297508,0.6160278481018454,1.7815090124859452,-0.491117982303194,-0.701211165002457,0.6456893138006842,0.44480514911698427,1
1.063005187119275,0.6696180758064516,2.0034114539271943,-0.08214226403605422,1.2577872872687392,-1.0821980979331218,1.46696400567296,-0.7961980786850529,-1.3297527865682957,0.5582796241806227,2.2497166000047715,-0.8516556089242612,0
-0.7615028262692197,0.2981715167131543,-0.7775859698728624,0.299092810555486,-0.8217567737752889,0.048970044166288744,-0.015644969889038678,-0.8308064105159759,0.5844383563388672,-0.05119411770974359,-0.4411101209209497,0.014655344389138378,1
1.044555240527515,0.6567457751427411,-2.1456627102786237,-0.9251855905635445,0.12058215204421442,2.328639151273303,0.19928476973096582,1.0588280377923551,-1.7049325649217555,0.530866170207313,1.5472701700767366,-0.7802402589241973,0
-0.027898384939835492,1.7021189402295245,0.3152234569596537,0.11051794521761638,0.3560799439083534,-0.021446318202120607,-0.08808189718905944,-0.38924318302629024,2.726057444576487,-1.0626158463416444,-1.1932907888855768,-0.047589189159397347,0
-0.9447858385373319,-0.36875795429278685,0.038045645629939034,-0.5203768374646837,0.4400023998938141,0.26789004491318785,-0.4031963253253692,-0.022550955509454355,-1.3738575919088336,0.22113298068659645,0.5798494897912467,-0.2264636937653986,0
-1.3770178636515917,-0.5329491892181507,-0.36878929466908394,-1.2286112739969506,2.0946289933074675,0.7127961592977761,-0.06504852012875015,0.6218904565882647,0.44589885124023976,0.8633555837347866,-0.4062198042633083,-0.8335550458197357,1
0.8138275887153772,-0.42995074075261713,-0.3357747296183074,-0.2894371369236827,0.419768252201469,-1.1778214019629345,1.2363373266405147,0.03223600499426797,0.3236219688709207,0.18804448062330598,0.48328479606729446,-0.8649028684722433,0
-0.027898384939835492,0.3974257917693599,-1.629334819305828,0.35480266693279094,2.0946289933074675,-0.0769839961537739,0.6338638807820449,0.027981667527932786,0.6191068125071089,-1.0626158463416444,-0.06441377729220943,-0.31796673540869436,0
-1.0555499840164573,2.3735422103178005,2.5450441162286843,-1.8937331272371556,1.0411582302885438,0.28600392443211364,0.6614645451362214,-0.31887252515203357,-0.2526351946057229,0.3857094898316737,0.49547213054613154,-1.4389584955006018,1
0.8834568320083803,1.129994299687661,-0.6155385642968108,-0.49395960577455095,-1.0301222644041992,-0.4029588643401768,-0.14727820809816822,0.8025677020517231,-0.10437967913162247,0.291501585320921,-0.16972286496115044,-0.3645729514946115,0
0.22401585480478806,-0.2191471296920499,0.8492424564317939,0.8360574434312794,-0.3852247670157211,0.37464786902018643,0.8913925460579862,-0.6080841042460748,1.0852283987214602,-0.688314523456256,-0.14696813989756707,-0.2107737994184889,0
-0.027898384939835492,0.7826898773936689,0.7160993081960441,-0.34742011866012446,0.49823691437804635,-0.8935074369957909,-1.3068814713918666,1.0183714251853382,-0.6876286995549367,-1.0626158463416444,-0.6945123121703657,0.6629067663420537,0
-0.027898384939835492,-1.9476493987858001,-1.4948413312461266,1.2237662311698703,-0.022926822079164765,0.0047232029762114755,-1.7086000294918315,0.5541908652283879,-0.35298841338788634,-1.0626158463416444,-1.1543929647420068,2.6497329040838618,1
-0.027898384939835492,-1.281960921405136,0.7446437041664004,0.8014563250504178,1.8509139106385555,-0.08047490657300697,1.3736176199508352,-0.8746662758242653,1.2313288488761016,-1.0626158463416444,0.048956329877408354,-0.4395931640047028,1
-0.16314084785359895,0.2603085646063982,-0.14874074068346102,1.7031516373813618,1.6967408735441645,-0.47365551066878925,-0.6019063215986235,-1.0805136834699327,-1.0861806065745638,-0.9402573176000354,0.14775098485232727,1.3716146619438694,0
0.48825005328454046,-0.09771361671647923,-0.32770153207579,0.6352037001770864,1.3914180001989072,2.1038691236778364,-1.6259363947590102,-1.321364016130306,-0.2747916061847707,-0.295707856430231,-1.126267553811964,1.952714697422028,0
0.2336588495310918,0.7018034522434575,-1.5954830663974222,-0.5305611618024884,-0.7255068000437652,1.1272484298058085,0.2784257384354296,-0.9911025038603798,1.1668683800123136,-0.6739866883712234,-0.5232967767610196,-0.6034443192983291,0
-1.8720858233925572,-2.4087689864018977,0.9530352087311106,-0.47740948578952036,-0.022926822079164765,0.07330585507969219,-1.756704908190825,2.197775846455519,1.184295833434208,1.5989416007740178,-1.6502604298507955,1.130899650246841,0
0.2494800054532802,0.2133802894763391,2.1335910161250355,-0.968541475728719,-2.0984991548144736,-0.3231415014679004,-1.5997657117679858,-0.8501992381434816,0.6601380859595996,-0.6504791661396323,-1.4264906690493322,0.4688092727125093,1
0.5731006850457765,0.7269420845288377,-1.0567921481066354,0.615704684625608,0.8276712054229755,-0.9549553145245433,0.4346347095726328,1.160050922046016,-1.332728883661172,-0.16963438099633807,1.3078749603776665,-0.08211341855352355,1
-0.6622093887613234,-1.1667949852664898,-0.23889781780982497,1.8994653999269744,-0.7450452924382907,0.9582919988269554,0.7608059161059907,-1.5618989832613077,-0.21864747982470373,-0.19872712358793337,0.5409972055771294,0.36773474174063703,0
-1.2275574075630973,-0.8102589330645372,0.6252263719150307,0.608836188541364,1.3305078597629523,-0.32242746911301057,-0.058258152060237975,1.003958112000853,-0.7933744566831763,0.6412829986769149,0.3652668282780788,0.2202527329749116,0
0.30140902616810267,0.2722185016969888,0.37576582016353266,-0.14940133967746602,-0.18427777428728515,-1.422912677098529,0.7060724211979267,0.43820202771368916,-0.5073558348363681,-0.5733215542102509,0.7265485172786845,-0.5988664633739419,1
1.3431110806077795,0.6025205517899994,2.6791991612090658,-2.486567020475993,-2.0984991548144736,1.4147374006005293,-1.5119304675698781,0.2995069411977791,0.4899113716205515,0.9744689058465814,-1.322016290193431,-0.9508788362149991,1
2.2399847463526372,2.5156631681133277,-1.7154990037585833,1.745113301768036,-0.3814998839638056,0.12458551641136274,-0.42726424567961463,0.8097556317913961,0.8516143111515886,2.3070692379662847,-0.7983079217918385,1.2145811957188686,0
0.9607121029722663,-0.35816329235575606,0.9497209759008737,0.6806259076832293,-0.022926822079164765,0.7697465126420422,1.044077007412527,0.5191152779954809,0.4873470452452752,0.406289658241951,0.260264203354618,-0.35376905993091623,0
1.9053406304729656,-0.17813595543527977,-1.485915787132942,1.688478897235768,0.7425913263539617,0.18854883604728134,-0.294273505936771,-0.21706879741835222,0.1265754318384196,1.8098455185109992,-0.39506070960940676,1.050149587001901,1
0.08016728264266201,-0.6006877259850485,1.4768954383903254,-1.3641591999410623,-1.1955335218811438,0.6220583785666335,0.763530256866649,-0.22157476958057082,0.38866717439858844,-0.9020488121969034,0.14341694364197102,-1.209466753611554,1
1.2117466982805063,0.7363545354913602,1.3434174873990383,-0.9142720757504432,-0.30742522768627717,0.19488066678017452,1.064069414389989,0.8753348593442604,-1.3957577089529487,0.7792839804729069,1.9687770265867839,-1.0898361190219625,0
1.048322219444071,0.6271070104043881,0.9827075239600706,-0.5224859087774756,-0.08889741016635705,0.1033235584856565,-0.7247840137180896,-0.6628352455258342,-2.0516759188453935,0.5364632543307736,1.025168642908561,-0.00411267075855507,0
0.3900129704532107,-0.534216450428379,0.9873449679514432,-0.10396833680930469,-0.13789489162472138,-0.8979277977434552,-0.2659402864778908,0.0022297267273734254,-0.3545856294535549,-0.4416713005667905,-0.10328931241935065,-0.0595708259688414,0
-0.027898384939835492,1.1316974405486695,-0.6942066509668859,-0.47990792375240077,-0.6467088845121122,-0.771425563590611,-1.1829278817063664,-0.42155597889151963,0.9437039464837211,-1.0626158463416444,-1.2652935511321999,0.42613309578982833,1
-0.006750147819432504,0.3406138795818918,0.08049629456025255,0.6080725552697319,0.2988944173125013,0.9352873452251307,-0.641666989258435,1.1276771331402708,0.19807219468946033,-1.0311931957646652,-0.6578034066312901,0.6868845889308023,1
0.002257239165928366,1.13526168769779,0.5061910910894468,-2.049309880892502,0.011319295461244059,-0.5874759065419064,-1.4144154097332426,-1.5647082588419,-0.3567449318830951,-1.0178097646899509,-0.9385697332521958,-0.6429946981173872,0
0.8061032119021375,0.5660916380652486,-1.3329769305455914,-0.5247683963716798,-0.20806716839157777,-0.30560080900311665,0.2420548322304298,0.4240037734412991,-0.9720338560930459,0.17656738245453302,0.7649801109402377,-0.5833326839528394,1
0.5681597445607873,0.42498834795425106,-0.8762114414321734,-0.3214827580654002,-0.022926822079164765,-0.3034841666757259,-0.4249039368272902,0.51296360127984,1.057317972556467,-0.17697577051724897,-0.872949762194783,-0.08743200667047467,0
-0.027898384939835492,-2.048132282220113,-0.023987500666950382,0.05945015762751543,-0.022926822079164765,-0.4573257855596985,0.17434776378454153,-2.554563136600393,0.9711887993469158,-1.0626158463416444,-0.5004453585220091,-0.23216310504216559,1
0.7583061558689801,0.45914371144341715,0.13402259434245803,-0.21512836956927353,-0.2331301433135224,-0.7421306743870235,-0.1104050570562163,-0.6709999748546125,1.0921009943836084,0.10554916085112455,-0.7096717180119508,-0.22296784157652108,1
0.6674159634932803,-0.3178536092630798,-0.7950589698696775,0.37285307423004543,0.6903615461712495,1.6590091909426512,-1.2560057346179603,0.05237603772010939,-1.0765168018580726,-0.029498065054087544,-0.421366132398433,1.181389939220458,0
-0.3714969841626977,-1.005586275370755,1.028346833251321,1.1123429229509416,-1.9295231870091452,1.3114169468798162,-1.0105652089512795,1.1280461737308538,0.31228522293699223,-0.6306758603118574,-0.9443379636300815,1.4391222832454078,1
-0.6053996980653286,0.977060034823386,0.042261676828923574,1.498642332809833,-0.022926822079164765,-0.9505754688410272,-0.3759962227229291,-0.1952944240889703,-0.11361638034206037,-0.2831365734140996,-0.3228686183109024,1.0103582135951816,0
-0.027898384939835492,-2.5025606854933793,-1.3848862227103256,-0.49804761389132524,0.6453823050443503,-0.1549479759229056,1.647227795428519,-2.554563136600393,-0.23980331638559,-1.0626158463416444,1.1869449729053572,-1.079910358814586,1
2.076507230742927,0.740034557471351,-1.152391427860845,0.841173468960308,0.11593877882572255,-0.3615167217469198,0.15838198078063864,-0.3355233719371779,-0.9361489933935196,2.064169708282048,0.662582367937239,0.20477387911471864,1
-0.027898384939835492,0.2096418857243242,-1.3034299920978827,-0.18315858337559887,-0.022926822079164765,-0.536163051935637,0.5299371626884339,0.43399486513506713,-1.1687473108703448,-1.0626158463416444,1.2093669623121137,-0.5383169435338201,1
-0.4379701894407236,0.5604094647841255,-0.8135975113528582,-0.03845412811185204,-0.9203539584126996,-1.5237967993116937,-0.6378584950169324,0.027981667527932786,-0.7281233464561797,-0.5319080864169795,-0.14389959099342944,0.2534596487684493,0
0.2941151836769293,2.0020600942454037,1.0232685213327268,1.4496833889058593,-0.022926822079164765,-0.2872365822948919,0.5065097670684494,0.027887505745457064,1.0395037124822981,-0.5841589522713191,-0.34197072138007767,0.30232261145598527,0
0.9248556701409407,0.6802143886015186,0.8025858711524052,-1.0105492273316756,-0.7404506230144786,0.5421784908324978,-1.106217765414649,-1.0598618033628044,-0.33188357816567216,0.3530131532840661,-0.7263423196935089,-0.05271607767015384,0
-2.292877724178539,-1.6087654623127046,-1.680182184737059,2.5490151593111063,0.09088032759193052,0.07287529762102218,-1.1628256194485873,0.027981667527932786,0.44385906244376405,2.224166142599513,-1.089779374877405,2.7517465420431417,0
-0.32794602011026025,-1.4441023109841518,-1.2166047013735528,-0.19683256845144245,1.1635513817250558,0.04460611962615485,-2.0006334837407254,0.4806514850148026,0.1457026295701372,-0.6953851180111704,-1.5291436820405062,1.8283418464228518,0
-0.027898384939835492,-0.014749203998479088,0.10643017202201033,0.3763212989631694,-0.262084632324407,-0.3816801931456009,2.078747552764045,-0.919958810747005,-0.3355420451349746,-1.0626158463416444,1.5853194900474303,-0.8562280051227756,0
0.28867133389672117,-1.0883649482564004,0.03947856501023814,1.5985262480250257,-0.022926822079164765,-0.329846013404571,0.21970755971458192,1.076362875338467,0.2855385195941124,-0.5922475786879396,-0.14412547771717626,0.5742463061160887,1
0.6941214701815565,0.8920705291915715,-1.7418298741571572,0.6543248332543925,2.0946289933074675,-0.8293235386686343,-0.5692367430415455,0.45377665125946043,0.01636931501529629,0.010181734277143908,-0.5231872368364844,0.651260402750634,1
1.5583742687875763,0.8551388700605908,-0.025841585268861225,-1.9200820623200698,-0.022926822079164765,0.647084434456127,-0.4718271816115678,-0.04121073563488222,1.6633020569286374,1.294313056720724,-1.094062194170895,-1.072704332198005,0
-0.027898384939835492,1.8943432002033558,-1.5059341522183454,1.6624142579368542,-1.2812771607642952,-1.2752623685910298,0.7851464242140598,0.41954107064018736,-0.7750989458469737,-1.0626158463416444,1.0243796975032218,0.23900326350582773,0
-0.5118846495684327,-0.09591611127491094,0.13111996806544057,-0.28195472522515025,-0.022926822079164765,0.05408384957862069,0.6093541027755446,-0.1040810923769878,1.0179060930961812,-0.42208388499745125,-0.27420789476566343,-0.6229033635004129,0
-0.027898384939835492,-1.156921006768754,0.24285456838541383,-0.21348249940859726,1.115386272378182,0.5592125203199327,-0.11622776425085124,1.2633807660535097,-1.4368141046425276,-1.0626158463416444,0.9128653913717255,-0.2185337357677014,0
0.5317701671650443,-0.5105501004465609,-0.5027366295569516,0.2394715268016306,0.5817589780541199,-0.71704850777364,0.004952716705039388,0.9485799918679451,-1.3801525426192607,-0.23104443679143294,0.9647920284556387,-0.03221185748880246,0
-0.5778561436465706,-0.20008790966420925,-0.8375855286489612,1.677225699594027,2.054654766139536,0.25713692211339173,0.6963485489577494,0.5323698954848456,0.8223803839140388,-0.3240615678342565,-0.13109631576566785,0.298832870577666,1
1.2290942493785215,0.10647233209166974,-0.2750265321732553,0.1923462892547106,-0.4428722045810142,-1.276016290392001,0.6215095919830674,0.541097681014882,-0.6473818675737033,0.8050594639524886,0.78016490238675,-0.392591299766881,1
2.255472348072823,-1.5178037760305514,-0.3983155661142001,0.18758369011778786,1.7890843844628608,-0.2141028802018649,0.25320770579599305,1.4841599685588502,0.17875947287781388,2.330081155903375,-0.06301897929793845,-0.20657401962180263,0
0.6021714069623012,0.46711941311857474,1.5115732296246547,1.1514603277448463,-0.022926822079164765,2.071790778057342,0.7344000647572559,0.3782493360584656,-1.4099995601190511,-0.1264402777903453,1.6797622499256004,0.0207493387827109,0
0.04923320599310659,-1.3647647877637286,-1.197441553648985,0.8513754431095588,-0.13846034225272422,-1.8520902815152225,-0.9164890425903254,1.0025499767854718,-0.23289670399719645,-0.9480115407187385,-0.6393106619113237,1.1367819745962005,0
-0.027898384939835492,0.08923147882568756,-1.8936318265104553,-1.3549315825036135,0.2294457899208116,-0.4908796402483473,-1.0755481424597668,-0.9968830189148067,-0.9749887278800058,-1.0626158463416444,-0.33542021343423983,-0.33755927004685216,0
-0.6697578612382548,0.4546202538029366,-0.21563429200051737,1.3373016905375157,-1.9744620376214352,-1.1810108823857761,0.8886549139645441,0.8679993396760382,-1.1479298704055907,-0.18751138907152182,1.5002938358298277,0.02675443177312056,1
0.4926718739632613,0.3042977749924882,1.4465394979377735,0.5220756794324861,-1.0917023738655436,-1.0001711141651386,1.5480228691077833,0.9317591311571,0.7940470848146743,-0.2891377898421532,0.3826410046916181,-0.6248387324644856,1
0.12389599717136814,0.4322828182035342,1.133390930882265,1.2587338656530553,-0.022926822079164765,1.6207307626709895,-0.26153659920467986,0.4803262760424172,-0.8416928928098819,-0.8370754477981108,0.23930945626964908,0.7602698429385458,0
-0.027898384939835492,-2.5025606854933793,0.6509153114857171,0.8338431797974437,-0.022926822079164765,0.7210124153824795,-0.8908050061052033,0.1085168370173803,0.8330113213500769,-1.0626158463416444,-1.0613196898462218,1.0954236647977287,0
-0.027898384939835492,-1.3711060037936564,0.7772868333915368,0.8390886611027573,-0.022926822079164765,-1.0109553106465874,0.2638869519545223,-1.1494029895396138,-0.18391966913968052,-1.0626158463416444,0.16620783708239195,0.13610899331776197,0
-0.761770357131242,0.7749808928481283,-0.6029919323166484,-1.2250544275870199,-0.022926822079164765,-0.5533996796264866,2.5135703369152393,0.9965989517147023,0.5774309670292275,-0.05079661276651716,1.1022738814100967,-1.5521899360831262,1
-1.3476638980987532,-0.03848356744334655,0.14200381713301688,-0.09951817275641733,-2.0984991548144736,0.5669171522288904,-0.7968864635722772,-1.0759762609030639,-0.05891693509891727,0.8197406290998369,-0.6412195380427366,0.34542040116838335,0
-1.2429351865386744,1.1379921942607576,-1.1689153674743173,0.44902158086529237,-0.6554265604919439,-0.6934955694201171,-0.7004006942809494,-0.025308795501871043,-0.8530021581231182,0.6641317388649749,-0.10880703949537152,0.6346057416671737,0
-0.027898384939835492,0.21913408938247506,-0.04832266089025394,-0.6674020650875435,-0.4496207973290346,-0.9834726332993202,-0.5061130055833396,0.1583934359445003,0.823723068073686,-1.0626158463416444,-0.8336255632296856,-0.25333168414367113,0
0.9593741652636317,0.4488120045426672,0.679132571755213,-0.30783804306242957,-1.3260998391916252,1.5842036513318374,-0.5878577742788706,0.05634463739473271,-2.0610695365451144,0.40430171244425483,1.1931847749811682,0.03681112830390446,0
0.5543330044821885,-0.087153800998397,-0.939204763925317,1.2115166869991925,0.30918942852470505,1.0227428748521818,-0.15404117806649884,2.1295569918141246,-0.3947051664669765,-0.1975199331174198,0.004160783268765699,0.6425893344227463,1
0.6292302874887629,-0.307579805769714,-0.775984989232929,0.4599000125787482,-0.022926822079164765,-0.26315423012077094,1.910486820893315,1.4117655782582037,-0.8452979109495107,-0.08623542558699372,2.0053771830074885,-0.772379024095071,1
-0.1092943471542328,2.0178450846313005,0.3448221281550647,-1.0333055484402942,-0.04942011215471855,2.2314449307524593,0.368875162297377,-0.9459856298699566,0.050973361873507476,-1.0202639756792038,0.08916133571729187,-0.9075754312676919,1
-1.8125229355241543,-1.2643617753958971,-0.8657162645065596,1.5022834320733236,-0.022926822079164765,0.6933732191845904,-1.9436369385271055,-0.7279025634048131,0.5387935945961623,1.5104413724954648,-1.6018761000169952,3.462483535859957,0
1.4925589568396687,1.0716169047158812,1.006031154633761,0.35385691946392817,0.11828031306440878,1.386333727843188,0.56718299429262,-0.5199869952908095,1.8835641340217752,1.196522799396685,-0.6418679961312656,-0.2854684636053349,0
-2.0332655506694,-0.881563243879376,-0.6708346028979378,-1.1231167458240623,-2.0984991548144736,0.26312978925667346,-0.8913911144420679,1.34009233249997,0.18358708571181168,1.838427011377195,-0.8145561698351097,-0.30053132619589207,0
2.1067675641113754,-1.6843225580931092,2.6791991612090658,2.5490151593111063,-0.022926822079164765,1.819501366287233,0.8201653418613064,-1.8993961490425153,0.9946940111143988,2.1091313699262852,-0.14395155257619682,0.6420887182996884,1
1.4511756301727596,-0.48678665434507207,-0.44888496220461566,-0.36393312225949453,-0.7452003099025775,-0.36486651277552623,-0.8276527070449317,-2.207318730524809,0.13045317810395834,1.135034278809183,-0.749511713171345,0.18715888285970964,0
-0.1323833290600549,-0.39310930410380274,-0.9850061536333464,-0.15914922153664132,2.594067300040868e-05,1.0025979401363754,0.7051984710593119,1.002190780048647,1.2683375892898892,-0.9859577114513974,-0.3321482652734035,-0.6032548013660965,0
0.5216219216491337,0.44487027836749266,-0.22821684096139153,0.10864244078505317,-0.022926822079164765,0.25747647104015187,-2.209779349611192,-0.6704740823404174,-0.8082749096937037,-0.24612298783095263,-1.3544333827724013,2.6276793561949496,1
2.0070530219636322,2.5156631681133277,-1.0314253557916215,-0.13216945748346232,-0.4540507885368947,0.7292397111048392,0.023860818482328326,1.2014142205893377,-0.34997943454668773,1.9609726748297027,0.10464738515913342,-0.253701404197721,0
2.2904868003496666,0.11307486774543972,-0.9278605367009495,0.16008226475306275,2.0946289933074675,-1.0791898805427227,0.8536438485726157,0.42231408897672507,-0.19394976258232483,2.382106622270881,0.588229593893257,-0.5130400371482281,1
0.4845688271193437,0.07221721100261012,-0.33694415618665846,0.16704084067064429,-0.5347161625200066,-0.7369957418269181,-1.3075891484532234,-0.06052360054952824,-1.0772972232780553,-0.3011775266833706,-0.46513422959622963,1.0810538648548584,0
-1.1278443781627823,-0.1362577284605293,-1.1294045475889316,-1.2066210553426555,2.0946289933074675,-0.2771330679083238,-1.756295586382407,-0.7278259529808463,0.7694303770389039,0.49312655126336935,-1.5493690898861219,0.43643338407729476,1
1.9552438209096512,-1.11832354420013,0.9804650476713533,-1.2169693566257231,-2.0984991548144736,-0.18201779930377163,-0.5425684045365253,0.647941695613747,-0.314929799043628,1.8839930943510488,-0.3276216204900566,-0.5857195313505695,1
-0.027898384939835492,-0.23788589357349915,-0.12206363583511849,1.9040508504117717,-0.6564360344721051,-0.10291582967566133,0.16115593058673108,-0.23589508532373604,1.5137235059013716,-1.0626158463416444,-0.7182868605589623,0.7845646417142225,1
0.9032305163854071,0.07702868320161256,0.8256084195143504,0.20566937527303822,-0.9291517197794534,0.01726699730729283,0.13418894816376226,1.1258184119584407,-2.0156787867598114,0.3208818864430104,1.9381030490930813,-0.12912757996475074,0
0.887748335853882,0.05626797854741648,0.2926861263831876,0.7865937792163207,-1.729806126825597,0.35587084689971615,0.3783543188983913,-0.11260926611639178,-0.27981408632480725,0.29787802346180353,0.3125993089120696,0.03885070733098981,1
-0.1425238445733217,-1.880147735075867,0.652478587954177,-0.015030389353877883,-0.8314358257446912,-1.0619831707989578,1.2593379575973063,0.9686568040148005,-0.1880825651382718,-0.9708906458690654,0.86928507767658,-0.7518654791140074,0
0.4939896964134082,-0.7219873831714549,-0.7320212731178924,-1.3422364557377007,-0.1073964802182938,1.150909521757287,-0.9528237800561794,1.3746057304807255,-0.9236377288798785,-0.28717973186608137,-0.26752524049733106,-0.4154557541158619,0
-0.027898384939835492,-0.16591722129581504,0.01350211677536227,-0.9528714107505085,0.6828912336002214,1.0115970690043348,0.7372904040184715,1.1568008680651156,0.1748876424608936,-1.0626158463416444,0.2563925818660343,-1.0019458690555114,1
0.844805875537992,1.083304299457869,1.2891136328450334,-0.06084275318779984,-1.6728705244461421,-0.7800487182893954,0.8469555596625589,0.23193159825977447,0.40049294917356704,0.23407289787428118,0.18894115409968099,-0.6151034227731499,1
0.996934557275008,1.269169037600676,-1.0103813488979705,-1.0479605097008486,-0.022926822079164765,1.489096541424186,0.7525314073977432,0.5205012048548859,0.9716649291797436,0.46011000828415677,-0.17136943586322959,-1.0531702061676032,0
-0.6606306441093398,-1.2828644316221807,0.47822447072781704,0.6711087164829821,-1.1212759797516552,1.3077523613946946,0.025432461673579085,0.12470793143985182,1.025298700092906,-0.2010728671724751,-0.6072241949801771,0.19858689505394908,0
0.9510859571333906,0.0927830926672826,-0.5894600733236726,0.6417029813740818,0.3023546089388029,-0.31459163960938585,0.9033141056971209,0.6239239763071396,-1.4649990804586008,0.39198685771177283,1.9118413112751211,-0.3078652342468767,0
-0.031545249571771336,0.14024359564379343,0.3119699308030011,-0.8302664121343488,2.0946289933074675,-0.6971445723314971,-0.434818892351041,1.4850604846393527,0.5773197670726399,-1.0680344612540102,-0.693069326442421,-0.4014623648195516,0
2.2904868003496666,-1.0640548962415552,-0.3451828389642026,-0.13349830641545626,0.32703660565287673,1.9574570890979681,1.3975329544920543,0.5232277940185851,-0.6096847569757686,2.382106622270881,1.3449301488205498,-0.8507853659952074,0
-1.904109500029987,1.8798209873554927,-1.5243276532913066,1.2135470325657483,-0.022926822079164765,0.05301211982389601,0.6202222539353931,0.027981667527932786,0.3829025636546579,1.6465232878640177,0.05644114132322641,0.11522259801449161,1
-0.1601951558106937,-1.2121575452735573,-1.1553393254483901,0.3329271474837009,1.648909984987453,0.5680934985750176,0.8128682504379826,-0.22553989442354508,0.7994966096073971,-0.9446341103910667,-0.051405961049682584,-0.41273131714864175,0
0.0330545116557197,0.23987330531639625,-0.14655018863942879,-0.01655124754085128,-0.022926822079164765,-0.9165037620603059,0.6753065132973722,-0.5917593378861911,-0.25637862372603193,-0.9720503036691028,0.5081001899663831,-0.5204394310657603,0
0.19537132841580354,0.09649819851291962,-0.3214134080504239,-0.8632033579274859,0.10053231579389006,-0.1812890591151851,-0.5458932705118849,-0.6065237779638465,0.4172929975608018,-0.7308753732585195,-0.693685986498955,-0.35428080225177494,1
-0.6659618206577651,-0.25641362990637323,-1.5639549387761575,0.4031958890418225,0.7805986680937266,0.2669405783990091,-0.32095829573017487,-0.8542633925275481,-0.6814245345512314,-0.19315165383958052,0.07295553029528293,0.2878745189025861,1
1.6971150801285504,-1.2024515119154195,-0.15814597257646618,-0.8052573648690381,-1.5242415112213166,0.6077602396766563,0.03514368437618167,0.45034133019155054,0.2926386380632835,1.5004580895531803,-0.2662833182401263,-0.6390174011185523,1
0.9518148649738298,-0.6050774234471481,-0.4460576472226303,0.17667124805392453,-0.022926822079164765,0.8746719033158791,-1.1956221661561535,-0.6761450446079189,-1.7326907863873682,0.3930698896563525,0.15579488286314636,0.9526577781482244,0
-0.027898384939835492,-0.6527576857225482,1.7458973775093232,0.34284408350098233,-0.3709244939349791,-1.0307362473045638,0.8066309973292842,0.027981667527932786,-0.5784693073710505,-1.0626158463416444,0.8630118096842141,-0.4051573503801529,0
-1.2152858648489058,0.325974467941598,-0.16492215393894738,0.12661917295647085,0.7110892326514813,1.206499537783359,-1.2362038418969592,0.2481666218945194,0.4469283014612875,0.6230495924334929,-1.136607560404185,0.9612204189217357,0
1.3003957637463504,-1.9228775076708478,-1.9774315390896349,-1.2198738043868915,-0.022926822079164765,1.2959504180235606,1.8362779075412154,-2.554563136600393,-0.18773394286033943,0.9110012764465537,1.2748756550669746,-1.418995013634343,1
-0.37651496677024954,-0.18915570167915885,-0.7536841959291519,-0.11934754345723299,0.7090016477822378,-0.9272174253644397,0.1899739234774719,0.027981667527932786,-0.6827859267160107,-0.623219999419966,0.4734968241179971,-0.3380445116006645,0
-0.027898384939835492,0.04501589812381466,-0.5450681912655255,0.3484456984660326,-0.14236937130458022,1.826441635090829,-0.7323200202927945,0.18856093877508817,0.5280624461504734,-1.0626158463416444,-0.8549987671304737,0.595836232869134,0
-0.027898384939835492,-0.45530804662228125,-0.5136041128970292,-0.1916215878719729,-0.022926822079164765,0.8393011140331484,-0.8276245216659287,1.270189953433501,-0.5221033246034879,-1.0626158463416444,-0.4187075666546671,0.3078821319392129,0
-0.003028232030067869,0.537797813216234,-0.20893832131455095,0.3119803913837499,-1.3774395196183211,2.200832695508289,-1.6947921434428852,-0.5019795390781941,0.4119449514446276,-1.0256630677137877,-1.4119331117374165,1.774176115727809,1
-1.0732059441634112,-0.2595559868865119,0.8056742332980162,0.2752391107650398,-0.2243005089761518,-1.8274785993812235,-1.790590343739506,-0.7276495990135035,-1.820432652518542,0.4119432162241003,-0.38402589180805863,1.9080006921189898,0
1.8727247216317189,-0.2578099012974592,0.5323913058997408,-1.9470007256489188,1.955506378166834,-1.275221554537524,0.80634997463564,1.6286671054240838,-1.215364162079174,1.7613838760140772,1.5062934909660088,-1.501293048647099,0
-2.292877724178539,0.0610493597227788,2.6791991612090658,0.4524570429928294,-0.28835671275730435,-0.007643372311860495,0.3832332147126647,-0.7498323376861509,0.35317354564922915,2.224166142599513,-0.07674931787868748,-0.13828704620986826,0
-0.6099840478241636,-0.8388988798886347,0.08364835351151138,-1.3710992816809338,-1.146085917928729,0.4040533619703393,1.986674324410913,1.7502855584986872,0.04326013397410708,-0.27632501650869884,1.1810396984349871,-1.50949871729491,1
0.2794797481212113,0.5963853624414154,0.619489651472928,0.42765569727926,1.5478750000922123,-0.29923178711912934,0.15365851369699907,-0.5960101334785307,1.4188435187065866,-0.6059046975498014,-0.6880014992345753,-0.01878170671064375,1
-0.027898384939835492,-0.2553923249052584,0.81067474868762,0.5924902230198978,1.5179843731870026,-0.06942405608953232,-1.1272122586465916,-0.19068524418069505,-0.959584693910015,-1.0626158463416444,-0.3886798661551867,1.192551254505498,0
-0.027898384939835492,-0.014730646874822164,-0.3774654140689553,0.08351831391723093,-0.3774701952570765,1.5506967883933278,0.42428770470835303,0.961388442591873,1.0159230668987076,-1.0626158463416444,-0.3779363136245831,-0.3515002604245811,0
-0.07722059158627953,-0.5776622927234016,2.1157753797769887,1.1625530114446156,0.10275586214040992,-0.42357114845177285,-0.00905480402406673,0.5930776106116714,-0.43913379436022665,-1.0679200714646495,0.14092112951396354,0.5014657829586289,0
-0.8918591659537289,2.5156631681133277,-0.48004578758491834,-2.341381276330034,2.0897534793552817,0.35838630733356996,0.9997275203205755,0.37901004084106776,-0.30222259672989943,0.14249302931248112,0.775908704902416,-1.7284107724835727,1
0.6302998524250721,-0.35066484771994794,-1.831639805833401,0.0018327147387829602,0.34618374606048224,-1.7851990172358674,1.4119404242790543,1.2660349753989752,-0.11182680204452512,-0.08464623566673274,0.9148565610240641,-0.7975516368662797,1
0.4417031141606176,0.7815842906842266,0.9810102494324442,-0.5414771746594136,-0.4195363055359487,1.2638301608937719,1.1280715815191693,1.1948017263225725,1.2935954439029302,-0.3648686188707029,-0.11423787123739283,-0.941232691905489,0
1.602443894740283,1.261260927903091,-1.9339370113872525,0.7589925350317974,-0.022926822079164765,-0.7432619051662906,-0.4295832901271823,-2.554563136600393,-0.38333574776868695,1.359792956983148,-0.20509617035303182,0.5960393226911861,0
1.0825965481073483,-0.6945728828291151,-1.78682021965486,-0.04755283149887992,2.0946289933074675,-0.3005570862520916,0.5638809485834069,-0.9052553923545315,-1.001796217319515,0.5873890240398562,1.0639819446956267,-0.48546759667488304,0
-0.027898384939835492,2.2014700734308974,0.5277621284448621,0.3746072662438483,1.9392987844539293,-0.7856418436190127,-1.1963377121389671,-0.8509225252812309,0.02294077228772465,-1.0626158463416444,-0.9495256294700877,1.1084099742855875,0
0.48111245241587236,0.21567783624112832,-0.0500224279508478,0.3254197041628355,-0.018601659846712516,-0.04345781523744697,0.8160499206859921,-1.147352320310668,-0.4653757946008698,-0.30631310625683345,0.7741904918106449,-0.41775794634900254,1
0.6769486713667281,0.4561816800786588,-0.9083786139415676,1.7172348982508228,1.7487724623916172,0.7843144281738735,0.0731428142389294,-1.976976203077138,0.4306075357652032,-0.01533409730328216,-0.31247584945004625,0.7506181848642868,1
0.19389296302588305,-0.44880573708861693,-1.8804479766072186,-0.22451199256357438,1.261773466440453,-0.838912077174005,1.893479558577659,0.47127135039148477,-0.7144840973644467,-0.7330719704882599,1.8408931978693415,-1.0376144916874597,0
1.5006640164510368,1.4125724294427096,0.7383661821872474,-0.18913449829398085,-2.0984991548144736,1.7434276461422566,-1.8755740066476423,-1.1574978863753211,-0.5551493824460798,1.208565526864872,-1.196048837383583,1.6047490463878613,1
-1.9034600965248758,-1.791718800225845,0.8189039012721221,1.1821989881245232,-1.1153860168688605,0.08616416649727494,0.9225961509158073,-0.20313623496111188,0.5288906856814589,1.6455583857159852,0.16108423960814677,-0.0637353691601554,0
-0.20967776932543775,0.5007037273271766,-1.0489659214137517,0.18481425893543463,-0.022926822079164765,-1.2376159587534286,-1.0399941881697055,1.5098897999901948,1.367320736682422,-0.8711114396711779,-1.3073097713353299,0.7847064729687763,0
-0.24893284266645954,1.4371818045087303,-0.4492848843522925,1.7246952187962024,-0.3642114328914757,0.1615396391825952,-0.2139717371453659,-0.2588516439827225,0.03825287263214652,-0.8127851382425545,-0.2950689219198606,0.998005208700126,0
-2.292877724178539,2.013587922307531,2.0270000496801956,0.3554539206130563,-0.957232051310829,-0.3049333588918537,-0.9035857817403992,0.1968637253102053,-0.3799849981057614,2.224166142599513,-0.5541201628927082,0.7670635457663344,0
-1.3723682573349207,0.3062172840016845,-0.4564155673829299,2.5490151593111063,-0.022926822079164765,-0.8697596377422675,-2.727054451479295,0.38061332809512805,-0.17068648561218758,0.8564470667847702,-1.939309145172025,8.050037116890879,0
-0.027898384939835492,0.5552124989274954,-1.4964854416019764,0.11715628985641877,-0.022926822079164765,0.8801102494558505,-1.429752692860921,-1.8445980663018309,1.9710174303224033,-1.0626158463416444,-1.6488214151205043,1.199088733007114,0
-0.21977913107401242,0.1606844307080704,0.4723907000369029,1.4422555870987717,-0.1946671537355592,1.1352791930792543,1.0509471414776266,1.5413822192589015,1.5831388035057734,-0.8561025498630103,-0.2822548793449006,-0.008695283539098929,1
-0.027898384939835492,-1.8079774664588384,1.3923324533050512,1.6170443925981801,-1.8411134767912471,0.8878511671071975,-0.18553899427155465,0.2698094433426155,0.9076182705178102,-1.0626158463416444,-0.6803773771022777,0.9086143247872928,1
-0.027898384939835492,-0.04825485201306838,-0.5183779330702697,-0.05004938723966843,-0.1471737418444085,-0.5461186947784029,-0.9530124212829959,1.5944530122855458,-0.16779939651809117,-1.0626158463416444,-0.6969858948510637,0.5235791728562074,1
-0.027898384939835492,-0.9969797870737663,1.2739092350208177,-0.5156250914224341,-1.5190185090672308,1.232234177910633,0.4787117354473847,-0.4171038103855271,-0.6106038345843899,-1.0626158463416444,0.6387827762803892,-0.6848245637547031,1
-1.2746477513709313,-1.1211442516580576,0.4038807633809759,-0.5307626480634017,-1.0485919792090994,0.8675414898952446,0.22558853702662499,-0.3275393985479598,0.24715384606261795,0.7112511672102548,-0.11932443078154786,-0.578771134819425,0
-0.027898384939835492,1.1751122826928242,1.2422720617725198,-0.3058056307759935,0.4466556940191804,-0.03947668382864006,-0.37958273667621323,-0.6588232016034277,0.4151147952202974,-1.0626158463416444,-0.588501893000788,-0.10806913488801403,0
0.28286253766572034,1.3798735663745765,1.7321501380908249,-1.6510170313684918,0.17065736166205053,0.3147161747941366,0.5589564994705308,0.11384497075505598,-0.7590080422734516,-0.600878452892746,0.8292420331882069,-1.2895312650327142,0
-1.6641659374411608,-1.3628536941311635,0.11009615042509667,-0.17497302268679402,-0.022926822079164765,1.1768953510903022,0.46109216132410896,1.2872652469883457,-1.9336235346313482,1.2900083366414263,2.1649020914593318,-0.502475499154567,1
-1.5640881881031603,-1.720982378359768,-0.9572733999035055,0.7631916808904348,1.0963306637107586,0.13916722596437117,-1.326615955146621,1.0633479539553476,0.1670911392185665,1.1413099779992948,-1.0930991540095827,1.5918195437910545,1
-1.3033293488005373,-1.7019721149570946,0.4337652118393373,-0.32923824807367963,2.0946289933074675,0.1975000663481621,-2.0675234903823183,0.43194673194874506,1.4502510407949258,0.7538670982161826,-1.8722035402200574,1.819282783958243,0
0.035754833230390574,0.4157714972508939,-0.5976912664941371,0.2200934399653952,-0.4188171441837324,-0.2868171922751147,1.426695243629128,1.6887383541608618,-0.08454295570491305,-0.9680380892796349,0.9033703863772783,-0.7092638918625196,1
0.09919602096760778,0.5424468751626272,0.6459682681665898,-0.12786067737914897,-0.1915827033298288,0.3680432938488876,1.1266871189047045,0.027981667527932786,-0.6698425765418659,-0.8737753730491702,1.193579462235388,-0.754335962636353,1
1.194935655714117,1.911920298835391,-1.0607689328000558,2.056300687899769,0.7120704731967158,0.9740109733065001,-0.8949646500557195,0.20895355955648912,-0.7791510199657148,0.7543056565875206,-0.31491171973249954,1.973374128965129,0
-0.11000215654991777,-0.3381477645472287,-0.8328723209846368,1.7747524631495535,0.22875501186085068,1.648772343062347,2.497795608047152,-0.11579385496066408,-1.4114947017215864,-1.019212292402291,3.332030363693182,-0.46794001444744665,0
-1.5852049372736055,0.8870803731139119,-0.5675357366556659,-0.023678420525121834,-0.33896563821526143,-0.9107619527479076,0.4326378552462323,0.8892106744968917,-0.07175847717355033,1.1726858428870803,0.21005141691798754,-0.411016349266916,1
0.709896049162244,-2.2322157625289445,1.5783483801279508,-1.5205932713402737,-0.022926822079164765,0.44183001125226934,-2.1895111912064595,2.0920463769785127,-1.2020638087403133,0.03362005116791193,-1.1630521687651136,0.7163733827917306,1
2.2904868003496666,0.8987104259111088,-0.8315030095022802,-0.25108817657549076,-1.040307943051906,-0.9201828998527617,-0.2192844521619552,-0.14048600544579018,1.5785083051750166,2.382106622270881,-0.9381454362099829,-0.17786636554676208,1
-0.16206394040716782,-0.9000618584499068,2.1848826050023016,-2.396331718825581,-2.0984991548144736,-1.5801548135365502,0.5280708746669769,0.39859388343818175,-1.1502263192497064,-0.9418574172301036,1.187711171341476,-1.6574550529767644,1
1.5667638011897944,-0.898306498945894,2.6791991612090658,-0.7747014645021837,2.0946289933074675,-0.3451144709289673,-0.7082744006467833,-0.2538545507602881,-0.8666258050721634,1.3067784619305423,-0.1057110548380798,-0.1875061583298998,0
0.23173313902479953,0.6738238157877072,0.3109969608747276,-0.7657098249092364,-0.022926822079164765,-0.022695243564966387,-0.6127605488924112,-1.0772556162559956,-1.9496509150262964,-0.6768479636636808,1.0156092830645893,-0.24703747004187643,0
-0.027898384939835492,0.4615765681645424,-1.0486323966567586,-1.6729760445893234,-0.2153844391573998,-1.1719367874191151,0.5402478079943392,-1.051697453244374,-0.6874784755864107,-1.0626158463416444,0.7514816272592164,-1.2950296948040505,0
-0.027898384939835492,0.2863367698628099,2.086394822401711,-1.5715482624573818,-0.3100077019138602,1.0133282237332757,-0.7921141889708779,-0.7195916180963631,-0.07338095269456286,-1.0626158463416444,-0.6309484108422333,-0.6799591108083113,0
-1.5352580391089208,-0.9402220760883621,-0.23600879155869803,0.5870532870875538,2.0946289933074675,-0.9399230990525688,0.3731006857360093,0.15618919459821287,1.4192337839678462,1.0984733248650131,-0.5717302744751139,-0.062338318204595185,1
1.6152986391593651,-2.1024486680770433,-0.6791673784653086,-1.7351360945577798,-1.9564048188313716,0.8930104125395691,-0.36468719406877376,1.074801767857066,0.2987607060174655,1.3788929008620399,-0.5254659653663624,-1.0032336230118624,0
0.8842273950602113,-1.291238175038661,-0.4169440995574165,2.5490151593111063,-0.14802715352926943,-0.5891683678365455,-0.1576616259401731,-2.0098322731396934,0.2671477952550797,0.29264650976012435,-0.3771424032104894,1.4330375835949776,1
1.1339609368923629,-1.3234707475972698,-0.6909157317913697,-0.38673983137471935,2.0946289933074675,0.21094714813623613,0.11696276222462432,-1.0764381947541128,-0.9106241459212612,0.6637076898323114,0.6057303012540571,-0.4463959238345045,0
-0.19081629029790836,-0.9439405127215453,-0.3471735442383624,0.4691435555754646,-0.022926822079164765,-1.654906044791037,-0.2517474313280115,-0.7793090374781646,0.18274796089079448,-0.8991363602105493,-0.39567988333836146,0.27630715881166173,0
-0.027898384939835492,-0.45488667080839745,-0.04415919729085421,-0.2866598542214007,-0.022926822079164765,-0.4389928132187322,0.3632519802998907,-0.3965812071629745,1.3675708181678643,-1.0626158463416444,-0.5570247759262451,-0.5143261202958277,1
-0.7745529281673089,0.7298865124463718,-0.2896662699999318,-0.6949316543764391,-2.0984991548144736,0.8636569950510536,0.6426974157510428,-1.2837771900144157,1.3816756117863265,-0.031803906147285954,-0.4133949129626613,-0.8412977254572025,0
1.264026664338262,-0.6220462078993805,-1.1254526403464926,0.23071874275597262,-0.39499044617818824,-0.40236069841670613,-0.5461770633679345,-0.02077898474623733,-0.0762565459082824,0.8569630369472793,-0.4603656179873866,0.35576256043172627,1
1.2422261441158466,0.27905949042584693,-1.0147702634234688,-0.2645829464082693,-2.0984991548144736,-0.3540435371038756,1.413353777085025,0.11454518268423362,0.07434890462211874,0.8245712056355129,0.7725704930365938,-0.9121467797499626,1
-1.4637082334347278,-0.10659891563047467,-0.523050717466961,0.46611062175543866,-0.36824521526339554,0.20610965600716077,0.975488838611829,0.02279846710965802,0.7337427739728911,0.9921625941052425,0.07899619661821537,-0.4223518445316069,0
-0.8161874967899241,-0.5229153590548243,0.5509997445375017,-0.19958090099062537,-0.022926822079164765,0.05129144936595081,0.10954714009139695,0.5968404676905471,-2.248284220300971,0.030057916864407966,2.315209474243897,-0.3389679633365294,0
-1.5712457080248146,-1.3562617579455654,-1.4296628091443029,0.4687304470202248,0.5045294567697446,0.856162996664225,-0.8583393133228948,-0.3278611588469581,-0.08944202103563564,1.151944824119822,-0.6688064228689395,0.8015802119146349,0
-1.856632437353692,1.1859918934383784,-0.9029795602117922,-0.4957781468918555,-1.1804169567637537,-0.5633167795979547,0.9391352493973548,-0.4638326863115924,1.2734392316109453,1.575980521466752,-0.20740559294250327,-0.8553027750043483,0
-0.7588156023065216,-0.568745943619504,-1.0178016492788315,0.5313089064462094,-0.022926822079164765,0.11738656186265768,-0.15313222815991537,-0.4077906141614678,1.071467891316632,-0.05518687129583259,-0.7257144183524253,0.2417804404964517,0
-1.2290236867826227,-0.6653963745873024,0.8359991888515531,-0.40565141203009186,-0.022926822079164765,0.4420381603027511,1.5539581841093162,0.07083051608252128,0.3777812208347186,0.6434616379318617,0.6486155033239767,-1.0148956964122933,0
-0.6907130751496721,1.3997189719580725,-0.7066999036903833,1.9037777122546573,0.1763595374656848,-0.2543892358541872,2.1438203019776694,-0.2012578099022694,-0.32200397737805286,-0.15637553785349956,1.6192097435591977,-0.29451284455754656,0
0.6706610736972229,-1.4120282956413115,-1.5106069425464175,2.5490151593111063,-0.022926822079164765,0.24369547334079877,-0.5671703473761494,0.027981667527932786,1.643275501537855,-0.024676388266479297,-1.137086697981545,1.8857205841174354,0
0.39168307208487757,-2.5025606854933793,1.799382699785412,-0.48336452051386747,1.3878026516831357,-1.7669364919514159,0.8406278130938623,-1.1142716579575171,-0.24987994130639327,-0.4391898161905215,0.6210974469943671,-0.8134482123783584,0
-0.835838384725425,0.5969781511700842,-1.018792420463341,0.4288303585157193,0.02785227440282305,-1.791100331735572,0.12514979488070327,-0.7012770597335112,2.1562185542444716,0.05925576355059355,-0.9439432210558231,-0.0007390956921073694,1
-0.027898384939835492,0.5154115130030705,-0.900529131580466,1.2789532343136365,1.7314220363166961,-1.1240535348321674,-1.7287965324483923,0.5418162465757417,-0.4494441284755087,-1.0626158463416444,-1.1296344821528586,2.743277707747901,1
-0.5827763708663126,-1.174020150768762,-0.36360538405384824,-0.17865622150978896,-0.6164975460652267,0.8900398956688856,0.240430627010432,0.12383348925426461,-0.9111147375864277,-0.31675095467037545,0.707961347198112,-0.39644316347415776,0
0.26409552628558036,-0.4944248087489051,-0.4204567315642878,0.9362525812248325,2.0946289933074675,1.6984481271371992,0.150989358315713,-0.5443237601996384,-2.2949299313582237,-0.6287630107220795,2.4553244122980615,0.26177051651780825,1
-0.6910422873590124,0.9305402782845731,0.33398838650534896,-0.260897061003873,-1.11696417909444,0.023234126509512506,0.08018184742091151,0.3135229830128225,-0.36418389900933845,-0.15588638501485472,0.15525422379932974,-0.35715583333935697,0
-0.027898384939835492,-1.2612836244541012,-0.6623906737133332,-0.31079033241329507,0.5841647427061097,2.498162077800538,-0.23334126546189204,-1.539644742821115,-0.2585430820141462,-1.0626158463416444,-0.13884234474065552,-0.20488461093663562,1
2.2904868003496666,0.9666813393725403,0.42543099912861065,1.2563611878283363,2.0946289933074675,1.6871879544720998,1.114209013224824,0.37363460449149044,0.5108629221572594,2.382106622270881,0.2895234627215289,-0.12441051726072846,0
-2.292877724178539,-0.5935571984005082,0.012237761739279134,0.16312582487494057,-1.0882378557984367,0.24145578394475148,-0.5552132264089403,-0.19534968780141285,1.2281374956301558,2.224166142599513,-1.0035371519865104,0.3191890685084284,0
0.0837874171931137,1.003812810787192,-0.7498380909511175,0.18158771472784038,0.030731599955405864,-1.648312794133718,-0.10389304380567219,-0.9968255014851376,0.16604160683219887,-0.8966699135977976,-0.29014866498102077,0.003787172818006685,0
-0.7151947266131046,0.3941225375074375,-1.3643627316631366,1.4673807426620957,-0.022926822079164765,-0.21483556106129048,-1.9135860172245716,2.257581424723133,0.04672235988817603,-0.12000000569433594,-1.4409906136553083,3.350547107974874,0
-0.19072874096212275,0.41541821446851934,1.2545850068011841,0.1970686820141674,0.23215151127911118,-1.0888469779207408,0.7510942023217597,-1.5390449402469701,0.551773417391271,-0.8992664434969706,0.043099166885780915,-0.4501795352309965,0
1.9316488345039575,-0.4348206176780812,-0.21982173315466919,-0.25338443177446224,-0.022926822079164765,-1.0446141637953439,1.7042946264585033,1.2597602363732585,1.8126625345215615,1.8489349942846653,-0.04795471605124865,-0.995886231465322,0
-0.6445360687809635,1.647313098276244,-0.750293557538618,0.575779353582924,-1.911806988734609,0.7414893810274731,-1.3952555063643792,0.22646894855253563,-0.34685243695019846,-0.22498664371324092,-0.9290793500471342,1.5360912818493884,0
-1.0764940933116782,0.8527771085583374,-0.9951965343069304,0.3737279109388291,1.1050953311061376,-0.6517621465757903,1.814373612641364,2.4785134370648407,0.09033680747746584,0.41682884149597244,1.0277893769976798,-0.7760592927995309,1
0.5961933913180547,0.6686196958100874,0.20310843517158847,0.2420440175970519,-1.720994173638951,1.4921187034798131,-1.2022499335117205,-0.06510776321137587,-1.0768654094974193,-0.1353225829992106,-0.37499539504623663,1.0117101344456343,0
-0.027898384939835492,0.7077432295573842,0.885438924049892,1.4528348587359807,-0.9772186755459026,-0.017391122512031204,0.9250903823411619,0.24992154496767408,2.321012460175408,-1.0626158463416444,-0.6183240729320367,0.061645960980078185,0
-0.13710962293332046,-1.830966819955037,-0.8083465163465468,1.646442446415174,-0.4618287780629162,-1.7474468617030596,-0.02714485858638953,-0.7508121885714739,0.7860542931776308,-0.978935249954573,-0.5379477355049566,0.7913833538882497,1
-0.027898384939835492,-0.5226793745214648,0.026532829504033753,0.7564923778533185,-0.022926822079164765,-0.5135940742564911,-1.2782967887077012,0.2398847815884401,1.2742573984639174,-1.0626158463416444,-1.410808377044184,1.5181665137827776,0
0.8505956194626183,0.37346852950633425,-0.20075726734004162,-0.5662734367147026,-2.0984991548144736,1.2430228597251736,0.041981452606687994,0.5678478463141288,0.7142890629024744,0.2426754636218631,-0.46557460301334075,-0.5079836565467347,1
0.8594811140900186,-0.14327681066069198,-1.1582802278058413,0.8081861080640347,0.3837075518906914,-0.27892998843327077,0.9519754784868937,1.243131339243526,-1.1551400438465516,0.25587778357367885,1.5640540191319872,-0.2527593920944846,0
0.8930991341504184,-2.5025606854933793,0.3473802630372857,1.5203909420468094,-0.022926822079164765,0.6527795970624629,-0.0005571951651160214,0.7531020716943642,-1.645228306150151,0.3058283913446067,1.2680740307392042,0.6982020891090144,1
-0.48675347110734746,1.0547926226370778,0.1403304398745366,2.1787805700697542,-0.558259610570917,0.3117785453025426,-0.19741422686823562,0.027981667527932786,-1.7421202899135675,-0.45942450279336833,1.1906026697919974,1.2529894128864894,0
2.2904868003496666,-1.0484277192986395,-0.0014119987197192664,0.5023160190215321,0.7046456291199142,1.6539626018596856,-0.047788134485772474,-0.6453248587174001,1.4024488616464628,2.382106622270881,-0.789132542580357,0.15190834310871185,0
-0.7690522480234596,0.9554212636260155,-0.18087541625921452,0.6732039618349572,-2.0984991548144736,-1.8830515412882136,-1.4091853125903973,-0.874702975923147,0.07854436066260222,-0.03997697273018105,-1.1143705852442407,1.6381486861152437,0
0.10208685212625124,-0.5153736018440044,-0.9613734113834598,-0.7183115758779209,-0.49872009903871833,-0.07278872560759879,-0.5800822631931738,-0.17703863409675533,-0.2924010187962474,-0.8694800941160878,-0.36743140097917343,-0.2376928544749596,0
0.7425894124633259,-0.7211071394701191,0.6343053421357158,-0.30181297870714074,0.6371867695233651,-1.210607289407346,0.604835173582627,0.027981667527932786,0.8677803967938966,0.08219677769822997,-0.2064782965317141,-0.6308574937926786,0
0.7047346521004371,1.3418896959041862,0.7819881156347429,-1.2921520047195683,-0.022926822079164765,1.8176137600706523,1.0685423623566654,-0.6350024719002484,-0.5785123224624151,0.025951101011979713,1.0631692456276813,-1.263364784115114,0
-2.0781669668006377,0.37252399373538275,-0.0026451633471889485,-0.8124420104549513,-0.1992408240890347,-2.0253967934174475,-0.9261661307291483,-1.2593047618966333,0.7971776527067931,1.9051428090803628,-1.0698303681663617,-0.051693723205141165,1
-0.16381886457801204,1.2096320067864557,0.3056407347916626,-0.9724299257069132,0.03373645940012764,-1.1193155046184946,-1.450493124413666,0.7171302089570599,1.2197496308254385,-0.9392499011191588,-1.4906904651301116,0.29986013276882584,1
-0.027898384939835492,-1.0689060471172065,-0.05981226393518416,0.2947100586329204,-1.4041671731665288,0.37176320749476144,-2.0718060972744317,-0.38415936277870266,0.6967890274639872,-1.0626158463416444,-1.7184460310504608,2.503733354442181,0
-0.3005889720395802,0.28332413676254886,-0.34811547384994584,-0.2437984790926517,0.9319376798357538,1.58814791501587,-1.9103328077344284,0.048143024085886235,-0.13494426215455405,-0.7360329960091558,-1.3790170671535655,1.6114637862915424,0
-0.027898384939835492,0.26828541860262356,-0.675402969872213,0.013453537650980639,2.0048004414394716,0.39020132563726173,1.635558801840228,0.24989131872615114,1.1386033772471185,-1.0626158463416444,0.2405111441539815,-0.8656903797310561,0
-0.7595750229135766,-1.7544718148840894,-0.13582779198558118,-0.13540115661616947,-0.022926822079164765,0.010692355982257477,-1.7910468308433667,0.07113704181225865,-1.5792780607166388,-0.05405850261712955,-0.5681795454733336,1.5127984335185076,1
0.22779101166760773,-0.7253891134466174,-0.19182833729588789,1.2843615632098266,1.5843545486505262,-1.4603224391940557,2.7506220042288985,0.9645335021260221,-0.25141186841727836,-0.6827052883082717,1.983508012876178,-0.7196872100024198,0
0.1423656086982135,-0.6785584715717233,-0.8883573530690604,0.46360826684602685,0.12100722910324488,-1.3063533957073963,1.1690960407114508,-0.516941087001358,0.28667368573962054,-0.8096327751064613,0.46449187419143256,-0.5051087627869761,1
0.30327980618268113,1.5852521240072666,0.09310329325266586,-2.352465532652104,-1.1546522734331073,-0.872221384769471,0.569556983953201,0.8726016044912631,-0.1748533153217393,-0.5705418962004691,0.3747291263382968,-1.644655591465672,1
-2.292877724178539,-0.1751284475495361,0.5897687692765552,-0.9511114989776606,-0.022926822079164765,2.8280030422193403,1.1743884808355094,0.7724099155871301,-0.5014980584016041,2.224166142599513,1.0735752001677745,-1.1394456610927215,0
1.193063991755396,0.21567478274480664,0.31988117245571923,-0.33349103386368756,-1.420854261538218,-1.1285976049593092,0.7404761484823313,0.16811053649691843,-1.0615178101158687,0.7515246851884587,1.2760035317105018,-0.7026750118379109,1
0.554752815207079,1.1792070325788697,-1.7661884860628987,-0.17317670817643915,-0.022926822079164765,1.4568412318853878,0.689958385594884,0.08360547381209336,-0.1134469802441612,-0.19689616643457064,0.4157873262835982,-0.6036353923478893,1
-0.04189902136653244,-0.8324011229425042,-0.1937308442667988,-1.2157112226258753,1.3988795453815992,1.0532845496544487,0.37587653225201656,-0.10097629367426977,1.1919617702694973,-1.083418389068338,-0.4798998351230795,-1.0055832610652056,1
0.7313007964125506,0.13933602231948755,0.5405441684463533,-0.2492715243927466,-0.022926822079164765,0.0540289642072699,-0.14463498597370958,-2.1641236841713636,0.5101797004370224,0.06542383177173604,-0.4857902498221521,-0.22244563512100207,0
0.36749853356401835,-0.1783628702446453,-0.6316630871685861,-0.8810074998041121,-0.022926822079164765,-0.31044236885133875,-0.11188403959354223,1.8846914928955814,0.48611024186871343,-0.4751238895120891,-0.45438367722039524,-0.6099224355710408,0
-0.24627997594145937,-0.16527414644541152,-1.8217923697767469,0.40003125007526963,-0.022926822079164765,-0.039265260369653575,1.9933054251474087,2.077408693264451,-0.26784535078329746,-0.8167268428703389,1.4590993907340077,-0.8214954535631346,1
-0.027898384939835492,-0.8568677815428449,0.15158165733434686,0.7253300610065788,0.1022188675326458,-1.208823931713221,0.1451218035587902,-0.505634100688271,-0.5878168961646364,-1.0626158463416444,0.36466614941990816,0.14987230443014202,0
-0.027898384939835492,0.07919870828261728,2.107918240137498,-1.0634711274236412,-2.0984991548144736,-2.1065605721447693,-0.008644434592444045,-0.8762290400743866,0.11024352342356296,-1.0626158463416444,-0.19719659955175742,-0.7645500293316037,0
-0.5920065064068734,-0.2829931272884328,0.682403332445368,-0.4002168567622492,-0.08981863049244956,-1.5419022654546528,-0.003568575335686196,-0.5317173171994003,-1.3542785639651063,-0.3030365574741484,0.9291291394004343,-0.3901846297681223,1
-1.7063656422248863,-0.8383414380696398,-1.7244641775772305,1.1986352236913547,-0.5029266312794426,-1.715006151584514,-1.891287570550745,-0.16295200198106982,0.21274255447202903,1.3527098549912178,-1.4774890679481205,3.0255038131112895,0
-1.6272465254784862,0.27295372364649967,-0.48716129534435587,0.6441761099665197,0.5254234917461675,-0.17116389442237,-0.9980319810551473,-1.2128183161181845,1.5669052349679466,1.2351524271390946,-1.3384260254525857,1.0787271520301618,0
0.9749929374425806,-0.026270871869698703,1.5634790869684028,-0.2634483754529096,-0.600602771686244,-1.8010395964077999,-0.6109228619258034,-1.2718709030609547,-0.9267028976003915,0.42750852716958576,0.017483010777260905,0.08330038135057198,1
0.45010405028609807,-2.362350248637499,-0.5653815861646773,-0.19373648743309638,0.6438924822754551,-0.7392066219796577,-0.38895331754486245,0.19826880793657772,-0.7444555552732932,-0.352386269685398,0.06446502961042799,-0.031982979855144984,1
-0.027898384939835492,-0.13538761303123867,-0.008131325570097606,0.09261150022305864,-0.06776266496372649,-0.3791027296650553,1.2158538282485647,-1.304558435485727,0.47770333441925217,-1.0626158463416444,0.3724863977091874,-0.6885144446564153,1
-0.12333667310479218,1.0211572492538479,-1.2808562687949228,0.4338523074422177,0.8972571156651208,1.0584979701257164,-0.4782195023666066,-1.65547103199653,0.21637921032164,-0.9993994894754445,-0.5598440230003593,0.430771063331256,0
-1.0552605684175353,2.365621221033,0.5967665645018337,-0.21913146427529415,-1.1697945294181809,0.19890543970254343,0.846192959743862,0.42856029693698905,-0.7967143461817462,0.38527946792560785,1.0939115514849334,-0.6899899925901847,1
1.1849945572650369,-1.6165066335752403,-0.18359521436011209,2.264674212615262,-0.022926822079164765,2.2879242082340836,-0.3718573106076304,1.8487998909596075,-1.241641490110129,0.739534890535563,0.48305723072146156,1.4817636461536996,0
-2.1572365307176846,0.35563122741349085,-0.4237269396550779,0.5179728212023883,-0.022926822079164765,-1.729544317492437,-0.2946185443888242,-1.9602820543761732,-1.5643037559053385,2.0226266099330816,0.8819916909479457,0.33801145607006694,0
0.6357205283645706,-0.7898280478241626,0.20891223769596629,1.5512329330853243,-2.0984991548144736,-1.2426965906278038,0.5621866779177457,2.6150000316625386,0.9324173299171467,-0.07659204159995767,-0.2616129035421593,0.3187669757577799,1
-0.9753073362098199,-0.44460829897560306,-0.9748515204139443,0.7292606598593818,-0.022926822079164765,-0.3264398768434658,-0.2778247594984929,-0.8545040722786078,-0.5928345778460541,0.26648268766162414,0.04429899916714265,0.45335618649612136,0
-0.027898384939835492,-0.10820770794176893,-0.5176143199264276,0.3759338538777577,1.5195975370239037,0.5097591261571253,0.597529384515817,0.10877159557811107,0.31412457034807256,-1.0626158463416444,0.08165567990721362,-0.2895664169848069,0
2.2493343083327724,-0.18123453052940142,-1.5042924883702722,-1.4182994262941215,-0.8598294534377348,-1.196129885652361,1.296406125268376,0.15225408305551233,-0.011966678032008621,2.3209610823539273,0.7582542807411208,-1.3785030977622805,0
-0.669409655512688,0.5238070688335312,-0.1648507008037085,-0.5578465314575891,-0.022926822079164765,0.09354601864202923,2.7506220042288985,0.9754819800402506,0.15087714978964983,-0.188028763015321,1.5968854172913478,-1.3601970024547332,0
-2.147303659698072,-1.5678795158481686,0.28190991334036214,0.08962943974707493,-1.60931072951158,0.6753754730137463,-1.1162780593424,0.25051152877246796,2.5472266497824143,2.007868068429196,-1.6144725280122956,0.7954065223958728,0
0.48904869428791375,0.007300712764683865,-0.3270714200059135,-0.1300593471768249,1.8577625907715616,-1.1086819693342695,-1.0671010327123718,0.6732498463618953,-1.6027441959528126,-0.29452121297420336,0.16300551844949143,0.5771461379245721,0
-1.064181551923322,-0.6092812979685078,-0.4551327957932731,0.8454739285020663,-0.9467751686574848,1.5436241382614675,-1.199070898788076,-0.540252869118306,1.6238847398181044,0.3985345182595617,-1.456546140446635,1.4805935742517948,0
-0.027898384939835492,-1.5249300714438638,-0.7733754863744005,1.2369175862240507,-0.8435681468845817,1.6861867190829112,0.6998481025985048,-0.8723685744458375,2.6577631047202437,-1.0626158463416444,-0.8253332411518444,0.08147842356172824,0
-0.22500516309865654,1.1192974170197671,0.6205367709790586,0.4930125715731224,0.5240806399611787,0.46603846808763827,-0.1247241669255851,-0.08888366260715991,1.2138062531592106,-0.8483375632459429,-0.763053969218542,0.19929803383353076,0
0.50360676088551,-0.10945623383319632,-0.7138412605280958,0.4905837206617017,-0.29805123551395213,-1.563515962525013,-0.2728288166541454,1.4759915707755793,-0.8551860984155274,-0.2728904246882459,0.24062707546329767,0.30493084975615414,0
0.7839596551042738,2.5156631681133277,0.8402219771134989,0.562114044377311,0.023626160864626176,-0.5338629886259917,0.9553179897142364,-0.12771490744597527,0.242997915830355,0.1436658576688346,0.35506279145855313,-0.36883241079015744,1
-0.7001426108434501,-0.5404852082543002,0.2753638439068009,0.025833774240627702,-0.38918131309903015,1.2161304622697902,-0.24234663236987308,-0.39579197903766633,-2.164341908911651,-0.14236486625369596,1.748479759922912,0.002982784992384437,0
1.7406876403068476,1.8269469652623183,0.7757926202772063,-0.6411696724401452,-0.022926822079164765,2.3952306260057257,1.263638936415976,-0.0478375096274548,-0.4411122314018729,1.5651994353888636,1.086135568240038,-1.0287475503382357,0
0.46452851255746824,0.3745532582104569,-0.5339652583776692,0.3651991517962939,-1.4924883786159566,-1.969523354592512,-0.7669631030316947,-0.600684859944795,-0.9652854711215002,-0.3309539944969945,-0.08407804893792385,0.6397160731550138,1
0.45253439619076324,1.1999825909190545,0.026205760614071188,0.6463037900383203,-0.022926822079164765,-0.3774058478715214,0.1903863493478701,-0.9857168464542363,-1.2132218829041803,-0.34877519280420444,0.9565896727825679,0.07800496079584983,0
0.014769049679787883,0.7863533315104106,-0.5349667991498344,1.3231251244528883,-0.3521899155687936,0.1824249965479235,0.7021482447771694,0.7703773253487399,1.045231620493017,-0.9992193617346575,-0.2344280876393072,0.12231246801151356,1
-0.47123956641100245,-0.5122612645081109,0.489502625226311,1.6619270192575863,-0.7822888861323621,0.5609192703442439,1.05219578701593,-0.5547123519872112,-1.0734411115940374,-0.48247550243851134,1.5561849673495318,0.09105416329093642,1
-0.027898384939835492,-0.887351767454855,0.6593188640978448,-0.044033001728707145,-1.0700107044597604,-0.5461172411555666,0.5819896605677264,0.6159113342361369,-1.19173147886569,-1.0626158463416444,1.2804667049655858,-0.49201871620653304,0
-0.8828194223066249,0.4376518087775586,1.3120201924937074,-0.6525179684907928,-0.6746649111112302,0.6773289891016123,-0.7498937388775243,-0.2746296356914061,1.1596775716210528,0.1290615217919618,-1.0884553324154764,-0.07412012820881021,0
-0.4053265345131149,0.0634448172058785,-0.023979867797960665,-0.7797926511786886,1.748715689472039,-1.6316309408775371,-1.5533708116497809,0.027981667527932786,1.8693710627261728,-0.5804109548360278,-1.6893766300544633,0.5820064038998635,0
2.2904868003496666,-0.35872806218521897,1.2020061390268504,1.1646513034298658,-0.022926822079164765,1.7181150528994371,0.0030139865580844495,1.2398010724590687,-0.028889730965773543,2.382106622270881,-0.11045571559846802,0.49364339052300793,1
1.0648048590374137,0.633447964877846,-0.40712636921292483,0.7527728846986154,-0.7077258013589331,-0.4574739071380754,0.8736760625587866,-1.7051005969018271,-0.36895989033061993,0.5609536277637542,0.7380319171902728,-0.2415223207390334,0
0.5928820264089083,0.4468811184310817,-0.6914887707511957,-0.13304609066844747,-0.4381506162572311,0.25835424992648115,1.1880219250534476,2.6150000316625386,-1.441860531480045,-0.14024270290710564,2.149072842099247,-0.7787460210315655,1
-0.11855597808395386,1.434887773210164,-1.638774546269051,0.5960203977461211,2.0946289933074675,0.7452912519464755,1.2510931753874435,-1.348140840533344,0.47170919388325466,-1.006502781740405,0.3980527085381475,-0.47960689327918415,1
1.7466587212743223,-0.6605802429537062,-2.0229785797375377,-0.4472600603362764,1.1666505913587186,-0.26691035945866576,-0.15818165622833902,-0.5649358904814338,0.33935957734592676,1.574071436858281,-0.4132259847153419,-0.3308697025203028,0
2.2102351351469265,-0.5901394966052962,-0.1386027420686396,-0.8677418766659336,-0.022926822079164765,0.7446283681947053,0.6750524234552291,-1.136229875324451,-1.5118008402219296,2.2628664217979257,1.757066604836387,-0.9384789716103811,0
-0.5026777874610138,-0.8294194060602498,-0.6701717030578758,-1.0764358637435378,-0.06123722622613329,-1.4392649025130546,0.4361534698235531,-0.7860587736875706,0.39992131282256926,-0.43576370186657215,-0.0689243125891671,-0.9557140988576337,0
-0.25890700063999295,-0.04286603599094766,-0.21733160400902596,0.4031844611469748,0.642591113820148,-0.19888272682443323,0.9298478092112931,0.11573297180639212,-1.970672679766691,-0.7979652514114406,2.7433660847613783,-0.4316561554551725,0
0.1889507077588454,-0.24251496510012635,0.9564399412398799,0.2257806555013349,-0.7616113209746416,0.4671061467058457,-0.9813628046505064,-1.2269575323097417,-0.3055843028333281,-0.7404153135496319,-0.6492143265621617,0.7532240576532887,0
-0.027898384939835492,0.05254372234621662,1.077450220172917,0.19471588598048334,-0.022926822079164765,1.1172428877171299,-0.7809653393395469,1.2420855203832029,-0.8087474197770266,-1.0626158463416444,-0.20416410404528984,0.5351058250448356,1
1.9907395915062462,0.6725626580591738,-1.7528520531442977,-0.6954075472394589,-0.022926822079164765,0.05579578915936493,-0.58154579336353,-1.3148632454211975,0.26450042021375214,1.9367337171304935,-0.6489459136362788,-0.2217152092117163,0
-0.15107850015455096,1.0994434530385044,0.0877600371422158,-0.9211135246603271,-0.022926822079164765,0.8528219052960428,0.5737269324455562,1.6315611799454939,1.2133416112156028,-0.9581798959562021,-0.38030250767690343,-0.927965504164877,1
0.8883249419215228,0.5087678557234055,2.225388349389391,0.37672741065141474,-1.0248581954280902,-0.7738471629123467,-0.3966952144442838,0.27735546578788484,1.0325475551229892,0.2987347611123646,-0.8481599015520959,0.3295295792527418,0
-0.06096395604340399,0.8315833318513633,-0.24684230751458755,-1.1669410449100572,-0.7215248784641807,-1.9566044818673196,1.2466469908145767,0.027981667527932786,0.46204200354089037,-1.092074641668908,0.4013138560900884,-1.2554378719573378,1
1.3931525916499616,1.0198686081449673,0.3932382983342426,-0.22280859962329344,-0.022926822079164765,-0.5913786680461665,0.37963569364824973,0.027981667527932786,-1.38582615180485,1.048822002365701,1.319191204808295,-0.4887429345917545,0
-1.5607891076660976,-0.7175000862615428,-0.8208187758178085,-0.8139500226246971,-2.0858035705865188,2.387366320090898,-1.9807785904026185,-1.7685598531793303,-1.057471372659731,1.136408110708467,-1.0529715653585787,1.1471961348575912,0
-1.1822758092089647,1.0964981213655245,-0.7993254558683923,1.3226322707714098,2.0946289933074675,0.26081359256306597,-1.0471666374229052,-0.04137139146611264,-0.12786405192769865,0.5740023154432137,-0.7814910297810761,1.6426780823649454,1
0.01937400786951826,1.4765289953929677,0.1934548684515626,-1.486896792996208,-1.5888175240084372,-1.0713777624260294,0.5486698006231934,-1.3270459640023764,-1.1692648454704688,-0.9923771842380804,1.2263848687071157,-1.203760489681435,0
-0.3115119516233731,0.9445110559906814,-0.9438178862719288,1.2458394161828932,-2.0984991548144736,-1.8943970225766364,-0.4554246306276109,0.027981667527932786,-0.21373953870671944,-0.7198033231164744,-0.32276771772096646,0.9267982388025332,0
1.3699347269935613,-0.38571767884947433,0.36518422048765836,-0.5445023191014393,0.04456471478123616,0.7161597409005104,-1.8270383524304936,-0.14492542053735594,0.3748903028314824,1.0143242404913644,-1.484189441628133,1.1734045847605696,0
-0.027898384939835492,1.8140579951267055,-1.3831149701399754,-1.9889756397916034,-0.022926822079164765,-0.7815970473313201,-0.9013191086623562,-0.44131008468817035,-1.0340430079782439,-1.0626158463416444,-0.14775895691360497,-0.9131903267951575,0
2.2904868003496666,-0.4618367557415036,-0.00568074503317362,-0.07922590205076255,0.2074680856405954,0.35619802535739636,0.6736843130338596,-2.06180055210579,-0.011661870559498971,2.382106622270881,0.3350602672912966,-0.5505172960962343,0
0.6465722901690605,-1.1445918515162052,0.8906041486124107,-2.5411298579174484,-0.3068872019331659,-0.7021601120396451,1.3477706316683766,-0.768788637786918,0.122743281851485,-0.06046818610383585,0.693595292596483,-1.8773527951399933,0
-0.5807864385406208,-1.3192186169392333,0.1418744436358987,-0.18059624717813502,-1.3570975020300917,-0.08200653315673678,-0.11942172973658398,-0.01921649152320438,-0.7518932841485502,-0.3197076525637296,0.28394580590270635,-0.19743459981164635,0
-0.4047674638260158,-0.3532858156059865,0.5160642883289457,-0.238726081781624,-1.410277782387424,-0.2198924587838682,-0.41108979593934036,1.1273914895697026,-0.31384771985106524,-0.5812416379207941,-0.23331874741903508,-0.04490601437946243,0
2.2423108461715135,0.4731204621014011,-0.9554915290094563,-0.37809848401417134,-1.1572778738590452,0.5027158724642824,0.9568791851148386,0.42166418760640484,-0.734233474520363,2.310525423056304,1.1219977311884421,-0.8068951757976808,0
-0.4194308574066218,-0.7463362765419963,-0.839524403712776,0.39798137227416475,0.49129386276877474,2.7865644374088028,-1.238071800166566,-0.5964759021062245,0.8934892026674758,-0.5594543518159122,-1.2819588322992366,1.178672741624345,0
1.2798410528247726,0.8322591689890713,-0.29979950542282013,-0.9085149295345124,1.949974921777789,0.4868060453949391,-1.1643026804670285,0.4899949523970338,-0.6596572390078486,0.880460503930984,-0.5985492942647953,0.07549823895275376,0
0.3373264766187827,0.4568698910996536,1.4592644674857203,0.6734453657517854,1.0079625745018133,0.24414556052286202,1.3049560421467252,-0.3890485177150844,-0.33427167453057466,-0.5199543875427826,1.0230456035994822,-0.46742856551413636,1
-0.027898384939835492,1.8716614592245764,-0.7846038589951633,0.8755357527943729,0.8870192133622897,0.5412338363565931,0.09080709213863733,-1.6721747666013893,-0.9601491140616661,-1.0626158463416444,0.6278117377210681,0.2688251929525904,1
-0.26349982054133186,0.9413524925319803,-1.583575670937438,0.36970882234928365,-1.3817168430107363,-1.7740730790111765,-0.7330825066052911,-0.9240783779389722,0.12956719234384123,-0.7911411093280546,-0.6866139249734853,0.6110520776444084,0
0.02070421102181653,-0.5980029069524102,-1.0648207548956217,0.035843415215675925,-0.022926822079164765,0.23808931465282135,0.031611695669349495,-0.35153853739812463,1.9196596500995644,-0.990400730663577,-0.9182780603567566,-0.16346207772590354,0
-0.027898384939835492,-1.2533263766154363,0.14580426161907736,0.0991146690196028,0.03635167873167541,-0.6148331530845446,1.5164312948626757,0.9930690210731047,2.0484573867781872,-1.0626158463416444,-0.2385922673824571,-0.7913847750962864,0
-1.8292586199217689,-0.8449169019407318,0.9866024036920508,-0.025668541915472156,2.0946289933074675,-0.5230376639759688,0.8497927264055403,0.2649659513528396,-1.0107440619366235,1.5353077270761737,1.3144706113973343,-0.5995690561043597,1
-0.25248817317564837,0.8388827382386465,2.2971304216553654,0.4031871020218256,-1.972572247874749,0.44708278245352906,-0.33780528689237277,-0.3312009899618688,-1.35477114559187,-0.8075025273261044,0.6215622653368271,0.3006212084866147,0
-0.29990683447849076,0.6305916303904747,0.38909521629286065,-0.2109569185732142,-0.1034106174902895,2.3886327571988226,1.4700762889564913,1.036487152059529,-0.7373684030445685,-0.7370465353460525,1.531353049304432,-0.9073094052666342,1
2.2904868003496666,-1.6135033119490074,-0.6590049204044035,-0.3208648314843544,-0.022926822079164765,1.5582600416031538,-0.66518581223174,0.22899997602902217,-2.183929913214076,2.382106622270881,1.2807344694639982,0.08654896287156633,0
-0.007723564710526721,-0.2570857044736265,-0.14739104939880884,0.2101702094710598,0.8351124909055895,2.8280030422193403,0.610270438511734,1.2032470587201078,0.5508572021308261,-1.0326395261921348,-0.0425514349796425,-0.37838052099275876,1
0.304273927471957,1.2654705632122845,-0.011188110802450768,-0.3370630271977077,2.0946289933074675,-1.5952530378067464,1.9708431318645399,0.13720550259910116,0.34566339913862254,-0.569064802590907,0.9351619306209743,-1.1025293901745523,1
0.9462305805235275,0.5906020391702684,0.6057143799190827,-0.3592220986058453,-1.6040852107785133,0.1936106015106985,-0.4364066331224436,-1.279600482014787,0.22737379056564794,0.3847726014235182,-0.5378961465357872,-0.10341165523763696,1
2.2504466281528717,0.48561342898945237,-0.014382728506815469,0.2413210222880527,-0.022926822079164765,-0.40541822043985026,2.209532864657424,-0.22786472374845235,-0.9048385476440234,2.322613798693253,2.323454981506909,-0.94479023609495,0
0.4827084037395446,0.49542002356951187,-0.01885076320825464,0.8599651483009134,0.8684381392830779,0.3618742048467073,2.182003411866791,-1.4848584141717935,-0.37985907732048674,-0.3039417965114345,1.7045435438566758,-0.7033690381532325,1
-0.027898384939835492,-0.32092667999038926,-1.6629364595493414,1.4977516563119868,2.0946289933074675,-1.729500669011836,-0.4303683168054888,0.3872185766827628,0.18347843436883435,-1.0626158463416444,-0.512904878069716,1.0619436093746268,1
-0.07205158144117109,0.29583507617279853,0.09939684842550363,-0.76016489126355,-0.9368592308971606,0.1727715277687238,-0.23018172320182992,0.7611654518163472,1.2329640823256458,-1.075600333355694,-0.8276262738370851,-0.4760837203268604,0
0.4118503364364158,-1.1272569765138876,0.8350182164503763,0.06557315237564595,-0.022926822079164765,0.13601246335666428,-0.3324804846746515,0.05880727227772989,-1.152317040817048,-0.40922472277852356,0.4372432807451445,0.08914493986647844,1
0.07242443109568059,0.30700956751565317,0.46159425692681333,0.4352184630252482,-0.3941575381029761,0.7120828029451415,0.3968772933374526,-1.0998867415554545,0.990297393134331,-0.9135533606491001,-0.38216725122335576,-0.15475688512008495,1
1.2571677257377882,0.6264285919801027,0.6146954311668402,0.13264479077746344,-0.022926822079164765,-0.5433452783412485,0.5129141764360905,0.8160067094134551,0.5688400389222839,0.8467718314229324,-0.1115276582508647,-0.3702650804164053,0
-0.6268203547795901,0.47545374875745766,1.585106772049318,-0.5622688707799198,-0.6193861336049208,1.5455349653558466,-1.7109788233597247,-0.635186901031345,0.1713051019472167,-0.2513091540774641,-1.3467135195428388,0.9843295001943906,0
0.07741677259716151,0.9000293841938768,-1.9494073759674693,-0.6616226092245755,0.876311985775565,-1.6473747750077887,-2.663326990082182,0.9854761318187152,0.04207231831904416,-0.9061355980399112,-1.94344835512117,2.9458602425136973,0
0.058215354030519466,0.04544928168608106,0.6049064890961481,-0.2436068961022171,0.8158271717142737,0.2557591802730674,-0.5369024125586168,-1.0903392592610908,-1.3071373724241815,-0.9346656103887806,0.394064251832483,0.04116115654992999,1
-1.2190495816811457,-0.6609383798510857,-0.7525720035414037,0.21913546090956842,-0.6753213729145224,-1.477002475047386,-0.6384333451127352,0.027981667527932786,0.50250124779755,0.6286418296595491,-0.7869508537560272,0.4252322415563138,0
-1.3075526047793018,0.453036890897378,0.8615481579681697,-2.1008213239631104,0.24683847148656715,-0.7969182368896386,1.1560394659835116,-1.9391361704758172,-0.31277676697217693,0.7601421317408366,0.8972036863363607,-1.649554358569133,1
2.2904868003496666,-1.0374503482198212,-0.34219600787198406,1.8908827651231555,-2.0201342586159985,0.23087733770719415,-0.7366086095251294,1.0494897502045393,-1.0220165671453867,2.382106622270881,-0.016881950869126274,1.6534489828118755,1
-1.1969498532112957,2.3934700250109784,-2.2129679459129306,-0.8560462633892059,-0.022926822079164765,-0.9924373988974087,0.3154377921160219,0.030499041467441323,2.1970814958656293,0.5958054262467907,-0.8656581005494931,-0.7926872545697754,1
0.19778093299923677,-0.09193146840289958,0.5712268268603413,2.1139459970293233,-0.7678358512880338,1.607947964314838,0.6849299174292478,-0.33000103098481554,-0.3988660748112074,-0.7272951144207338,0.6235028721196265,0.5198662757062003,0
-0.3943882537957661,-0.487685072522375,0.07125262871048588,2.151330700526539,-1.9503517961268928,-0.9520178689880971,-0.6940946192544425,0.027981667527932786,-0.5234114312528011,-0.5966633625869587,-0.31714728157402816,1.7781042194791812,0
-0.4174185985898253,1.74743452682831,1.2747717967819667,0.87353864067916,-0.022926822079164765,-1.212671606642396,-1.3472286683699142,0.9278343045767758,-0.7509080999084679,-0.562444223043034,-0.6920029192581844,1.7123109961568639,0
0.25239339852985077,-0.13881909781911878,1.765813515533837,-1.289421419453755,-0.022926822079164765,2.0173246588798945,1.360716962660866,-2.554563136600393,0.5015600009582297,-0.6461503640689317,0.4472363344822514,-1.3382338402162313,0
0.6585124351400391,0.4642804778882478,0.5963626330443526,0.25340998192533326,-0.022926822079164765,2.606285751435793,-0.10068612571140921,0.20693309008019475,-1.0464350553706703,-0.04272718002727882,0.5432508484105473,0.043431609141076424,1
2.2904868003496666,-0.8776682056557414,-1.7200914691431428,-1.439929644095096,-0.022926822079164765,-1.242265489517813,0.6169341791830775,-1.2599577506307622,0.4306514097336738,2.382106622270881,0.027401222320174688,-1.2016650545792273,0
0.265806353864147,0.20535951138715428,0.4259629533357054,0.6791764476287815,2.0946289933074675,-0.2779378666871832,-0.3018109570093495,0.5309159468437116,-1.8053915840396024,-0.6262210145787274,1.1628594400901107,0.4417916906000403,1
-0.6634709813427963,-1.0506546244564021,2.6791991612090658,0.024847496511211657,-1.078000145654726,-1.0307248045783453,-2.727054451479295,-0.6881988408214451,1.0894320752186188,-0.1968526135456809,-2.1705618558741557,4.212880203727091,0
0.1625824753377233,0.2889547807355679,0.22672873407078492,0.6818804668855651,-0.014559223064289991,1.2623183387210113,-0.5855782708018322,-1.6240940503185568,-0.039955066517657865,-0.779593981208041,-0.505998196059169,0.6840890480260226,0
1.9350455011105019,-2.4383203724538114,1.9743884802661662,1.4211899717325085,1.4619715700466756,1.0478703561104041,0.21177885503609778,-0.45164230990175486,-1.2219674465204655,1.8539818578741114,0.9846981049949637,0.48406059074380053,0
-0.4340151380734872,-1.0013963060100604,0.28121618697331235,0.32527286692963586,1.2409918901431334,-0.7410055747739626,-0.4600248060865636,1.9758957263194972,0.2070532661184462,-0.5377846139222804,-0.5435815450228553,0.3469990175184692,1
0.39044143474813625,0.1942294426551504,2.645168847034455,-0.8315838834201115,0.13440543275179445,0.387473614226898,-0.2809117279006548,0.4785624121099418,-0.2626881635126448,-0.4410346761641272,-0.1703139895665426,-0.49106697735746235,1
1.1177730639209609,-0.3123513563586458,-0.9487319780797961,-0.5288462907058615,-2.0984991548144736,-0.43560101896917447,-0.5748097724812936,-0.8417304878462192,-1.1617438482521807,0.639655289007178,0.2331550633549698,-0.11732111395355736,1
-0.8882509705841392,-0.060942385304047365,-0.47882593275293434,-0.9403797449080658,2.0946289933074675,2.4198164990282436,1.0232774940673204,1.7354344100995087,0.33963658257940244,0.13713187028695129,0.3374346487118172,-1.0892294268869025,0
-0.4256511416949235,-0.5074704053445976,0.8387681817263715,0.11956556119244147,-0.23621144471570438,-0.6592056249891803,1.1014261769346725,0.6294867821397716,-1.6544414802874028,-0.5502120769838312,2.383367316626937,-0.6330448463444274,0
0.8931726478840056,0.5615476541490939,0.0216671213812526,0.6046402059139433,0.726892087945457,-0.8006916026944295,1.269300620360016,2.204837183087749,0.8432810318708739,0.30593762013516596,0.19189555470802153,-0.4831751834268178,0
0.21633322778705283,0.08252243106898866,-0.541841118082264,-0.3281723714952104,1.7075139652116775,-0.8737780605300428,0.8155870480397478,0.6260293081977831,0.04697803150551987,-0.6997295885946477,0.3915816246971965,-0.7298968975065654,1
-0.027898384939835492,-0.9335253613407484,-0.07481692162020945,-0.3361574160798901,-1.508362786219889,-0.21261320939060316,0.31021469646584504,0.6072468491959774,-1.8902667119840217,-1.0626158463416444,1.9322631372110715,-0.5151070738963124,1
1.1786418998745383,-0.8498541062207573,0.23372493521109872,0.6708165591059075,-0.022926822079164765,0.6343109168959252,0.07555508190656879,-0.14485494963273182,-1.3537667061091048,0.7300959319935141,1.0014988153172906,0.16503780142191898,1
1.110404887109806,1.9234067208017067,-1.1925122103871797,-0.4578409916211033,-0.022926822079164765,-1.0428402071394367,0.3225779001637682,0.6131977340090663,0.21576466334880656,0.6287074429050105,-0.038838044651814924,-0.5853047616134959,0
1.0182395632778827,0.23859750836846816,0.13482275566717933,0.7400343161010535,0.7886400711832181,0.0888878176765697,0.857034759961866,-0.24321818706742948,-0.12640737016558448,0.4917655905134153,0.5409543257862566,-0.2395462994464029,0
1.2446235652069533,-1.2388704279207432,-1.99241247871302,1.1097767423857294,0.7233497092536266,-1.594192385600213,-1.4734700288499711,-0.2936408678934008,1.5480490075131015,0.8281333618948183,-1.5808475903918016,2.110752073403612,0
-1.9971866079762586,0.6858941673323616,-0.48838992488767863,0.264001201770744,-0.06193814978379019,-0.04493775208078194,0.22336505583470231,0.24931006397755134,0.7887954604426567,1.7848198949551979,-0.39204226130042397,-0.14873431159485076,0
-0.20372365263060177,2.5156631681133277,0.7776618627344571,-0.19437684198753064,-1.2823105378995934,-1.5094219406287135,-1.6057162648595027,-0.34067571323178325,-1.8900267223157972,-0.8799582351431223,-0.127214235427653,1.172014759633182,1
1.482456307446351,-0.05468095245706999,-1.4369593784601664,-0.5948662624801321,0.3751065697025018,1.6733730406719172,-0.18189580296953928,0.5316454109924238,-0.8908078771217341,1.1815119963694347,0.3432230490083633,-0.4045256370754329,0
1.821496484024579,0.13520345963922334,-0.34070605264288567,0.2561706840569201,-0.022926822079164765,-0.7059814156418636,-0.888487214352283,-0.11735871753889644,0.5556516358419958,1.6852675075035959,-0.961274577408002,0.68093299548625,0
0.229353590854598,0.35956944400405155,0.9418661142522473,0.4490277133717168,-0.022926822079164765,-0.4382079745405731,-0.33524694491978907,0.8774374820863992,0.3726357113931158,-0.6803835638301456,-0.5412280728069261,0.32686226035781657,0
0.7979321380555819,-0.9425501042194147,-0.45286121709754756,-1.969529720751643,-0.058173178431426616,-0.8010730646276853,-0.5296267792297079,-0.6377372096957648,0.805060226064447,0.16442656916323034,-0.8403189418988881,-1.079283373384702,0
0.7019490761931448,-0.7813797979465218,0.7579106990212895,-0.46284319678501773,-0.4659197262642877,0.8565774474576602,0.5852833439784654,1.6097088555236132,-0.2655930709334539,0.021812213316888977,0.45056645121731936,-0.7030094623404389,1
0.42402703008144055,0.8515823356213323,-0.1832023197396313,0.17314347876653793,0.5466275004596044,1.0195346542818065,-0.020686255827225494,0.45212911427110686,1.9413319336470476,-0.39113224597243573,-0.9506022234724216,-0.05393961854528326,1
-0.7847594100976346,-0.4970251390256698,1.3293964938693434,0.6220460050735789,0.9731390257780743,-0.432325496782151,1.8897950724634653,-1.0359971069540315,-0.6244791894626919,-0.01663882579136994,1.7394744671951354,-0.7016703768572943,0
2.2904868003496666,-0.41870542963300666,-2.0642709202339935,0.19322165344386102,2.0515816196471226,0.5880845838018653,-1.0466950978050809,0.2085868850855474,-1.2534765160218029,2.382106622270881,-0.11176652750568974,0.7981560829096686,0
-2.292877724178539,0.6208992481253066,2.385523712254856,0.6503120077752593,-0.022926822079164765,-0.9371330952802247,-0.07420522870940187,-0.8668955965397358,-0.86713296869851,2.224166142599513,0.4120319661332423,0.25527207565861576,0
-0.027898384939835492,-1.7142149305584347,2.6791991612090658,-0.6942923496970305,-2.0984991548144736,-0.7261129570083913,1.9305666201558382,0.25689941773032865,0.8123245115415647,-1.0626158463416444,0.5956867830612788,-1.2323829943337399,1
-0.5486126395818147,-1.078039456944483,-0.11453573679265609,-0.01826545656519128,-0.022926822079164765,-0.49449556763611796,0.2361256541239001,1.144764256090676,0.19725536811977082,-0.36751239565700555,-0.08466126496272235,-0.3079027616391348,0
-1.2596810872000475,2.5156631681133277,1.574036780751855,2.5490151593111063,-2.0984991548144736,-0.43914015255481825,-1.1488183848015332,-0.7168808766027964,0.5836989288502482,0.6890132730601574,-1.130042874918451,2.7276826610743665,1
-0.7801326129253869,-0.3096757072522431,0.8003465354504297,-0.7636648475252646,0.1330680784432659,0.029167778443741525,1.0339522091787248,0.15391647401050648,0.7281881370253958,-0.023513452267627452,0.11667919927842633,-1.0114949686544272,1
1.2343144761753846,-0.2870786883512905,-1.6287326839379954,-0.4834464930988566,-0.022926822079164765,-0.5321567815895302,0.7467124917491623,0.7562120566576871,-0.6352978911066987,0.8128158249974554,0.8666361125136836,-0.7778106316240301,0
1.1048707363497192,-2.2494368113096415,1.1937115397332034,1.7479183752262533,-2.0984991548144736,-1.0618727302515722,-0.40416221841875727,-0.7901157767212698,0.8247809047628442,0.6204846447311257,-0.7745283187383968,1.1931314903850376,1
0.09732390225432941,-1.0556412650167983,-0.8855544004961368,0.15235119492490334,-0.3056234523737915,0.16978201972420195,-1.3658259468079281,1.5320255372073304,0.6291057240094687,-0.8765570201354522,-1.2763955643948497,1.1436364599034627,1
-1.5181310495317881,0.76557039126489,-0.0034565066370987247,-0.5534702525740101,-0.6991518115711659,-0.5136475107152302,1.1469612727938625,-0.7928331723587908,-0.7106171880668473,1.0730255579493209,1.249073598018389,-0.9528332831866508,0
-0.027898384939835492,-0.10660655110753184,-0.10926926628312116,0.13866700840167595,0.806885111561355,-0.12907412528136422,0.7664585279814571,-1.8129309490051608,-0.1999860439623176,-1.0626158463416444,0.5312449395723192,-0.4852620476677397,0
1.8305615456155095,0.431981647477638,-0.4248806147148091,0.5281626472613918,-0.022926822079164765,-0.5022772168462115,0.9771270247708808,-0.012882354179729699,-1.0306227940163335,1.6987366331431886,1.4439055019371594,-0.3943121948722955,0
-0.027898384939835492,-0.130544360880975,0.42261105182891023,0.7148595510199003,-0.022926822079164765,0.4718691796583797,0.7268710874170553,-0.5054227451612013,-0.5536450456010386,-1.0626158463416444,0.7809566160871144,-0.18743659019526274,0
1.4659721848814338,0.29586109930598603,-0.11227149847324458,-0.09745469605193739,-0.09028844019844962,-0.0718467887962733,0.5658039878355757,0.7493596708649317,0.7638703771010338,1.1570194194952246,-0.17874329512739046,-0.5114125120296067,0
0.13297614865385413,-0.07257366352115117,-1.596531512830739,-0.2823410115574269,1.9130483581310473,-1.4321204652331598,0.5280144058634807,-0.07521648087747654,0.397253379962798,-0.8235839011696247,-0.00970221619435867,-0.587637555701548,0
-1.0382020179252127,2.5156631681133277,0.7552050787954676,0.018990002773175033,-0.48292107040917753,-0.022928270173972105,-0.7499262126777225,0.09438248907772669,1.4687476335243212,0.3599333897433805,-1.1818624237955804,0.3863091924866854,1
-0.027898384939835492,1.4606644978198264,-1.4185745877596947,-0.5512917863368438,0.8144202096707659,1.9932603658401382,0.28167936576953867,-0.2173165266705916,2.160874009480851,-1.0626158463416444,-0.870733065769565,-0.6160005888916297,1
1.2693815131324322,1.5601368501137198,-0.07602752385257663,0.3858754365149793,0.2911327702064171,2.8280030422193403,0.8063216185258698,-0.371405584594907,-1.1016362573408878,0.8649194231743578,1.3763864841756794,-0.38441531019872804,0
0.4905709198587673,0.519801013251422,0.39925251045185556,0.33304634167973046,0.9409711883134353,1.4347443477987665,0.29905882486278923,2.6150000316625386,0.24677872512310248,-0.2922594470435515,-0.07161995961741922,-0.15441554440477856,1
-0.027898384939835492,-0.19305575841777445,0.7257569641072574,1.600798263957457,0.7376161929897495,-2.0345260391075,-0.2523842852157292,0.05594016928680989,2.130997958802303,-1.0626158463416444,-1.1171263783431098,0.9584935518135476,0
-1.1895193197406557,0.27459338528487287,-0.38318814124359296,-1.0391970081615096,-0.8533158612612687,-0.5673836386045398,-1.1490611634852683,0.08420973229057482,-1.3672117969724995,0.5847649288512317,-0.116438282667021,-0.03871741779444316,1
-0.5697941217884243,0.27807640038994796,-0.22447337135834605,-0.023467341407452814,-1.5616840063163746,0.5465242713218488,1.1444986099778378,-0.11791226236572938,0.6527466222573094,-0.3360403485879535,0.22489753089370462,-0.7139008834845304,0
-0.027898384939835492,-0.17876458445207882,2.0933311530804897,-1.2154531601888856,-1.4349278101578524,-0.7773574067022012,-0.18055368532222413,1.6615183817299748,1.3081689213687213,-1.0626158463416444,-0.8271892075432912,-0.7726876238327719,1
2.04732351699281,0.19744270156616728,-1.381391034089523,-0.14902398044277004,0.11174828121067648,-1.1736404148377786,2.7506220042288985,0.3644042393630833,0.9230184166546929,2.0208077186047237,0.9991318593784723,-1.2180551629642267,0
-0.6852756559098553,-0.48014131009234295,-0.7801652322901977,-0.8265731057572301,-1.2583038945701863,-0.4491995350448806,-0.8174349684069971,-0.2738804365030042,1.9106145583440726,-0.16445460959080618,-1.3344172974062958,-0.14459247579852919,0
-0.26882148692273117,-0.87610388658735,-0.5423222045524045,-0.4635825381954463,-0.0984615880898713,-0.28401295029509865,-1.0503398815606855,-0.9087457813689095,0.2648246106296005,-0.7832340264710802,-0.9511445705231534,0.31076815453128104,1
-0.9563156925723441,-0.41210345191639847,1.6076569246853605,-0.6714046224146689,-0.19660692412834055,-0.91344264160713,-0.5256535178301163,0.27998436003255406,-0.2129011734104046,0.23826436485271363,-0.3728975774535299,-0.24316219423287086,0
0.6754404112652227,1.4988101559576488,1.0174617845594145,0.38381648081891495,-0.8128460544074843,-1.462113431326301,2.5512908164391845,-0.29765222034480887,-0.7166559379598828,-0.017575112943450173,2.361722542815726,-0.9832011672385368,1
-0.8157003558842227,1.6577203507813394,-0.8217630442430758,-0.4637660781651362,0.06280130859460407,1.1125413048558397,0.5057157474381454,0.023393752033052228,0.42282700129530676,0.02933410908910928,-0.03782741259015321,-0.6699429399899937,1
-0.5744004515922279,-1.5238918214181407,0.12629289722355105,-1.331375945102499,-0.022926822079164765,0.5801796642674389,-1.4234017384960043,-0.2810445682641114,-0.4562854666002027,-0.329196133108281,-0.8995500030907668,-0.031070935180373113,0
1.8793514497955952,-0.20128030278339407,-0.35876969418355703,-0.026885136883027096,-0.022926822079164765,0.41217383248497835,-1.5750067943647867,-0.1265863038635618,-1.1430957152623638,1.7712300566851469,-0.6552224543897568,1.2775960067767493,0
0.6417365910430909,-0.5047400513052318,-0.28521099364393065,1.7628474543031958,-0.2615044545861665,-0.5180870788806665,-0.9170252860971496,0.06992662658386146,0.12309355070763389,-0.06765320502837562,-0.805382731943314,1.7927263163187954,0
0.468166930121556,1.1783022540562655,-0.01916818853367583,-0.5133862228687945,0.20377743391349296,0.5509261588611878,0.03865283914247746,-1.911638532238109,-0.32585146500323814,-0.32554793047763586,0.0993214271503469,-0.4765361213898545,0
0.4027787033381168,0.26834063169351896,-0.4701573428996304,0.026726413874779895,-0.8502281350138776,-0.7102322365366395,0.9797650882437331,-2.1477489493198028,-0.03275315332906775,-0.4227036125501633,0.5579812187125714,-0.6277317154274108,1
-0.6223458311062985,-0.13656675719318026,-0.2915016311300599,1.0743204717568642,-0.022926822079164765,-0.32800509449548165,1.2049637539752418,-0.31729380821495473,-0.9805117088135398,-0.2579575282697799,1.5801161499424845,-0.2481978447775787,0
-1.5639067587834794,0.5700662428126391,0.7509359061778651,1.793202696016086,0.10504201638515358,-0.6547334427905203,0.37500832181771043,-0.29684042730377097,-0.6111246544841195,1.1410404051699239,0.5594016157127562,0.5667197813925899,0
0.9953879649824807,0.9188170314629185,-0.7169295660970768,-0.4513678184021103,-0.6130856059443897,2.5846778752837407,-1.1156212965608907,0.37278169827187246,-0.5999757415808424,0.45781203758728706,-0.5939457965893749,0.38184324586645024,0
1.6047604299437854,-1.0279537045807179,2.0579351046500998,-0.12825519858065024,-0.24965583637156505,-1.0190683479896112,-0.4758638185223864,-0.24002398913058992,0.6582809502369725,1.3632349306963472,-0.7511544853998565,0.07069426148121297,1
-1.989507145601407,-1.8312257086200097,-1.1636923320070918,-0.9652526681834845,0.9653331854608121,-0.018149167885943576,1.6204477991821644,-1.166596928963776,-1.0316839679734602,1.7734095319329668,1.9911677309845182,-1.2656029126589399,1
-1.1231007164784728,1.0140838620007495,1.573916858469754,-1.7725452427587796,-0.022926822079164765,1.2187630235898261,0.20057468625158756,-1.2529838174534182,-1.5134515680246312,0.4860782841802633,1.3026541726728516,-1.2404589551965948,0
-0.45844430248220547,0.18863152985325274,0.5376963781058843,-0.8573763524025687,-0.3573887755856919,1.7283121309742249,-0.49727130891504856,-0.677087156477641,-0.7639239163392136,-0.5014870685177909,-0.007765914221801694,-0.3807728755549315,1
0.37245777298258853,2.048503054904998,-0.4032127483576732,-0.5233997877462022,-0.022926822079164765,-0.49856488613187167,0.7020813189419396,-0.9269356846429311,-0.7678154162426282,-0.46775531091661965,0.9512761876685435,-0.779913615571358,0
-0.11210779972588497,-0.053314083764679755,1.5989741484388609,-0.4757404894257283,-1.0710739744638986,-0.40928060583657044,-0.6978762735438235,0.23654710575050839,0.18935495197058178,-1.0160836680454939,-0.6905583492790524,0.007256440804351202,1
1.0613108656613137,0.31418287298920355,-1.3255746180954973,-0.40528929496949717,-0.2417098031917589,-0.9921904654216636,-0.08402396769112391,-1.5428490978757312,1.1974439836236583,0.5557621532994572,-0.7347040927942611,-0.34862572713025425,0
1.3331061180701094,0.0345787534092155,0.7049976110291483,1.1868113539272582,-0.022926822079164765,-1.367837764618296,2.202604266584932,0.44042222363043204,0.17683325590520282,0.9596032487203109,1.2149907111012934,-0.5866607049758145,1
0.8131381434159081,-0.26069456426753035,-0.22477772676214,-1.3524035944644925,-0.022926822079164765,-1.1965438643155113,0.2407741484199815,-0.5406580243570964,-0.4373484532295069,0.18702008324144292,0.324821228212021,-1.0277589300334096,0
-1.3861892398903246,0.056127465323612846,-0.5867700434925556,-0.2605483865547032,-0.21566470479684546,-1.5439204202614618,-0.5372337337025429,0.012093136893746874,1.114157519721336,0.8769826746936674,-0.9555773935396097,0.0304357831621422,0
-0.6992805562543634,-0.38510419155762887,-0.4490551175335802,0.10278706366997699,-0.022926822079164765,-1.1518484858434082,-2.0175194742259994,-0.46407044326907587,-0.7604627045054098,-0.14364573141408413,-1.2203171422025065,2.178469438746219,1
-1.2129774780670692,-1.0462811597447206,-0.25466786387812634,1.2662990841544783,-0.6160401995996793,0.7926400497818769,0.37292949532738634,-1.129930693599714,-0.5099009206284035,0.6196197258763326,0.47789629458797495,0.2927816635231286,0
-0.9167085728846887,0.16829740308368643,-0.7577115544319023,-0.16285464139945735,-0.15331878741509644,-1.8198257271266165,1.6887858447874513,-0.6966808374613074,0.581432636234764,0.1794149829765716,0.5974468147776685,-0.9543727058966628,0
-1.7027655308068792,-0.5485580261598548,0.053468939602870885,-0.21815648464319806,2.0946289933074675,-0.701504203731341,1.193167903104847,1.3130895311320574,-0.14632714321840265,1.3473607073302483,0.7899559743864449,-0.8184796257269571,0
-0.027898384939835492,1.7803128106007249,0.8192129613396832,0.9023954261230204,0.9744958184530701,0.6431992765246647,0.47254460683060706,0.29497596811491256,0.9311721169543016,-1.0626158463416444,-0.31242624977521805,0.043670053122229324,0
0.5270841901603827,-0.5277973820037598,-0.5585321625980989,-0.4716510498305949,0.4493341827111817,2.0117854205616292,-0.6647864262037362,0.9944123423593711,0.24693014917542797,-0.2380069943413097,-0.6947995819149074,-0.014754151023398951,1
-1.014790709562436,-1.0605943272711678,1.1707905027861467,0.7667283580721114,0.5315257290531774,1.52513246445475,0.4143739960757369,0.40467322408532996,0.769967480425132,0.32514820372313674,-0.27094194017372264,0.007478592437908301,0
-0.027898384939835492,-0.3718076050651122,0.776600688164719,-0.3617362425157916,-0.09705027755988528,-0.5745579412183561,-0.9843162795920755,-0.2694814935115398,-0.7344305892088038,-1.0626158463416444,-0.41381608741162307,0.3254374921509903,0
-0.2104759868878021,1.2517477559696208,-1.5864317411532987,1.4200561299801997,-0.022926822079164765,0.9075737672109083,-0.8177667164958454,1.6457138254716641,1.0364396626255026,-0.8699254253758121,-1.0868474706109048,1.4255783327614062,0
-0.027898384939835492,-0.2501919667874828,0.6854162147555881,-0.9658607175907682,-1.8458279111820202,1.1502517988082763,-0.4446402884415432,0.027981667527932786,0.5462628376523347,-1.0626158463416444,-0.6860009301512712,-0.4812604626195751,1
0.07897661432339079,0.5019903230050706,0.44413443748293807,0.6578990451841115,0.6004043452105046,0.09238592667898629,-1.6288557575387432,0.6076185330015368,-1.3061858392321795,-0.903817940958631,-0.6005037161568685,1.978341627518977,1
-0.022412879604248762,1.0414092427644526,-1.078361090987005,0.4627832131458133,1.784319265792964,1.616391906380855,0.4517253043329272,-1.9316844102037276,0.39002374223391156,-1.054465326919295,-0.05370984810225349,-0.17022343165242643,1
-0.4506621614774819,0.7044020906157356,-1.050720708481335,2.4290267169898185,-0.022926822079164765,-0.08105634884321739,-1.9092796218926553,0.8325755445268604,0.11767259924383677,-0.5130499943607348,-1.460331833941084,4.312128057465622,0
1.7426322570151929,-2.2707350223478686,1.380276225736182,-1.4728633964190907,2.0946289933074675,1.2696645808945415,1.7369042817795042,-1.0574150402964895,1.6328890945383763,1.5680888020526,0.049514080304604045,-1.499874328195805,0
-0.027898384939835492,1.6511379358890987,0.39847185634949805,1.1568187728821124,-1.1644582026221044,0.682227468634859,-0.039883796337417246,0.1881849494865153,-0.042060658895109744,-1.0626158463416444,-0.13206367094379104,0.5214320645446344,0
-0.39197368186898746,-1.844592160370491,-0.3096090817459301,0.14915679222378475,-0.022926822079164765,0.7789206739408852,0.6295132577966307,0.027981667527932786,-1.0197633805903283,-0.6002510020443842,1.1377012436114027,-0.4177906673875973,0
-1.4257437255136582,0.8386215362771335,0.13107842897529143,-0.08808680777787437,0.513248105714331,0.6050635003332835,-0.3775590077456184,0.7673968356751242,0.9490615861833419,0.9357538513840903,-0.8065252619901144,0.025871937685843466,1
0.5184100892045629,1.346252811257104,0.7008864377885053,-0.40914048785261076,0.704364274413247,0.6978260324960652,1.3472625155148092,-1.0368484074196542,0.3580667010429331,-0.2508952195797721,0.5311283114757133,-0.9534679740526945,1
0.6170714870525205,0.2575223210691347,-1.0600013118528402,0.3855709667010426,-0.0854742740261321,0.2709931093309988,0.42576389511316903,-0.696260174979373,0.7215733313203818,-0.10430131615593723,-0.2409052337897207,-0.1961131402259443,1
0.7676529064963522,0.7940445832394138,0.9291007888864532,1.0917807608447394,-2.0984991548144736,1.5975554010454454,-1.0777903062511565,-0.43099514647970294,0.9412463469824447,0.11943682805108828,-1.2043811284190713,1.509641202566251,0
-1.0799201850716311,-0.2158434901441303,-1.2021679411233024,1.0282751971692634,-0.12160858567591011,-1.1967325681727081,1.1413984557645225,-2.655628949369244e-05,0.512464738678123,0.4219194258129889,0.30531286727421353,-0.2399434821010217,0
0.873810232129152,0.8170953747126206,0.23900357439942332,-1.0127882187185404,0.6662201842469413,1.0776481395529822,-0.9351937629703286,-0.5729794848527203,0.4061647450157016,0.277168393597414,-0.9332936631008049,-0.18937538746287386,1
-1.9621822174245662,0.022852498516973567,-1.396056908790759,2.3664401100554815,-0.022926822079164765,-1.6379710754499497,1.7332210389991762,1.004357946489813,0.4984885675351788,1.7328093785843188,0.6791867566595297,0.05895638965276107,0
-0.33521026941576143,0.6262854146662732,-0.45064622733533666,0.39077466634257774,0.3930902878323319,0.47458566360812987,-0.8550442611423269,-1.6098391004423904,-0.4951324693351471,-0.684591690344776,-0.45480297414500287,0.7431772970207702,0
-0.9073591068429068,-0.3783924645315404,0.8794876374497501,-0.6811067513104683,0.4581781081841851,-0.275448199329127,1.364320729497743,1.0327842361218762,0.20362454427427124,0.1655232811368559,0.6470337523536721,-1.0763234082343098,0
1.4943944461457976,1.039431786264503,0.3178169034421181,-0.04652905123978478,1.224670137408657,-0.40214956990361317,-0.006026203591333895,-1.627819490193033,-0.23297807672638735,1.1992500214708421,0.007163700923493045,-0.18786557151409664,0
-1.5786073222435295,-1.8766423805764625,-0.31771424197623177,0.09583807781411507,2.0946289933074675,-0.8654273760559315,-0.2663573880448788,0.6291211553255348,-1.1889759743754704,1.1628829193359966,0.5284378695463491,0.06148029710621872,1
1.9383504357088408,2.133558627551147,-1.5563884512965327,0.790563237476817,0.8019101263200589,-0.9255703662743247,0.23597128142252444,-0.8743522268718077,0.8533042993102904,1.8588924234438151,-0.41374885527729033,0.12755280337201785,0
-0.8290133745824511,-0.9103472885918075,0.4798369906258931,-0.5243213643459199,0.5220870625791749,0.5459473600371135,0.45650549486324726,-0.8306879356299196,0.1720210576011764,0.049114969890770833,0.07411043367796755,-0.6797517022204322,0
0.7208298810840644,-2.2449012312154553,0.24449622114747696,1.061691476009356,-0.5072242364311133,-0.36588370189888947,0.3068516823085724,-0.2272904053448465,0.3941076738295488,0.049865848772257984,-0.1471059149519646,0.2274865141036301,1
-0.027898384939835492,0.39008250569387753,-0.6293366316447728,-0.7950487691097716,-0.7184384915159772,-0.7801930130750098,1.0757220982077271,2.6150000316625386,0.6195226959014921,-1.0626158463416444,0.20245781223188383,-1.0391559037665605,0
0.09527842365950466,0.2350275804302541,-0.3889060698586017,-0.9970018182421752,-0.7000935894046655,0.12002855885523966,-0.38976662009774854,-2.2465406728428547,0.9421423180187631,-0.8795962502510376,-0.8109169020118704,-0.5320977570696209,0
-1.1393573130828414,-0.6389741642069157,0.534650499007247,0.6133488299658667,1.034175158279674,0.9065848245987832,-2.0314164303228566,-0.438497554159933,-0.8749378609747589,0.5102327965285838,-1.1815306263446006,2.7514090943872853,0
-0.027898384939835492,0.5353498619957419,0.08239251895042204,-0.10103118405286336,0.007542569060045549,0.44105131393490293,-0.807915672558042,0.22122836964408885,-0.7404517651907441,-1.0626158463416444,-0.27037768997617667,0.35400115582018915,0
0.5282496825188485,-2.5025606854933793,-1.143796728772244,-1.2182502644515465,-2.0984991548144736,2.1997796370875835,-1.4212085902538698,-0.006770836857104667,-1.9649611774176263,-0.23627527273625548,0.1459755916667414,0.06222501876498649,0
0.21000864243862746,-0.6369637533577267,-0.6021136192114946,0.606849354425043,-0.022926822079164765,-0.9061198043831625,-1.0945210711404885,-1.8609387046320436,-0.20151655542507124,-0.7091268369003291,-0.780477854818459,1.1638626434247108,0
1.4252860780740393,0.035138676300672696,-0.5159194412799933,0.3674704429144663,0.11520089537544323,-0.16203771425789093,0.3282796944261887,-0.16089925503147934,-0.8424639713073616,1.0965668479514241,0.7184084489926762,-0.15245972091304125,0
-0.8433874683877816,0.1674012705602388,0.4148998917551396,0.369543115200489,-0.6346027397363034,0.08540125737238892,1.1382619095431237,-0.40135243600464315,0.7896172274248042,0.07047240618364597,0.14468291322458643,-0.5348097527924801,0
0.358626229199343,0.3041518145058387,-0.6879870823063097,-1.018257574342025,-0.022926822079164765,0.3696082920476191,-0.8299877251960162,0.027981667527932786,0.5625742408180228,-0.4883066109974102,-0.9281393669222044,-0.2697168317620875,0
-0.027898384939835492,1.0457507222942655,0.1021578425273262,-0.4823291431879987,-0.5531625253583776,-1.6576130795016322,0.5562468996550655,-0.7487351626889963,1.0578093287183803,-1.0626158463416444,-0.3221534204737553,-0.7007016732111057,0
0.6063610065405994,0.8696532178815992,-0.21203967775091717,1.2125186577780467,-0.9889871964248484,-0.07369965137076089,2.4129575820421683,0.42213519419058815,1.0176248637340712,-0.12021525190015818,0.7453820650304229,-0.6445554309593109,0
-0.2873892099406939,-0.12178596307297489,0.6566014931618326,-0.835925010296079,-1.6498245992537772,-1.5866622149202525,-0.6205475330830784,-1.298903853910009,0.46720269724355484,-0.755645576943025,-0.7613588332691851,-0.28828508262494795,1
-0.8344081410665531,2.448575595609092,-1.7315821697709053,1.8916697826551567,-2.0984991548144736,-1.3219027290085146,-0.6648878181687727,-1.7263202140533085,-1.7867785800768425,0.05713066695380371,0.7610411319549997,1.5683042554064572,0
2.2036457431187038,1.43218997632041,-0.785558656429766,1.0006262613286212,-0.022926822079164765,2.0897357494777835,0.21283546933359557,-0.2468213638206457,-0.13096302841290963,2.2530757162162387,0.09623706272490201,0.2557848589547802,1
-0.027898384939835492,0.9730205734430607,1.1963227598534854,-2.220588593344758,-0.38197173896513853,0.06750340691518722,-0.7874675811281567,-0.5900222786418076,-0.5055727281192406,-1.0626158463416444,-0.39804557769560195,-1.1323464464658237,0
1.3316461375335622,-0.20679176730530852,-0.7668279770178964,-0.02482657398372735,0.24325442747995438,-0.8176176014466511,2.135602953128975,0.027981667527932786,-1.5727032900769757,0.9574339682271934,3.269289189299137,-1.0255240316892824,0
-0.5427519684593113,0.33734586164293234,-1.5493452357709065,-0.72167291341355,-1.4897879741312707,0.7928243929060484,-1.1359936180810482,0.5367223797354196,0.6793776704990389,-0.37622034704702234,-1.1545328269921389,0.1941060917822592,0
-0.24799493514859233,-0.12965583084105226,0.054009577007978496,0.21484300216374558,-0.022926822079164765,-1.2584847717850374,-0.7456062398658108,0.027981667527932786,0.4961549111208073,-0.8141787078360706,-0.8505668576177701,0.5166730739873436,0
-0.3508057284750375,1.524745182034054,0.24073263067710682,-0.2138922191528236,-1.8913473188799088,-1.2018855952694343,-1.531180763245669,-1.2137173606468215,0.31246475104954696,-0.6614195149139246,-1.2769063770756774,1.0512687358716328,0
-0.9936150385522304,1.3914331643070255,-1.611488409812488,0.6462155833077204,-0.022926822079164765,0.6103123198256553,0.3616437738646469,0.174730412197014,-0.13277486460855073,0.29368479109453444,0.2009213773876281,-0.024808001831262902,1
-0.027898384939835492,-0.38858420142951117,1.2226899172053713,0.8107459745115658,-0.022926822079164765,0.3107345914921562,-0.6417975557239208,0.8875995047452697,1.3694698876334397,-1.0626158463416444,-1.0950325330653274,0.8219138751962775,0
1.0582294415408517,-0.5893539052132296,0.1767228195072119,0.3438800525543478,0.5987634236207924,-0.1799575737829369,-0.5840313183608296,2.6150000316625386,-0.603076277662797,0.5511836859375921,-0.1838532148753008,0.46114079939657915,1
-0.8359832848981184,-0.6687601027627679,-1.1401769207894765,0.8027770521117497,0.44331554221949326,-0.5811855139538775,-0.5311545722057157,-0.06423555053920695,0.06441010006363447,0.059471060337231776,-0.5213946735095175,0.7133076469458495,1
-0.06283103033453882,-1.6491831411262012,1.3425552004145074,-0.21964936883307346,-0.022926822079164765,-0.23346562659477801,1.0997355290946487,-0.7796885993149714,-2.670150042948433,-1.0893004897281304,4.649168972603111,-0.7860469272075662,0
0.9000690715491784,0.5458397201484991,1.5895425601128146,0.7997968874950929,0.40888715771908174,1.7518941516758941,0.9735617146235835,-0.21924974862518043,0.542691251422524,0.316184522031895,0.18440969043063957,-0.2667735287250123,0
-0.23015966133032342,0.403650441037684,-0.9331827218505976,0.2832721188324363,0.025753472822307968,0.8834212277862518,1.5444796817891706,0.9625453187060424,-0.01831607824294663,-0.840678863567516,0.9317491836045533,-0.7235756226125558,0
0.3370571158150865,-0.13600583836818517,0.27905618556373735,0.08089771068002492,0.07397866986160477,-0.724286657533735,1.193799586543271,0.284021556870897,-0.3483109529300004,-0.5203546114652537,0.9542916026089443,-0.6855310610824671,1
2.2904868003496666,2.5156631681133277,-0.7752620699913192,-1.5741034442343755,0.011939827745337837,-0.08960313639603172,-0.47882027402148986,0.381751091861025,0.039158234130894136,2.382106622270881,-0.4736745946830053,-0.8490687619747126,0
-0.5318982370285767,0.5520507377699558,-0.8402156653689299,-0.3397214327353317,-0.5606454103820327,-0.7073232372206778,-0.626095283046524,1.128468878817797,-0.23809392663806525,-0.39234712906968644,-0.4303147050075969,0.044283809059110085,0
-0.8212148087361555,0.8603936345530788,0.16509346923819448,-1.6084787064100037,-0.022926822079164765,-1.86571563543821,-0.8860092304804233,0.02807582931040759,1.6017207126396145,0.03752763955233348,-1.2896286380544983,-0.6501817552400803,1
0.11860710878009904,0.1715969995691756,-0.8584990664668762,-0.24191094350557843,-0.6221627823774166,1.3265106014571486,-0.018072501964652776,1.0817891648331985,-0.24560130534827354,-0.8449338281876119,0.00658531133649272,-0.2920776831364855,0
-0.027898384939835492,-0.13702583985430095,1.436144099802583,1.1833407053677731,0.9342951453916103,0.5822107135425763,0.49760353905589466,-0.9929868241753625,-1.2557433306873476,-1.0626158463416444,1.2769552232680454,0.17229861360968404,0
-0.027898384939835492,1.7833143460457939,-1.1409753767687116,-1.748375066345364,-0.26413687869398067,-0.06750895122835264,-0.33681000995569993,-1.6873555145321206,-0.7387100340823124,-1.0626158463416444,0.10163961613604508,-1.0235071777696836,0
-1.2977975305693699,-0.10654673839869494,0.020154981417921172,-0.596130872881373,-2.0774747683750237,-0.9468529432110576,0.4241644436997534,0.156671731370266,0.18756365470699865,0.7456477657799278,0.04373083900078795,-0.7028606284975035,0
0.5240770761050927,0.855036802974022,1.8107595535732082,-0.2881434694864953,-0.022926822079164765,-1.0425425097841041,0.7391006544356956,0.5547745862800504,-1.372830175948088,-0.24247504970055941,1.6368686623431412,-0.6801248060592859,0
-0.6947537557755651,1.2051816141614493,-0.6021210085425586,-0.7238117437862691,0.44882094974979864,0.12474184678823734,-1.2845748499189413,0.027981667527932786,-1.4881901051573334,-0.15037177996683793,-0.1471774775912863,0.3350275420789478,1
1.943877553613416,0.5471070319478681,0.24923813042336831,1.5932143469839943,-1.2587981006348874,0.9819555497084764,0.5467757592957776,1.076309420120364,-1.8078679063097716,1.867104772001496,2.0553828716463394,0.34958632140901724,1
1.66965330294578,-1.0836703254553013,-1.4685443285687365,0.7427503608551836,-0.022926822079164765,0.2937989124322629,-0.5000946271643053,0.9077442860632703,-0.5706361357877651,1.4596546020698409,-0.1404872322987528,0.6468892631001861,0
-0.6334220953005169,-0.8365020776812121,-0.6018190985619225,1.5164585951791327,-0.022926822079164765,0.36254437289330016,0.6318717266270377,0.8508914109251294,-1.074688458879602,-0.24150010075505576,1.197023494441363,0.25862061596489394,0
0.36422573684602305,-0.49788913906938026,-1.1466279392296375,-1.3687213414491897,-0.1771116176096387,2.3568185593580493,-0.21701119475901998,-1.7413413553446853,0.6225070789889283,-0.47998670370759644,-0.5802606574908621,-0.8467898495078543,0
0.3979489114007001,-1.2526800365883481,0.513908230237377,0.7828162682261578,-2.0984991548144736,0.8449294178587312,-0.19484079456469072,-0.037715749218212614,0.2681815958983953,-0.4298798544063953,-0.4016012772897302,0.4212149306073685,1
0.15867810880045793,1.2346176268915434,1.6554687355534559,-1.2285599626605315,1.3662480197520404,-0.5235560590025845,0.8474215569595369,1.5128927202383577,0.25076172875008906,-0.7853951997553107,0.28039432564553646,-1.1699229955484107,1
0.7764322002993265,-0.8964732209012038,-0.054892278968817876,-0.5865945659621719,-0.022926822079164765,-0.10739037753477697,-0.600712661450118,-0.4068264988232615,-1.9481986925456158,0.1324813518056169,1.026918482427015,-0.13715699320190125,1
0.013893849485865459,-1.7847521171891405,-0.332784677390761,0.2925795884611801,2.0946289933074675,1.245476587015233,1.3057786601024144,0.15878313785640544,-0.44452061722027686,-1.0005197590075818,1.1204483314604479,-0.6340026742367236,0
2.2904868003496666,-1.0752507871285641,-0.3478128473079683,-0.01903903199190166,-0.022926822079164765,2.0572378591359617,0.21467516828983027,-0.3549723928037919,-0.10139081907358029,2.382106622270881,0.078788677882695,-0.2968478795234653,0
-1.9704973297414572,0.34062891541865586,1.45882386034616,-0.1958253794091373,1.268070728274364,1.2678365990876763,-0.5033492054723673,-1.384046881478272,0.5508667614216749,1.7451642083204546,-0.7238621352279302,0.04748328590261263,1
-0.027898384939835492,0.5182814521239221,-0.016884441564838835,-0.13699153118089838,-0.022926822079164765,-0.5467017828171138,-0.7560189395200214,-0.5709159028056144,-0.9413470682343315,-1.0626158463416444,-0.09215810449980237,0.28449759035663535,1
-1.3586017920019842,-2.5025606854933793,-0.20645915155291325,-0.1287510249614549,-0.022926822079164765,-0.7318794355028986,0.2644037033725202,2.0960545098785226,-0.9919259171601958,0.8359924621113796,0.8023056660390223,-0.38197032842902495,0
-0.40990819130141415,1.3780652031258833,0.8972354283165297,-0.21751554239338258,0.2495951056949075,-2.0161813963868713,-0.21427651259141045,1.7416174717978323,0.6743199763073254,-0.5736033992226344,-0.6009749271471694,-0.16094201313558862,1
-1.245883149289748,0.057599005027221414,-0.9714746687509048,-0.3558238795763397,-0.1622532948648596,2.0279417475710875,-0.05752424444591234,-0.3096264134911993,0.1685900436289933,0.6685119055386108,-0.26107284743553943,-0.33500081744873245,1
-0.35715409802464587,-0.30135006241413215,-0.5978696241855985,-0.42263098288609463,1.4245028037620295,-0.27971989634667593,0.22040552817884618,-0.26060520744993015,-0.20622687979678866,-0.6519869273674938,0.15024474543299443,-0.5179065621550137,1
1.126402970100662,0.15809666480915543,0.540663155220836,-0.09469856290396463,0.5826896658704693,-1.461457930666531,1.0341133022036568,0.15983813695987958,1.6599196856841092,0.6524778483937118,-0.32254954045320905,-0.704824011682685,0
0.490145853452055,-0.3108154285208419,0.07082386081865276,0.22257253138548466,0.2896213032905592,-1.3256955522597307,1.6156445244988293,0.027981667527932786,-1.4564038427315336,-0.29289102276752743,2.5749667580757287,-0.772863898280075,0
-0.3251841999903036,0.20414316483211586,-0.5434379024710014,-0.6821520267751611,-0.6951165089630154,-0.2181322755324877,0.5004173566162538,-0.0753928000109513,-1.3628158870733926,-0.699488708683612,1.4038031772827537,-0.778816130771423,0
-1.4887798398554324,-1.136013253003979,0.627460642282819,2.5490151593111063,-1.3800039973952232,-1.5448788884743598,0.7000723647872867,0.2911590486313125,-0.39721378708425803,1.0294146980738188,0.6333321385925571,0.7227355483968387,0
0.09079636574292466,-1.5388558797998295,1.8028616888356985,-0.9204323413314451,-1.720434834707147,-0.39505045476404305,-0.2886940619453456,-0.16540878328343997,-0.1165028848899884,-0.8862558190357379,-0.26073693543409693,-0.5407408060193502,1
1.7690843790926718,0.17027404461989404,-1.4397895459912082,-0.6462274214534127,-0.4479288908900902,-2.0858056213317173,0.4123461987868026,0.027981667527932786,-1.5519699391498154,1.6073921153419295,1.5560091048017302,-0.7237489383453293,0
-1.0641081780077164,1.031702391853751,2.658288562509854,-0.3931599284882638,-0.3086676536267697,-0.044347302717538874,-0.5826772465289672,-1.6641179241999429,-0.19000321508936793,0.3984254972145253,-0.42560672732057003,-0.02292292700874466,0
-0.027898384939835492,0.57049397910299,-0.24928243191420948,-0.7475959355261237,-0.24012825280963745,-0.5209083341276048,0.39339654499975246,0.7517810038857473,-0.9167500406461867,-1.0626158463416444,0.8393344681307217,-0.7684098245294508,1
-0.027898384939835492,-0.6231954564805862,-0.2733111428846632,0.5411247009970455,2.0946289933074675,-1.875585942863301,0.7429565231078311,-2.106281829556835,-0.11015962056891636,-1.0626158463416444,0.4501985128055544,-0.27973899506350414,1
0.34993876233044996,-0.8310553875321153,0.16560087330877982,0.2998630015780761,-0.160559709385767,-0.37507055527482575,0.5692616809434442,0.036005980638687256,0.07519136673440206,-0.5012146956886372,0.20821416539827778,-0.3136047343078648,0
-0.5211450014146863,-1.0819170602884074,0.05883093863601043,-0.15817018166690894,1.4425485932372448,-1.125463962343064,-0.7807428059935092,-0.014282842438830047,-0.3433381566502534,-0.4083245915571493,-0.48426501797735916,0.2908640899679899,1
0.11888676102916787,0.14606309764017375,0.22723439692739555,0.4074037041218036,0.22615027495162304,1.877356494300984,-0.23983779822043944,-0.2284602466057746,-0.5374222843313032,-0.8445183129436922,0.03527326124938823,0.23046163758911334,0
0.013873203782459676,0.8176428214272303,0.9567240869738884,-0.2887576800269785,-0.022926822079164765,1.2912727920337088,0.5761590156043861,-1.296854358823202,0.1427924146102428,-1.0005504349793115,0.17051503776566285,-0.6119819147058944,0
-0.6246590175560013,-0.11387181984208497,-0.977326803780896,-0.8297866389798106,-0.24860324532937478,1.3140458794346355,0.12635691272778585,-0.36824214744343914,-0.5464323249643042,-0.25452053022996274,0.31924830721460024,-0.6955487304833164,0
-2.201143436411752,1.86104226401121,0.7897825194339814,0.14444656636011008,-1.3574934667039538,0.18045966717262085,-1.5143809380746673,0.3326742957514329,0.5708200574473452,2.0878647358197076,-1.3484952005350763,1.3406476588698193,0
-1.7149913101514316,0.7875988090511262,0.27715386590441565,1.4395133530104474,-0.8214569341342234,-0.2639116339419741,-0.5045015973394587,-0.39935189208181265,0.04539538764596253,1.3655261170609956,-0.49407235557258095,1.0980239725735625,0
0.7571323096592241,0.2054087564441442,-1.002436283646626,-0.5148457451134326,0.8966007386265641,-0.2243454795826527,1.2207513162933235,0.8225074470217125,0.34814990220243747,0.10380502685686874,0.45740850923670895,-0.9595183598406013,0
-1.3460327923524829,1.1447417586726676,-0.4675922572573296,0.11862404878649906,-0.022926822079164765,-0.29550668880795816,-0.4288431875839804,-0.6901754581008098,-0.6877089500547293,0.8173170859161967,-0.00703746936871829,0.19229202396609593,1
-2.292877724178539,-2.5025606854933793,-0.806979627354247,0.39354796093037786,2.0946289933074675,-0.5655949001814311,0.48752794106516456,0.027981667527932786,0.6439984272616549,2.224166142599513,-0.16551746075796414,-0.22464236245519179,1
1.9788187684625647,-0.1825723870718434,-0.25097991133381,-0.22887183130141658,-0.022926822079164765,0.3100641614740847,0.800570905509033,-1.2335218386822486,-1.4370906107183272,1.9190214201215754,1.7771598842161154,-0.6764150882285568,0
0.1374944648057025,-2.5025606854933793,1.7074739734950861,0.015250002343399918,2.0946289933074675,0.9306958703844566,-2.1073364065679914,0.6521189908094182,1.260351023932595,-0.8168704588705085,-1.8579363396331754,2.2794120783688716,0
-0.027898384939835492,-1.0591673812059237,0.35927849450556015,-0.4741281495007825,1.7164631985991081,0.8241180048255489,0.007506275462413141,1.2016839223895484,0.4216608679902647,-1.0626158463416444,-0.3491005703506122,-0.4380506691261058,0
0.8192962643518602,-0.1378148515816407,-1.049868200532393,0.26957543239005927,0.30466890961723536,-0.11352326816030515,-0.2806214672073078,1.3421068368174596,-0.7619882881801372,0.19616999400135768,0.1633818866316156,0.17671883348593,0
-0.41151595306834854,-1.049044988237798,-0.7958842891515723,0.3373238400477894,0.009492754348319272,1.1110727116287047,0.9931318307538163,-1.8349767857624972,1.2738059465786264,-0.5712145411856367,-0.1782732242647065,-0.4895381319866375,0
1.5768264558473473,0.21115284149780933,-0.15768407548709965,-0.1768566466220088,0.11014356455450791,0.9976648732574256,1.491244378421636,0.027981667527932786,0.45870711487742793,1.3217298396449546,0.5555124709334253,-0.8995743308351387,0
-0.027898384939835492,-0.021313364361356796,-0.4756412086355975,0.2828466409745726,-0.022926822079164765,1.0493909953157425,0.3695607763799557,-0.7783410805026353,-1.5424476682140693,-1.0626158463416444,1.502150245970181,-0.21943659001367374,1
0.532200084727813,-0.1965214689082561,-0.18676896617687455,1.3265955206779911,0.05784643312383094,-0.6028165213834038,0.21531977532983235,0.4671684687922801,-1.1297996845931588,-0.23040565308218697,0.8938350298063317,0.43040463850759136,0
-2.112284852328569,1.797498888857714,2.1893574376244422,0.40948281136210013,-2.0984991548144736,0.05801298100505599,1.4797112907136154,-0.30142521313718074,-1.0378543809118026,1.9558361311414847,1.8791921572944494,-0.647619738259015,0
-2.292877724178539,-1.2493646759013677,0.5715110376549004,-1.3393734481290442,1.7303032047851525,-0.48463794620736084,0.8911087173491227,-0.16941293061974536,1.7978054936604069,2.224166142599513,-0.44921575248568407,-1.235285747647027,1
-1.1162296498192619,-1.2416922098556493,0.5111284723922633,-0.49327923085980085,1.4480456174807383,0.589161944664667,0.8018338235006472,-0.9736974910198538,0.07678887135818051,0.47586905844223626,0.36247989375989376,-0.8036193154757536,0
-1.3839798202962637,0.33865503173349887,0.6019825881479709,-0.27096050206995,-0.022926822079164765,-0.9651481883280646,-0.5434461315542624,-1.0546310545659099,0.9219055712141574,0.8736998563912788,-0.8915603141234316,0.028220368211056696,0
-0.027898384939835492,-1.0269702204360782,-0.2697341020709796,0.04083765288180661,1.8905367965175335,1.9842679897886526,0.17365227562606356,0.18191275748606064,0.2525613879568819,-1.0626158463416444,-0.15584466210345754,-0.2419327447181739,0
-0.42716530046303197,-0.5240228942707834,1.4987801430280188,0.9114366469245974,0.13258707849403514,0.9494720652259225,0.6512852411110277,-0.402472159588223,1.3242413103397401,-0.5479622969375105,-0.38500746136326724,-0.05168785940716798,0
1.2422891142530572,0.9245864718864417,0.2128027177540942,-2.5411298579174484,2.0946289933074675,0.23759545702316962,0.02065276628534145,-1.5099000609675588,-0.2625177130593925,0.8246647684515095,0.044999569825833016,-1.6124164207430354,0
0.632872469386018,1.5075001040081217,1.2316451317405346,-2.4311144596330827,-0.8236747974585729,0.07538193747478636,0.6040672205220212,0.09630304695242281,-0.02295189664049411,-0.08082376841464085,0.295236503949056,-1.691544585224412,0
-1.9214165173081539,-0.8446864298031912,-0.7912803093728541,-0.5165770607654704,0.601933691274542,-0.04441986329322605,0.051424835654965494,0.8380026413277757,0.14563398234879205,1.672238545044339,-0.17699401194692835,-0.4849211381868898,0
-0.4990607220940907,0.48416002360181953,-0.13083392315786213,-0.6043187996844837,-1.7272102868110217,1.2059043714705433,0.7350354748367531,0.5384653189152936,1.3107692435943985,-0.44113804018573477,-0.3341826580526309,-0.831961643747238,0
-1.6906687074085616,-0.6477938190728024,1.4483645019244171,-0.7629586832019741,-0.28122004947790913,0.1750039941716682,-0.4990643838791437,0.027981667527932786,-0.4237330604222619,1.3293869040022135,-0.231698257959673,-0.31915010921519105,1
-0.027898384939835492,-1.6729970964356853,-0.22018227897552342,-0.783858253677378,-0.022926822079164765,-0.00871101302499962,2.4989432575164807,-0.8434522926346051,-1.3726027581771443,-1.0626158463416444,3.2664921924371457,-1.3905985328439598,0
-0.8430076848394615,-0.008707231153668775,-0.28344215119691946,0.3373628139600232,-0.1742054191701346,-1.2870699193005821,1.2902900725554156,0.7081244088205538,-0.19790396472575894,0.06990811301510413,0.8989876759898972,-0.6085921517858867,0
-1.5590562669787404,-1.112484751939056,-0.9686706850347993,0.6986843445793072,0.2992537548960048,1.3317627922710058,0.02531223278323694,0.33930983606941717,0.286684577507739,1.1338334068636788,-0.2694934030568883,0.21422564248504192,0
-0.027898384939835492,0.24682570988782865,1.295237146573368,-0.7169346734585703,-0.2927301238304126,-1.0936611314253442,-2.727054451479295,0.32288497175843656,1.199194991360413,-1.0626158463416444,-2.186335586747132,3.085247272084219,0
-0.11166400419979866,0.35510552061307427,-0.5990619274925834,1.8671546066143603,-1.4921627878277708,0.6711773920244547,-1.372262967950088,0.7815415004962525,-0.9108768173191157,-1.0167430720262816,-0.6218693074829951,2.5733742822266152,1
-0.027898384939835492,1.0419588539779825,-0.21861696927633273,0.3160791314914172,-1.5230585232025255,0.7942537939157304,-0.9896501371582145,1.2300188203392244,-1.1071400888933123,-1.0626158463416444,-0.17071713720311615,0.8281866303968503,0
0.5436086971139635,-0.1812356313168616,-1.6468559122543758,-1.4533031446735734,-1.3000221095454627,0.9872745392561446,0.38217705188423023,1.2150175515668638,0.7918031546881109,-0.2134544131969318,-0.3002121755895433,-1.131845318779251,0
0.7670045559756873,0.4802842367570548,-0.7383183373336024,1.4953228782618246,-0.022926822079164765,-0.8023925690968688,0.3445964167503004,-0.7552243244930794,0.48557831277247065,0.11847349045721374,-0.17160748503795376,0.4315676078569778,1
-0.7926675583632928,-0.45396090179086945,0.5791509128050841,-0.8816715791870438,2.060976018416729,0.670508379372032,-1.5435752660559234,-1.1137430156597583,0.3027689954490798,-0.004888674785970778,-1.281613522764935,0.480786601391701,0
0.2988304525872505,0.07610588205344207,-1.7425526656680024,0.908771266177679,-0.022926822079164765,0.15672510205723061,-0.983386266970816,-0.339129312038506,-0.33134783170475285,-0.5771528719771574,-0.6376015226100296,1.256066451285038,1
-1.2547466247765082,-1.4681528934082968,-0.24911440969493517,0.01994058864633974,0.06959732801681993,-1.758899321045038,0.007775485985542766,-1.2960277787640873,0.9798786575568194,0.681681508826697,-0.5988556094671007,-0.15832609868357536,0
-0.43561194901085903,-0.6243237749954708,1.0206667853291644,-1.7427531183773208,-0.28787954350987704,1.2038495598321024,0.7137476046808555,1.1691938330015221,-1.0921717232279677,-0.5354120269384638,1.286145121014897,-1.378889688336011,0
0.6597084658870909,1.0595705379980098,-0.5539962378723698,1.5902946220174408,-0.022926822079164765,1.1787780864633042,0.05368919589466563,0.15827871187871873,0.47511803135416425,-0.040950083618251254,-0.346556193319954,0.6949218159445324,1
-2.292877724178539,-0.5708688799491584,0.6228689498793859,-0.4059234118755956,-0.022926822079164765,-0.7730973146441568,-0.586271232555518,0.49196851512175976,-1.0153240880038328,2.224166142599513,0.10522758728643046,-0.028690295576276007,0
2.2904868003496666,-0.9177838695881524,1.4797844823169448,-0.48672934082834773,0.33086807403520996,0.7897414787292836,1.5495703696951064,-1.3612152805801603,0.3030435978079706,2.382106622270881,0.6972073770216237,-1.0475326243465894,1
0.5052472377917417,1.1724327697526626,-0.5885409812371835,-0.6349655390144229,-0.32318358553082355,1.1464987309210053,1.0736415960696093,-0.3773540683472736,0.9135271562022582,-0.27045295756932514,0.04129511120936969,-0.9656359156358768,1
1.1367738766674282,0.810316791095332,-0.9500507362633397,0.10007795983269371,0.4665688144506721,0.4096990564964727,1.1413281666500545,0.40278941829070486,0.7917693227655388,0.6678872355383073,0.1453083015797287,-0.6571853598317521,1
-0.027898384939835492,-0.6105344043179818,1.9972057094727234,-1.048674036381829,2.0946289933074675,0.6986713952183747,-0.6014936579480273,-0.2982322447145918,-0.9168268577535804,-1.0626158463416444,0.01798733717561349,-0.4408872647999058,1
1.7371201405827694,-0.9031310954217141,2.1201120269112934,0.7902411936130517,-0.022926822079164765,-0.9057998477742706,-0.03193794160173245,2.3485551812456196,0.42091600116653527,1.5598987431077544,-0.3734315514535779,0.30585522631519513,1
0.8794718591505072,0.8155952744157825,-0.17616836900701716,0.13245002342558357,-1.1544558506447586,-0.6661032676606028,0.45917875736435676,1.759685077806649,0.2476453883645559,0.2855805996161178,0.031392782460239486,-0.3437810156662726,0
0.06965563872945599,-0.16263392067042132,-0.830613209559301,-0.3572070727621381,-0.6277316544988011,1.2053530497700755,-0.5008645708078054,2.6150000316625386,-1.145181082257236,-0.9176673108828124,0.2839059472744293,-0.057812909361799746,0
-1.6096632630799486,1.404786092368026,-0.40818156733949534,0.18455607248455963,-2.0984991548144736,-0.8997889113841188,-0.4742891065735889,0.594532751197872,0.7809726488171994,1.2090267171233153,-0.7986438694125528,0.26877337279804775,0
-0.027898384939835492,1.254208794357388,0.3542691111407017,1.4698678897171107,-1.0426807573862955,0.6352163791893182,-0.229001540267427,-1.2647100098625792,1.687124665638485,-1.0626158463416444,-0.9772636865741041,0.8590316824794196,0
0.06051039177812049,-0.9051574890209643,1.0560457955602245,-1.0437060330744337,-0.022926822079164765,0.11800152347141919,0.399019240303113,-0.2798943783353576,1.2489052434886803,-0.9312555782053288,-0.4905392936038624,-0.924673842690837,1
1.7895090731510277,0.172115207344419,-1.0240128819992702,-0.8287415291599903,-0.21043112025616834,0.06880769648765594,-0.040854806544343064,-0.1704379599846028,-0.2716738392819489,1.6377397051142344,0.006883069143460827,-0.6152489998939777,0
0.9189834366043399,-1.9472191089432536,1.3780697840178613,-1.7128820390099526,-0.022926822079164765,-0.3809362697006689,0.045061739857285205,-0.6844630804681388,-0.04471589717004461,0.34428802213121884,-0.0724483757951836,-1.1535475542896296,1
-1.1888913226582125,-0.33549508850856524,-0.44400915928562995,-0.45712866842822253,2.0946289933074675,-1.1878075165877608,-1.9991180360916476,0.07389572257988658,1.6104233012617093,0.5838318329731863,-1.8656614625162957,1.552149951753822,0
-1.1608008019281,-0.2785803026765668,-1.1870611901629882,0.8481445140844274,-0.022926822079164765,1.324811130337242,-1.8728868827434562,0.5432366330273839,0.6597104110862589,0.5420941404930812,-1.5903132051333133,2.6334404169332393,1
0.033902899144914025,-0.41428210830801493,1.1023984848834576,-1.722335799252359,-0.022926822079164765,-0.20110787401400135,-0.06311270392132151,0.7099314259210542,-0.2874739519954762,-0.9707897454733979,0.0009966058502721114,-1.1187157877662757,0
-0.6703605687467535,-0.6703980808197779,0.843356541857552,2.5490151593111063,-1.4517224560175044,0.5227055360260284,-0.34467749980907525,1.103341423863378,-0.6405227474861129,-0.1866158691597743,0.025782361077252926,1.6282905765828877,0
-0.1277970962311682,-0.7297325146379972,-0.6075986400784291,-0.4879340037075579,-0.14049729465464866,-1.1210152311182793,-0.5567181281763208,-0.38926367435517584,0.6647631873292937,-0.9927720662756937,-0.8022553713709162,-0.10325109093898278,1
0.8372115020769343,0.09589380708963179,0.37444231357869445,1.3913450580160582,0.5363829238248109,-1.2335258234346531,1.3628053989642177,-0.7599866774081191,-1.137832455471655,0.22278896237368673,1.901898298442313,-0.18031322759095988,1
0.4320288188401925,1.157913198882807,0.21442065311217373,0.827563322869932,-0.022926822079164765,-2.420920572177511,1.2762769915983618,-0.33541053777218083,1.3732916661367571,-0.37924296126631296,-0.07145885387197903,-0.3881727920734477,0
-0.3930470603166141,0.4238773468625861,0.8314650355191331,-1.8343050602169866,-0.022926822079164765,-0.06219803614517324,-2.189490094439198,1.129842466175346,-0.7887346991096141,-0.5986561459008386,-1.3459613216606459,0.35802635206490474,0
-0.027898384939835492,0.4089949255861742,2.6791991612090658,1.1416382319547753,-0.022926822079164765,-0.9728336267607444,0.42078554912869753,0.027981667527932786,-0.18186617865092095,-1.0626158463416444,0.2751024524022186,0.19776337343814576,0
0.5588855899520171,-0.867188217467963,0.1257823621875941,1.6014869945524872,-0.022926822079164765,0.5036336639860202,-0.5097240414949868,0.9319713472403938,-0.5681394856185307,-0.19075557249360955,-0.149440773196734,1.2073653713088648,1
-1.5585231811436482,-1.2386033410927506,-1.321417844981404,-0.11858191082647876,-0.022926822079164765,-1.4396015041479422,-0.9905982510241111,-1.1403283750245805,1.7657728761751958,1.133041332809077,-1.3849543127497528,0.5098385947613113,0
-0.027898384939835492,-0.1701625665044613,0.15608039107874214,0.010985593457113916,-1.3569106612668003,-0.7774513096032741,-0.4858287224480144,0.18627569497174584,0.05754907083100286,-1.0626158463416444,-0.48762960277122774,0.16691113937428836,0
1.6111372754010918,0.21395821382181643,0.14617132922088893,-0.4340627140771123,-1.1409764055805363,-0.6794387108189941,0.6492760411720006,0.8376061937381276,-1.1339487207289982,1.3727098285541464,1.2758011212334752,-0.7149949897594456,0
1.4177131121277373,0.8076504357838648,0.1161045457387676,0.3168344883632123,-1.2828094873243183,1.6234762501223372,0.330631374888589,-1.396641889144219,0.3089192190572522,1.0853147203434714,-0.0858816377266859,-0.18046956811851944,0
0.05700026272210443,0.05029488206579608,1.263745512340771,1.189427023927576,-1.5962433861478438,1.2868477585172708,1.686896733352703,1.0160047929417744,0.8448068590625756,-0.9364710275205289,0.4339423918614579,-0.40081506944833906,1
0.21268059798215938,0.3518117047844894,0.3589536724217484,1.6015559784790347,0.897371355105029,-0.8019066265533099,-0.8324140242881066,0.09888090180846287,0.5649693127023593,-0.7051567695645214,-0.9305265104432335,1.5703178209310917,0
-1.4766781009113246,-1.877070489318724,-0.7911485511825992,0.30286885567612565,2.0946289933074675,0.3354685683077934,-0.008531085341796819,0.37410267636069683,0.6483438409351882,1.0114335910884211,-0.46606675200330355,0.01227339668925904,1
-1.0938820864952412,-1.3312300961487875,-0.1548132921215229,1.6199103353209312,-0.6402005792227439,-0.900638205027505,1.2791069449775032,0.577881801359831,0.724035964618868,0.44266441497338904,0.2644873478374391,-0.04187413706209014,0
-0.027898384939835492,-1.0803308444469857,0.8105504854561436,0.3241343205595696,1.382896564741602,-0.7882030085957061,-0.01920162577223477,2.1258775984734024,0.6478801220684327,-1.0626158463416444,-0.47227489162925945,0.031198409080968766,0
0.32629876272086966,0.9071157885348388,-1.5962212232872313,-0.5183225021706397,-0.7736812255194871,-0.6013727942982072,0.8197490738631379,-0.12416288330436934,-0.42398638941539285,-0.5363396776501415,0.7429406617912965,-0.8223214310493137,0
0.9771311248481774,0.891837591816258,-1.048285594345035,-0.5989827863280762,-0.19738070124603843,-0.1982075337452926,0.953427831336128,0.43436492704083346,-0.19183654246769088,0.4306855066658742,0.6569113599707307,-0.9084473558620062,1
-2.292877724178539,0.48767847053664687,-0.18665044645562134,0.9314709350274322,0.4834829135359437,-0.9166856321337307,1.1997344851791847,1.0457692985692342,-1.512881832804991,2.224166142599513,2.2633811779369006,-0.3093837370282906,0
-0.1810406024451134,-1.5886540350733864,-0.9743823743058654,-0.44292813849369866,-1.3925778250478527,-0.18592361808667027,0.010552186059446123,0.99035625578355,0.05458487659134656,-0.9136613545067238,-0.1533126380500603,-0.4220030632295597,0
1.3866723194055337,0.2029024989184866,-0.2690087414391706,0.08308094591916898,-0.10832425236267171,-0.7606956819559101,0.43179303061352625,-0.6773239258969322,1.1986899130632922,1.0391934300539263,-0.4519684844074773,-0.3554897919108362,0
-0.45141457102010407,-0.4713988450583531,-0.3927727407641971,1.0326897025256825,-0.022926822079164765,-0.9205130309664401,-0.10171891900153529,0.5036511383684595,-0.053471555742888255,-0.5119320429204328,-0.1677696415183392,0.49691037888671497,0
2.2904868003496666,1.0003758357560135,-0.6094769047106173,-0.6537238007445976,-0.022926822079164765,0.9451737105236515,0.23230067454655662,2.6150000316625386,-0.2110091466831432,2.382106622270881,0.16180020710202322,-0.6481908909410448,0
-0.12157109594155663,0.0972670947675077,-0.7724521331775096,-1.2667296102229864,-0.022926822079164765,-1.510557434156168,0.28649124435836093,1.5745762154261913,-0.8895883120211239,-1.0020228341046535,0.7264612864552251,-0.999123204442154,0
-0.1505114718814043,-0.34405560659912815,-0.9147976675755112,-0.045825898786987486,1.3109345557586976,0.4303401517702179,0.8907976119096952,0.5402719322211611,0.479439548147132,-0.9590224026480325,0.1700096288789769,-0.6258860189436829,1
-0.027898384939835492,0.6853361717193079,2.3564589868127532,-0.5018640015604025,-0.2915837408966893,0.933872740732967,0.4387239499229462,-1.1421165998728888,0.45610255761701,-1.0626158463416444,-0.09766604776855409,-0.6604894839120136,0
2.2904868003496666,-0.3611825545993067,0.5382506663872229,1.5582977055392908,1.84347224941304,0.34612148407060056,0.5191720662897527,-1.2129844477178962,-0.2180763650032333,2.382106622270881,0.3695357929653075,0.3494519844916317,1
1.2838537852500163,-0.06284586002662769,-0.18648828482201862,-0.3811832225164966,-0.04571169528637766,0.6001918856676929,1.1025517478654125,-0.8573338661118158,0.7744831496864707,0.8864227355883783,0.13194537251270047,-0.8601954751166778,0
0.9173398205022842,1.3631963013484516,-0.5422162184853814,-0.64415363082039,-1.9194326902813414,-1.6488029804485616,-1.1187439681167681,-0.21538633161566714,-0.6005949235365583,0.34184589070610055,-0.5960027681136155,0.23760864905509407,0
-0.027898384939835492,-0.09205373798300402,-0.3586956811927254,1.0052505666803904,-0.20344656313156081,0.623393980334413,-0.3354069125044789,-0.8725123782970342,-2.060237595655014,-1.0626158463416444,1.4784515404093599,0.6689840564681927,0
-0.027898384939835492,1.5655968130320297,-1.7308262017965403,1.7271393385060263,2.0946289933074675,-0.8966016595554669,-0.2874850959459022,0.14198482633710055,0.21235912430784276,-1.0626158463416444,-0.4338403731899092,1.0672919614215532,1
-1.4052471696412105,-0.04827631786549655,-0.5303663084902744,-0.056059715391818664,0.08389725017486149,0.234120127222607,-2.727054451479295,0.42921539012463755,-0.6040748304921756,0.9052994872900686,-1.8299215967175482,4.089887713151344,0
0.7484355369918395,0.11178884096502227,-0.7361454849583257,-0.6843867924829452,-0.022926822079164765,-0.08398948176459585,-1.8148145798628839,-0.8013926826753605,0.5601060293087452,0.09088311534628689,-1.5287346343447397,1.0183244406031575,0
0.590933665587483,0.0331151221108922,-1.4473556541794315,1.5975385044636827,2.093122120357278,-1.9474442836232841,-0.9062146605166367,-0.8384326130957338,1.1788906469554385,-0.14313763268025725,-1.1806226897502259,1.659989020083681,1
-0.008545400061257808,-1.7625074103774492,-0.45321547616303864,-0.5376383081221058,1.3302093162710789,-0.31299567216552443,-0.558924133121421,-2.370623269535194,-0.7439616682913512,-1.0338606324673674,-0.07067538781613442,-0.13407381860381296,1
-0.027898384939835492,-2.5025606854933793,1.8749860505145555,-0.9639783243459221,-0.022926822079164765,-0.8549801447251328,-0.6298458222261606,0.31832675762332113,-0.12860040119213084,-1.0626158463416444,-0.4910531180944056,-0.36709825650006683,0
-2.097148630821478,-0.4667828005765666,0.4639751916635537,0.9089634499288232,-1.1512902610843645,-0.353936781689291,-1.5029175795052914,-1.262178673183121,0.25039619809042146,1.933346303891807,-1.2378136198708583,1.9869243383184134,0
1.1510890506627185,0.13185724714547395,-0.7901301142906083,0.9702713585057224,0.7243519041369156,0.1669793809497772,1.0914193576813112,0.5421261275325637,1.2936202455165817,0.6891571271061818,-0.1340743935803782,-0.24320815299156562,0
-0.027898384939835492,0.36717841042142335,-0.46562188961455164,1.1623231376481362,0.5483162598080185,-1.8548514619873557,-1.2392040041152708,-0.8999781478968535,2.2348585564312073,-1.0626158463416444,-1.6102527376556832,1.7865450693273284,1
-0.36713143427565575,-1.7316617630808344,-1.0434318716396678,1.2818408181874583,0.22395354484203686,-1.0895054285102057,0.8640204685979542,1.2833205422372649,-2.239886281330957,-0.6371623181615544,3.2089556618719994,0.013612572278783383,0
-0.027898384939835492,1.9887910304634042,-1.1512465594528238,1.4857391555287098,-1.7255813675957292,0.514078230102916,-0.768465305991442,0.5040712258208191,-0.6635171394368995,-1.0626158463416444,-0.28817552728255813,1.4133870775660013,0
-0.027898384939835492,0.6938865839593534,-1.1774537824560873,0.2883892310298436,-1.1767542348015925,0.30871811011501515,0.11969996955193823,-0.9636772275501126,-0.5308560701718078,-1.0626158463416444,0.30267319128681847,-0.07494985237710855,1
-0.33019562939059016,0.16478026476070184,-0.5555678796062806,0.7929091399451059,0.8442231229254383,0.7923128720258654,-1.1948000211962517,-0.3989622087451912,-0.118412127138978,-0.692042584732955,-0.8882522238461139,1.4337501581396643,1
-0.5173855515222983,-1.0061450901607085,-0.5001922838972578,0.7876708338102255,0.357181889270211,0.03877041766519354,0.3220509170561982,-1.23743338673171,-0.7186522772388715,-0.41391048884294257,0.6065990714566726,0.07302038523556816,0
-0.09659889405034555,-0.4957282532103612,-0.7454504187176932,0.016087532709615212,-0.2609058819164806,0.6578173580736046,1.8381260650927087,-0.3013820685734941,0.2641940292944961,-1.0391272400037281,0.9104124087649478,-0.926313362320849,1
0.8976489964114743,0.33718052842639634,0.724243109636428,1.0962021899041274,-1.1332201882298907,-0.8570002562237525,1.3524528856475873,-0.34071529613565815,0.10092057926551833,0.3125887057475796,0.7124846497076475,-0.30342019361635475,1
0.742295591392169,0.5191969337579977,0.3144583698488959,-0.5620216127333948,-0.3685582612930656,1.1118373303401057,0.02407145108084863,-0.4085748358854714,-1.550778909714251,0.0817602100165575,1.1768804549834424,-0.4964063241765867,0
1.3881816390452109,-0.718755025793526,0.7547221201369493,0.8708375335748161,-0.022926822079164765,1.2858409232197763,-0.4372597064483928,-1.8350232292950264,-0.2558450501291881,1.0414360199859631,-0.2859385409687079,0.6731604108176144,1
-1.164884446020898,0.7237038921112013,-0.10071424975215687,-0.18453789569246826,0.6701105018346879,-1.4362025925636406,-0.07432342192807706,-0.5381937477939168,-0.22435834753238548,0.5481617347175162,-0.04667907312211298,-0.2266266393425492,1
-0.4194392684133128,0.5203347502945562,1.453985887860955,1.2332765517716728,0.04692628517022301,-1.420888541127493,-0.9566017840159217,0.29955445837365535,-0.7659604579637145,-0.5594418545035948,-0.37241570282389713,1.4604932670440531,0
0.15803307660259175,-0.4456643028905496,-0.9466220621615904,-0.785695526554049,-1.0452056038974928,-0.03947164147096172,1.1555684506260346,0.49373304567323933,1.3934307558520842,-0.7863536068910476,-0.1450507537305217,-1.0597700802234282,1
-0.027898384939835492,0.37030722367743185,0.19370958706949498,-0.8417489353056061,-1.8523447402069138,0.46501019425829887,-2.528185365082103,-0.580119070492319,-0.9822771501020271,-1.0626158463416444,-1.5489267483958045,2.2797005072340046,1
0.45093178357665026,-0.13906244544647686,-0.4317557792804227,1.3059064202048876,0.9569172817790724,2.7145766116768653,0.03148140856204054,1.5712525388727483,0.5257932062208653,-0.3511564000838858,-0.3847387814620114,0.5521562258962811,1
-2.292877724178539,2.4959487974996004,0.2218428698028783,1.271453923953473,-0.022926822079164765,-0.019866254605546408,1.1319371023108358,-0.6774857485349457,-0.8485456635949603,2.224166142599513,1.3767317334992228,-0.12610317573466262,1
-0.9892322920860815,-0.33489430184141117,0.6445012653557133,0.2869125030214262,-0.022926822079164765,-0.847318976014512,0.24888360527448206,-0.6278700019408238,0.0056600232577694925,0.2871727820798244,0.035959193216845334,-0.15086685991396864,0
-0.1987095903344228,1.3393029094932498,-1.6129074024459857,2.081349936327123,2.0946289933074675,-0.6771077472898378,1.3888298893992845,-1.4685999440216388,-0.19795010355071005,-0.8874082711251776,0.9684904857598524,0.10485508090842609,1
1.8227015613597766,1.0961405822609063,-2.0138243270258167,-0.34393454824932446,-1.035315220582562,-1.2268156820726923,-0.7571247087636559,0.7991762604973724,-1.1985035697464248,1.6870580455898945,0.10287765719463725,0.14326094139730092,0
-0.11100620478093791,-1.2054694406761421,1.088563115948177,-0.08708005069197833,-0.022926822079164765,1.2875274431616541,-0.8508509364404693,-0.3996484421841596,-0.5579089462622269,-1.0177204490611107,-0.41548281180201463,0.40191568973373903,1
0.7844795556698908,0.21640578652485745,-0.5716620733529336,-0.9864513298540755,0.10865598600391234,1.2410868756501983,1.2464084544553178,-0.3741482566560435,-0.06904118303993469,0.14443834067605396,0.7672942957731281,-1.1757575867051924,1
-1.9464942531504794,-0.24882074793827033,0.8981263267520555,0.6416367473113184,-1.0321710328123468,0.35312321427088317,0.6322232820177143,-1.2583787604541639,0.8698163020614553,1.7094997562814187,-0.19159199773879945,-0.1750462152487089,0
-2.0182797313529974,-0.9362120988791481,0.2997085725952116,0.17704653019680677,-1.1523129967961776,-0.971175920402449,-0.24223181698882928,-0.7562503914108119,-0.2701468963698744,1.8161606559685557,-0.13816458006308735,0.09377235037487226,0
-0.45085325767197343,1.2889976777439531,-0.36067843615606104,-0.9701058126890134,-0.022926822079164765,-2.3908027207393174,-0.8315557572078012,-0.6115964131721618,-0.27604281057297025,-0.5127660582145722,-0.5567295908364618,-0.23483196035385576,0
0.3010152433252906,0.024583141088787827,0.5645062233500503,0.05342397797537754,-2.0123978544041776,-0.6489459624741329,-0.346987281618493,0.2196115886246399,-0.19800007722835938,-0.5739066479276348,-0.25514256258200824,0.09193925265224392,1
0.44472335349277364,0.8772476806850864,0.0027640795522032146,-0.0470964256333017,-1.8430024370489204,-0.28533744736784405,-0.43416473918665643,-0.19587961349932856,-1.5745548512808127,-0.36038106160279093,0.7568413867799256,0.09182554582119022,0
0.3588818980778835,0.9904131030569953,-1.532991451063728,0.1410958747233157,-0.022926822079164765,0.07250165971449436,-0.9250169496455254,-0.7310048775158103,-0.36946594845287123,-0.4879267309257027,-0.5753676751894847,0.6345825727474194,0
-0.9389797575224013,-0.06462096173162742,-0.6591790551539459,-0.49506431592029626,-0.47272555696098384,-0.5047541030430992,-0.6799033255490602,-0.8829512341072903,0.3438348754365856,0.21250614082684352,-0.7467001221096151,-0.01923812983128834,0
-0.027898384939835492,0.2800410239322362,-0.20018981132734898,0.0853993861472403,-0.5202327257888919,1.6260309797586536,2.7506220042288985,0.1325481782645017,-0.41438889795659495,-1.0626158463416444,2.158970331064639,-1.1365494621071002,0
-0.3526457351002266,-0.9321711212309265,0.975931213231228,1.532385347587942,0.20291448446237695,0.027846191110698602,2.7319943116491476,0.42678655726063786,0.38866060854617857,-0.6586855808789754,1.3832031203869446,-0.6278863876758048,0
-1.284821367408894,-0.6872755026413846,0.7996537068171947,0.9551666105795475,-0.5285376419908326,0.6553600732634017,-0.15998596362418518,-0.8853007165055493,-0.5682876925520034,0.7263674144910665,0.11728015998748981,0.4963786898019507,0
-0.027898384939835492,-0.47013019429217606,0.09700346138194864,0.06791567110330674,-0.022926822079164765,1.16619676984537,-1.002298446247364,0.6415356853587232,-0.8777527553750861,-1.0626158463416444,-0.3384262967805383,0.6587311557294295,1
1.3844530151294687,1.2062692756683018,-0.1047130915798793,0.55413386381855,0.9843039118100044,0.20144093239420768,-0.6415359090608187,-0.7607782502860416,-0.3587482382501312,1.03589592481064,-0.37441178540031633,0.6508617227394893,0
-0.027898384939835492,1.224606356749927,-0.9208993095048668,0.919731590692223,-0.022926822079164765,0.23052553832459283,-0.04210841645182025,-0.9350528132053928,-0.4005062553275373,-1.0626158463416444,0.09024921374772736,0.3872672988602896,0
0.4630334515637134,-0.01712643306930042,-0.9194674746531266,-0.114895478513223,0.37320015249074057,-0.05741152547251914,0.7815922086338378,1.4944999543420967,-1.4018848882604924,-0.33317539852847783,1.713419160279527,-0.6139182597437597,0
-1.4644805831142549,1.124316738590027,0.44513892786441955,-0.7591734880725862,-0.17230643506527876,1.255223934189655,-0.2236705270195185,-1.7974541380238698,-0.47687818135384624,0.993310173166554,0.006722369224042593,-0.4790778379400508,1
0.38235401707828187,-0.4004988367172813,0.8745477767625944,-0.9036787466033708,-2.0984991548144736,-0.010505810088197719,-0.08112252167450003,1.639888862629772,0.7604880622690792,-0.45305119073520467,-0.5587414904036831,-0.6384494926367109,1
-0.027898384939835492,0.18962819875393183,0.04945374813055913,-0.12901377880799147,-0.9084433996351543,0.07893646523852571,-0.17565892666611163,-0.12804416472387375,0.6492695655004997,-1.0626158463416444,-0.5669887041085098,-0.13255286155685073,0
-0.03613480282034045,0.19717797015049982,0.19458912057793346,-1.2011556682176332,0.055012270612978496,0.5369467652243892,-0.11632370748558163,-0.1573415105031933,2.595141117528135,-1.0748537496520534,-1.1739884735911263,-0.7943421415116158,0
0.7990211567255049,1.399843361833717,0.21073624986400438,-0.32241180206278997,-0.47587195244354585,-0.21918667976762976,-0.35461072247870057,-0.5987834308728109,-0.5237144490794802,0.166044663992694,-0.06066909002651214,-0.13483649838785217,1
-1.4606711048055527,-0.5308666967051963,0.08447675040335355,1.924259735987371,-1.1769238233412753,0.27855888755243763,-0.017455855531901085,1.0250111834336044,-0.8264578333521153,0.9876499422407602,0.4248031860786988,0.9417528270802317,0
-0.5433502928335051,0.43351912199316545,-1.182392246217402,-0.09384822135605628,-0.6934937998713125,-0.6432229504681106,-0.7010892352191824,-0.2084324957914449,0.7462241063957273,-0.37533133972055155,-0.9192628008434596,0.26801674387344293,1
-0.027898384939835492,0.7068949625526185,-1.3974121190637478,-0.03222129766505206,-0.15987769433746687,-0.5144918221870624,0.38867229246408297,-0.5720475428041069,-0.17571507241859588,-1.0626158463416444,0.2483909783315272,-0.39377040225826465,0
0.04598522963783047,-0.5455974922665415,-0.22943877828724102,0.6383354298046818,0.13053313621967577,-0.7851080513708705,0.9485635699215251,1.4314391502903991,-0.26024602118096213,-0.9528374761152955,0.7060601260483328,-0.3302857465021665,1
-0.34246830530568756,0.05583824098883179,-0.08777847059267967,-0.5639366320788451,-0.07261255433771352,0.2499385232072995,-0.40753771453932225,-0.41029636548563464,0.9379568077796707,-0.6738074947474845,-0.8195264643246747,-0.2509586454796802,0
-0.027898384939835492,-0.4806546767786099,0.1865564549336903,0.39351152093618247,-0.022926822079164765,-1.2164438731415266,-0.6089304382777834,-1.7709813734756896,1.486435850326,-1.0626158463416444,-1.1129057682139514,0.5152527345814225,0
-2.292877724178539,0.6986219955704966,0.1983367227389868,-0.4095197683927407,0.5889656654987432,-0.08246227091646721,1.5244856915936078,-0.4703305564991404,1.0233754322919073,2.224166142599513,0.24007485314224453,-1.0078175302311336,0
-1.8606432863141553,-0.26149010143869605,-0.8068506109495318,0.8778466045309247,1.272924786035805,1.1254189658502989,-0.9287776979109686,-0.06496470352036231,-0.25428646079068923,1.5819399546187518,-0.6373438277926609,1.1698355380725096,0
0.4559136165537104,-0.5589617089257787,-0.3753639129759861,0.39661866039572474,-0.022926822079164765,0.4261988092205711,-0.11718204843166545,-0.08698694624898712,0.33647949065500204,-0.3437542513383524,-0.38574872302142793,0.13783022125988245,0
0.020919865317682338,0.1599365200611595,-0.43549029911751796,0.8702226993663594,0.876242901724735,-0.9809227900569214,-1.734882965896427,-1.0849916089271214,1.0161628859578258,-0.9900803053938094,-1.5987736223207862,2.370326727141367,0
-1.0700034202172088,-0.7945700581145709,-0.47762828930844436,-0.9773127324590447,0.2909498695446282,0.4788320377720381,-0.13576337813449826,-0.43981038922625765,0.515287261827658,0.4071848153061891,-0.482679636075872,-0.6542091135034855,0
1.0399960421401766,1.3165361848937587,0.8092810188153113,0.7477276263720121,1.5066437292766095,0.6632770198975785,-2.517210926979724,-1.749394759938975,-0.04266483929423843,0.5240919839230933,-1.8246451908386914,4.3894376319525765,0
-0.8280361471337161,-2.5025606854933793,-0.7476915276977337,-0.13763878229789048,0.4427319075639529,-1.8631915661358853,-0.3085049289743646,0.5167859142355408,0.2770270164077078,0.04766297762867319,-0.4790613697985615,-0.051808465099348694,1
-1.0568214958498177,0.4714250961212494,1.2337476337299034,-0.19339865290126684,-0.022926822079164765,0.23007968263913353,2.028550455768075,-0.9018850625484897,0.12516282491415576,0.3875987381797372,1.1421813877708584,-1.061829026121517,0
-0.6599248368901385,-0.6465346584379136,0.528468237429293,1.7007233538070226,0.4437364353463277,0.32085005241498304,-0.31047255333572615,-0.3312667051138525,1.4248350205538045,-0.20212157555877733,-0.9362013356845221,1.0728662343753392,0
1.4789547270673717,0.4156540524359205,-1.1868847691787006,-0.33314693387522415,-0.2332364609678048,1.0147588341202927,-0.9143005213768186,0.08645880969299805,-1.1581598078835165,1.1763092489210567,-0.06723208774244731,0.28332480588483105,0
-0.49001495365352715,-0.11038920454893447,1.1401747378251068,-0.03195798488372292,-0.022926822079164765,1.09095818129125,-0.3631560162863028,2.1595828742941103,-1.1988899521760459,-0.45457849951526774,0.4518903980464222,0.05059817605504299,1
-1.7229770562933406,0.7538332235005101,1.9705389530280908,-1.5766798799329673,-0.8612206037283495,0.18226265047389892,-1.015758861472711,0.027981667527932786,0.19569212432530886,1.3773915651919693,-0.900890088664588,-0.5449571886956872,0
1.2229424520255292,-0.15830306991175425,-0.007429289034179553,-1.5136181839526401,1.6828596993788614,0.09536734052951869,-0.7310387593044443,-0.6559100467159142,-0.18415754569223539,0.7959189489515023,-0.5330455207279422,-0.6753720384138456,0
-0.027898384939835492,-0.7667937860973969,0.5616373253557148,0.10032455741459893,0.06589896831710874,1.019321703771903,-0.14121470929431015,1.2390445992005363,0.6677012530732114,-1.0626158463416444,-0.5543443189356319,-0.019460994659670522,1
-0.6916524814800417,-0.5704477365687546,1.022058012219668,-0.9904848512270181,-2.0984991548144736,0.5508816315935172,0.7433878814314678,-1.2676960363016192,-0.37763964998368427,-0.15497974128185388,0.6496929388503172,-1.022268119931606,1
-0.3114099256227206,-0.8713459323168059,1.709265727700616,-0.6738538691899794,-1.1099378548139096,0.5732293470037813,0.00797763681350683,0.35622257603087787,0.419003414513655,-0.7199549162421812,-0.34749504968614425,-0.5514309137298303,1
-1.3795236923402079,-0.22860037230122848,1.5439520266998117,-0.24258837512165865,0.22262785432983967,-1.1935532781544873,-0.4156186894628677,-0.3127458193872172,0.8652722909710104,0.867078815077421,-0.7967636799882759,-0.044216253781076985,0
-0.027898384939835492,0.6559570492119945,-0.4482627790518273,0.9470818456284024,-0.022926822079164765,-0.23081195736740948,-1.2375470970796671,-2.554563136600393,-0.47452406020664284,-1.0626158463416444,-0.7521638651093928,1.6134454595181402,0
0.6425864474893471,-1.2634729978716934,0.6029034385320311,-1.535661787286008,-0.022926822079164765,0.34731921629464146,-1.8026177183913688,-0.8836661348448688,-1.029748138802672,-0.06639046421460162,-0.9155501119128885,0.175570704247884,1
0.2692212390758963,-0.11056178520316474,1.213699404054644,-0.6584626185401316,0.1049630765663918,1.7978132447467483,1.1546014641856068,-0.5673205127523179,0.5106601373209888,-0.6211470812689023,0.31453327609191295,-1.0024131385216328,1
-0.3205007552630837,-0.1269578906066711,1.6817947860176425,-1.3709240843341126,-1.7728676192588342,-1.3314014258913156,0.15648026766412207,0.9548930014323834,-0.7994507720477049,-0.7064475037038385,0.5425890128131763,-1.0056963159384171,1
0.687581254756264,0.821648085061258,-0.430730197344152,1.0497509502697224,-0.6086722778680183,0.31172651524498873,-0.6728765538084696,0.7979838721805813,-0.8173256712259132,0.00046409668697012184,-0.11125240132659972,1.0125298369842173,0
-0.9119108759825679,-0.03266001286985164,2.4786777489440563,0.16251794906975567,-1.6337010893950392,-1.2649256808023954,0.23595050834032555,-0.9615490701641454,1.0882647530856633,0.1722864288341484,-0.5146637194329184,-0.21049763862878476,0
0.16265429760454458,-0.5951309111857118,0.18741444452369377,1.2754525814365734,-0.23650956689415714,0.6279123442531799,-0.08221622335236126,-0.7105102942213557,-1.5433160002322355,-0.7794872656467806,1.0648476171685877,0.6224897396520755,0
2.123216144970649,0.8732562694083001,-0.8003120548755918,0.20061077353336312,0.09985893043277572,1.1121199755750262,1.3979529912479496,-0.053299469745854915,0.2684653826697789,2.13357113792612,0.6238288345989578,-0.707428573895065,0
0.9335729793466355,-0.8653395258416968,-0.8398524233574626,0.2772337320933043,-0.022926822079164765,0.4550236071077485,-0.9725418579090095,-1.7917463720821776,1.2006478273747139,0.36596557856578227,-1.2235627078670734,0.7816799969713437,1
-0.027898384939835492,0.2047765571318909,0.7399988347940637,-0.024562844857270765,0.33763461171946685,0.22157701886991785,1.6774702173747664,-0.8340230692292254,0.620989971888936,-1.0626158463416444,0.5652645286481408,-0.8943613515201077,0
-2.2287073454610806,-1.1258668096277094,-0.8618648978141813,0.8297371819195486,-0.7086867041769929,-0.16747451847889577,1.9811541865821032,0.7801352843684844,-0.2860336020521234,2.1288199737273192,1.46746353254461,-0.6502380249850889,0
-0.027898384939835492,-0.1745160676941467,-1.4218177160721197,-0.5990589777809375,0.6062840294956181,-1.940321402389074,-0.25361894599064133,1.697696764663785,0.8759897786740395,-1.0626158463416444,-0.7071116758105361,-0.3659966691147793,0
-0.6971014323824186,0.46957846813860643,2.049972863405633,0.7695540962039135,0.4715400200950271,-0.47423572660985186,-0.4195346228697087,1.2375189334610794,-0.06279653406596072,-0.1468835354732231,-0.3804500561269611,0.5941202689083304,0
-0.027898384939835492,-0.527914321051493,-0.5594862684354075,-0.06147089831623747,1.1925863523911986,-0.2872200791569584,-0.8169362160711982,-1.2707956591666227,0.6252254178617352,-1.0626158463416444,-0.9437199254220631,0.38956140582088045,1
2.0294766296441664,0.4443578460288274,-1.0068084911778736,-1.38932475503844,-0.022926822079164765,0.6610199096370084,-0.7651019695353973,-1.0546979817328987,-0.20639123141808133,1.9942903071604334,-0.5455737314217137,-0.5700856220499528,0
-0.027898384939835492,-0.09896490477164727,-0.8573671080449179,-0.9439810785826327,-0.3503766958908354,0.044944049856402365,-0.472895952847258,1.7153026391379929,0.567839410657395,-1.0626158463416444,-0.7123168683299947,-0.4508012770610514,1
-0.036026429891760046,-0.3801973142084634,1.1448077610615188,-1.2056335419173694,-0.022926822079164765,1.6266383965881128,0.0365755786606209,-0.6390503440637255,-1.347514489457055,-1.0746927260808026,0.9588689164229718,-0.865012570836328,0
-0.23301690930871552,0.21581095305803472,0.5234348493414666,0.8006542248753058,0.2548661535779168,-0.575317074348021,1.6018483845865403,-0.509695208698209,-0.280316377216266,-0.836433483476228,1.1901434119000391,-0.5285064371333841,0
-0.0849742871135787,0.5617601725599642,-0.7950416300904201,-0.07544823689403793,-0.15690295937116255,0.5049936261979188,0.9555116507099323,2.4543829780067927,1.1822279443166663,-1.0563994107189103,-0.1568165349028876,-0.6655731189357512,1
0.43707294081570214,0.6691648154045036,1.0854621664583388,0.5805243009898473,-0.022926822079164765,2.06935094740625,-0.633771575913424,0.7088982717759303,-0.5548876609965446,-0.37174826176007425,-0.25224070374927193,0.6612873342174642,1
-0.40577380276691055,-0.4624651482729359,0.8508870144408474,0.36545869678683135,0.37628526254026834,0.5891505251326077,-0.5950532256058219,-0.8877701261294115,1.1286505053026772,-0.5797463909779066,-0.9926041475260982,0.4847483774893886,0
-0.027898384939835492,0.2422814622421656,-0.8348830542044019,0.938858631922418,0.8371851180502963,-0.845885001935674,0.27136395690776693,-0.4676251161475987,0.519797694579333,-1.0626158463416444,-0.2343057087883826,0.18473330326323004,0
1.408315434749902,-2.366562811437727,-0.7238957007396994,-0.6130722468821248,1.232006616547764,-0.4610188940434646,0.23085810208906643,-0.19777039776372704,1.2275030600760426,1.0713513847331477,-0.5737148195295193,-0.6256229674836624,1
1.956675840656497,1.823500271593623,-1.0882302550136516,-0.7187251951925834,-1.3415414990034544,1.8379918082006395,-0.7950265320897157,0.9366876369260845,-1.5019018099635522,1.8861208299097285,0.3335687875087027,-0.086128605424052,1
-0.874792494619097,2.5156631681133277,-2.1191435190305747,-1.9479706864998434,1.8230405140213608,0.23920010752763157,-2.4114712281696535,-1.0996717459789032,-0.7043511155806602,0.11713488495240558,-1.5535422381981223,0.5690070787788962,1
-0.37752376639545115,-1.598873020361656,0.37714605079407904,-0.8955077794994875,-1.529788798311864,-0.7219876947182642,-1.7128399429874535,0.027981667527932786,1.0956830284046846,-0.6217210963225387,-1.605408844839034,0.675104725343654,1
1.3301116098814236,-1.909788878888329,0.7091139390082144,2.5490151593111063,-0.022926822079164765,-0.15133745788017267,-0.7082561160907015,0.20179823615909243,0.2340989851693244,0.9551539235152234,-0.7172527043336895,2.0652515224119488,1
0.34419052601428396,0.49509852610123145,-0.8751888868943548,-0.8464410106593986,0.9147678375398606,0.2815377835554201,1.1900224087804812,0.027981667527932786,0.5160149906956821,-0.5097555882542179,0.3331119321071833,-1.097348478620265,1
-0.0269340039302269,0.26379254758115683,0.32322056813877226,0.6179730181330414,-1.670646210868469,-0.7687127002519604,-1.0565236227307437,-0.40520769817524327,0.3398132005418029,-1.0611829416831862,-0.9843091683112423,1.1270613971198111,0
-2.292877724178539,-0.720696809540735,0.08722834081094018,2.5490151593111063,-1.4067354228743436,2.1316871505736206,-1.7946533707014445,-1.0671819073384854,1.9153034602206127,2.224166142599513,-1.817418021687267,4.11138860349981,0
-0.45986713148841474,-0.11202425615010324,-0.26245448608993105,0.33670959850358984,-0.5944655835472288,-0.5972051374426857,-0.41950530965293115,0.6229932521932285,-0.718232764652031,-0.49937298882224174,0.02164030688155656,0.3222641455032913,1
0.5040806175790655,0.5981097038927898,1.987656506307439,0.4159725445611681,0.2664180197828166,-0.9722648719886707,-2.4841972075758663,-0.022986835786609393,1.869565743494414,-0.27218635497215626,-2.151383830371045,3.8244749290744355,1
-0.42262982250280706,0.9115559902000102,1.518094918236436,1.176001011920575,1.6280726054860364,-1.281313860528667,-0.4806325999583501,1.9963902391683972,0.7960373069650662,-0.5547012387383022,-0.8081723146087855,0.906192123420731,0
1.3329361864165696,-0.2677135830190644,0.035816123313770626,-1.8326592438273193,1.339290859622575,0.1324735384771269,-1.7301538156999827,1.7197873964498547,1.931887252995453,0.9593507594494206,-1.7886564299012648,-0.18508917654738435,0
0.438852746405652,1.0644900316315364,-1.6899993267632465,0.561122764811506,-0.07208050752552303,0.8062804679771659,-0.011927244494624383,0.5086943787728543,0.2644867278664354,-0.36910377613086814,-0.2819014064161161,0.16138857346983587,0
-1.1372853119291835,-0.38175981008272286,0.5721839264798745,0.15464115936289385,-0.05577737717621638,0.39446471086884155,1.2636299315430788,0.3671124425659103,0.18240320593879478,0.5071541584427796,0.5960681093564448,-0.6787779263448224,0
-0.5860337348673216,2.328925198030084,-1.5446527989955463,1.7973191126097001,-1.4948802070125562,0.7826225404198767,-0.4105465698485531,-2.554563136600393,1.0032381285945537,-0.31191107084351094,-0.8453265956467934,1.230473481961844,0
-0.12751478802019517,1.0161911213228059,2.6791991612090658,1.5680668810049134,1.3858602067206383,-0.43962590196414053,-0.12197140255361219,0.05129391898804917,-0.19496106367528865,-0.9931915278231462,-0.09835769024884383,0.8250289465260748,0
2.2904868003496666,-0.17506620855060423,-1.7626803174239052,-0.1505546426724666,-0.022926822079164765,0.8816975119034525,0.08813324146706329,0.03309057901922621,1.2650181115624668,2.382106622270881,-0.665984204217781,-0.30006922133167396,0
-0.4662944494104135,-0.5742202145778164,0.4847478896702019,0.11496743325334667,-0.12930460305228403,1.7227694820644697,-0.7008306351976593,-0.3519934529689122,2.6510813938632185,-0.48982309754476605,-1.4486035295375839,0.4090475051096076,0
-1.2976643500406193,-0.46689344843112834,-0.32814550106308277,1.2152655413397997,2.0946289933074675,-0.4690203137828357,-0.9663103797794197,-0.15255417384299425,0.11597046421946795,0.7454498823726841,-0.8349472068820127,1.459431381977255,1
-0.027898384939835492,-0.5944232022422592,-0.17551676313417264,-0.8102280692015837,0.6242600205426214,-1.8374365700290634,-0.09412878594608323,-1.397434608780461,0.07534198778480622,-1.0626158463416444,-0.23491718240480053,-0.5777954384938851,1
0.7034036901754737,0.4799366389423453,1.776948777621213,0.7379494953703685,-2.0984991548144736,1.0549040909748988,1.4918830776507137,0.4557775819163281,-0.8653524767413789,0.023973520031528014,1.6879325167389563,-0.5131949098221256,1
0.6474824854200668,-0.9716104165250498,-0.5416731929037439,-0.07222635484742317,1.55757084414541,-0.7934114274650186,1.3372187851738384,0.6354922433363349,-0.8594894943447262,-0.05911579218247188,1.5553910044531982,-0.8040505908567502,0
-0.3511962245366819,0.4605919663654605,0.8338193202862861,1.1324446086307185,-2.097100054063025,0.9558164239338104,-0.06657810976302585,0.1799513835400358,0.1584744103685901,-0.6608393047892281,-0.26162126589612494,0.5277675497692448,0
-0.08754276132486113,0.4123535532830444,-1.3113513481686423,-1.698209370241379,-0.5729321123852774,-0.45448245387921,-0.301129939157593,1.3687557348042891,-1.0016426667478553,-1.0525830988817764,0.33491846684757304,-1.0081339365453277,0
0.3341432442293195,-0.3379276424051778,-0.029957873886077784,0.21001366906586239,-0.0227352345455185,0.20193220974800444,0.47482821492344823,-1.1053085329991041,0.7181753981880217,-0.5246841245184912,-0.21009635622287778,-0.311899527003635,0
-1.4090308256203556,0.9170855269221106,1.0579237887549588,-0.5809053532283511,1.191762498365107,-0.8801105674051354,-1.8900728959790567,0.7229945542015396,-0.04706271566730758,0.9109213506661642,-1.394618160143497,1.2373664939835414,1
-0.21918063009831068,-0.4642093180911175,0.5880170071230184,-1.2159792386492545,-1.544696396227151,0.5917250930561145,0.11961998169855785,-0.3662577142194616,1.206023473541164,-0.8569918195890109,-0.6262077949470125,-0.9057409105747674,1
1.8030246224739224,0.8426889480507339,0.7525657184395893,-0.9281287596738962,-0.022926822079164765,-0.3640169949043905,-0.8909161475875957,-1.395424603720499,-0.05737595728470623,1.6578214916627465,-0.7064058811566074,-0.16173128369960357,0
0.6140230606863175,1.0933674777105702,-0.5111104808547609,-0.5270778858745496,-0.022926822079164765,-0.48149977058750526,-0.11991957500872749,1.8956917615977105,-0.72116603491954,-0.10883075451855288,0.2600458831299624,-0.3993230797024219,0
-0.3035709615369362,-0.7551411593048748,1.5125053519133298,0.7518883501253596,-1.2655353255255744,-0.475727454261539,0.48760512164014574,0.11541849596644305,1.1556505124605125,-0.7316022714307351,-0.4030935048558759,-0.04182678691821766,0
-1.0075745277467048,1.009498441712758,2.0199280541653186,-0.7044742218441423,-0.022926822079164765,-1.2122554157965404,-0.8687800693032096,-0.4468699728054937,1.3488359547309043,0.3144261960964624,-1.2104284101010392,-0.01960647047978968,1
0.6968163883355906,-0.8463977082065253,-1.5069365110045185,0.4628364830178429,-0.15309107266675873,0.03724906720609939,-0.6126563313765123,0.6549570836560105,-1.0476813739535453,0.01418592011096331,0.10806186548979328,0.564292979994293,0
-1.280090543580264,0.7413782659147253,2.062411473951644,1.3559671205496615,-0.3579613017165517,-0.4271470347213354,-1.1248812242050208,-0.4769302637780185,-0.07116112003674542,0.719338222258071,-0.8607129843979576,1.7739962873364152,0
-1.5533575578305734,-1.0742467553048805,0.11610598670007811,-1.978813394379754,0.8435346406456218,1.4129621623241064,-0.8209879054429863,0.027981667527932786,-0.17642750528882856,1.1253661031691342,-0.6001616642338946,-0.9478810545751578,0
-1.5671213211613189,-0.8606537619996946,-0.8335653841114411,0.7706489526099553,-0.022926822079164765,0.12035904979751902,0.5932924770795425,1.0173592462419387,-0.10206579261115205,1.1458166931310279,0.34101499155116843,-0.09034577218425692,1
0.9317414204264745,-1.2917541560071297,0.6244896194487914,-0.8474394529199779,-0.022926822079164765,-0.8843569445838811,-1.9636412100269771,0.20856298985482574,-1.5797637695268778,0.36324419637058036,-0.7370511707735796,1.0845913405991887,1
-0.7238293877615926,-0.31167935485040177,0.5016469076937845,0.4050103613441249,0.37466735660744577,-0.14814455830857928,-0.6723714608387593,-0.3724456848511756,-0.3914126391015548,-0.10717038124030544,-0.37834631892632387,0.5792791335089563,1
-1.8085654211383067,-0.22968333912023275,0.23267368784983256,0.44827876189950405,-0.27187912390402613,-0.32591685627670813,-0.1978364707811845,0.027981667527932786,1.0931826691688054,1.5045611853672485,-0.7589023025659808,0.22462126502333046,0
0.05247054998238024,-0.7334539360346004,1.0278754514856083,-1.5220563841467944,-0.022926822079164765,1.2159411986684923,0.08985804962577973,-0.5401617411544132,0.43105418643615284,-0.9432014031931719,-0.3022513786154953,-1.0635553802480373,0
-0.027898384939835492,-1.38772427599655,-1.2154168655576596,1.0333982521507294,2.0946289933074675,-0.5270099471926047,-0.7915802061132792,-0.4898761105130166,1.8940022559129996,-1.0626158463416444,-1.3174980979577835,1.1266552402593677,0
1.2680884392179728,-0.02280752511674321,-1.1907819932118293,0.48345374671899555,-0.03283044377697756,1.0800404668643204,-0.6040823781059869,1.3712211448390046,-2.4288946080716682,0.8629981372745953,1.7569651572280798,0.5702950607650991,1
1.3068644900688748,-0.3680610296171425,2.326185533630998,-2.372509063285452,0.10219406064472049,0.412255825224021,-0.16998508587196562,-1.5565621223318427,0.706595943440987,0.9206126935000676,-0.5883340405351389,-1.4609682540939153,0
-1.5752611288923526,-1.1731448019274064,1.957130269992831,0.8036694835915644,1.3255809203970494,0.25072071003387814,0.7766623971105171,-0.4522870391013903,-0.9602671851292638,1.1579110503410341,1.2001045237020604,-0.1695556291864227,1
0.2771852042424649,1.2927318067919626,0.39496283054724635,0.10401139283592217,-0.5428375454892288,-0.6219221891646328,-2.5482219084207194,-0.2675859898394688,-0.03183768041405006,-0.6093139959289006,-1.8484614348010633,3.630717786474348,0
-0.2190918299547597,-0.06036805116978528,-0.7120925735926188,-0.2360410066863782,0.1637369715019969,0.17234038770650137,2.6273286963302045,0.5993451105983929,-0.938358515458379,-0.8571237613610887,2.7135229301644266,-1.2217765738948965,0
0.6897088313785568,0.03334559430414994,0.3928331750718193,-0.3930678611609402,-0.10232066497044288,0.7811201492424076,0.2543248347020068,1.5243451511660076,-1.9589408475220254,0.0036253103804537836,1.9798798714267678,-0.5184964862556735,0
-0.9889662654433012,1.1646648775011772,2.280773177098546,-0.780842888862737,-0.7444191680168066,1.0160746580731264,2.565082660945228,0.488243874723946,-0.7346020336163716,0.28677751214821456,2.394918248036637,-1.4025229050854453,0
-0.12409010303732934,0.3267841792672941,-0.4524959359105238,-0.04288527710894355,-0.022926822079164765,2.1596635640223902,-0.7615482061307016,-0.5172930808614328,0.6438837657614862,-0.9982800219108638,-0.9172953095731242,0.35390256370964895,1
0.52960288478985,1.9642323544993872,-0.10723021057653861,-0.4822849715163579,-1.4062527333602186,-0.083087818523466,-1.4150194730509833,0.35598602603220286,0.7368125168675149,-0.2342646464188197,-1.338692261671524,0.675188562737558,0
-0.810248661580216,-1.1377089166849514,-0.5747145692373367,-0.6845175178650195,1.055706112324676,0.2874515676870355,0.6362208943926337,-0.24666580607425634,0.1267482894838355,0.021233827056521354,0.22017506669010634,-0.8336631975028438,0
-1.2279861589723233,1.7048989959809946,-0.6824816765811965,-0.4473627622997323,-1.783805391063678,-1.1534579489983068,0.4302557441840532,-1.429881833475113,-0.3036491009514479,0.6419200496821496,0.3667850788406062,-0.6286439836500021,0
-1.6289038102366884,-1.4525175540192128,0.6657840128363012,0.29103797491347433,-1.1902421214019374,1.1623282249005968,0.6166746428306692,-1.4138604111621669,-1.4325582847963854,1.2376148678412227,1.5980941261783144,-0.3412443496496806,0
0.8035449617827127,-0.7643336413367051,-0.9673149910181836,0.15346818222314798,1.3745938989292683,0.3370869226724708,-2.143313869047147,0.027981667527932786,-0.6236967012535689,0.1727662618630845,-1.3739613015105119,2.5159292083496716,0
-0.2395479436010268,0.39909024980745267,-0.7389477415358876,0.2160086857751163,0.5431924733719213,-0.23536578893847176,-0.10725014447631587,0.2592784825855174,1.2757218654780835,-0.8267294874738579,-0.7760017808476428,0.02599187347078423,1
-0.027898384939835492,0.7168045152821529,-0.8122768752269105,-0.9710941348016104,0.3350593187679067,-0.03248496489212876,0.45692322014525444,-1.086972408843994,0.8782289095193225,-1.0626158463416444,-0.2970333687537687,-0.9093679277939454,0
-0.711099788522358,0.5673039308189416,-1.1886701834184101,0.07486832845032869,-0.022926822079164765,-1.0387228090770988,-0.31729585143783484,2.097989616556168,-0.39532621107767035,-0.12608438086127377,-0.11533191016942025,0.08414718369233848,0
-0.027898384939835492,-0.0037516082781653315,-0.4314206002093707,0.5718223161353911,-0.32274013877852176,-1.4195600539574744,1.3193608987233219,0.11461196804201855,-0.6072199902693991,-1.0626158463416444,1.2824024943915537,-0.5174778424617228,0
-0.7209012593420595,-1.7526349800747572,-1.1692190953514023,1.2891577066840667,2.0946289933074675,-0.18300549492086632,0.20175375071378177,-1.1730309784872865,1.641855176824363,-0.11152107750154326,-0.7422030433333967,0.4195777280034727,1
-1.181589220220332,-0.5899192286823691,1.1170562923569596,-1.6204622237345228,0.4186596000195782,0.7744629600161461,0.5467386050157121,-0.5017704402126194,-1.4194228232167974,0.5729821620490096,1.5158839417753662,-1.2704844444107297,1
0.2316258359728385,-2.3319165424290973,-1.5117220236896491,-0.1449001680187069,-2.0984991548144736,0.7690924046498346,-0.27656607037343006,0.027981667527932786,-1.0615748288521865,-0.6770073975819039,0.406376375359167,-0.07735861385368903,0
-0.4148045748944887,-0.7178241572244635,0.22161337961416686,1.212729711085784,-0.11452212406194852,2.055203986696901,-0.08743010319292399,-0.1610845281501541,0.4919615373544734,-0.5663282135955733,-0.44200338826726077,0.5902907918893394,0
-1.6824701580490606,0.5979747084848892,1.0311428160258151,1.06728922410455,-0.022926822079164765,-1.417679665682114,-0.9764251163923164,-0.21140487719243772,-0.15494742760087518,1.317205266814442,-0.7195161925067112,1.3637817276378588,0
-0.027898384939835492,1.0147422322569684,1.2032712983474307,-0.09841089727635449,-0.6190097696693163,-1.4661067704519637,1.5076611322138467,-0.7696030921725145,2.0131494991318863,-1.0626158463416444,-0.22879400481952852,-0.871698977552996,1
-0.5822431155115444,-1.0449876838978511,0.7349100956375114,0.8923942484602227,1.3561682794227168,-1.638893569822286,-1.3214875783973437,-1.0348265354924286,-1.335208100163687,-0.3175432806021204,-0.29962551058662135,1.6897660339643377,1
0.7230996911362197,-0.9345109255078905,-0.43057947854121165,-0.1584331270184691,-0.022926822079164765,2.1466670493894706,0.6203186974674142,-0.6845065461432217,0.12498026247706771,0.053238396930240545,0.21076829052167015,-0.5662460737266505,0
0.8552685594865983,0.6301878560490528,0.20088848215075986,-0.8223194586616164,-0.009481551242180732,0.28552572719385305,-1.7088902266867965,-1.7033641678055071,-0.7251083503629526,0.24961865045605283,-0.991586529050675,0.7383753531103973,1
-0.8017700003205961,-0.4550426784467185,0.24389000783998677,-0.5930317377505815,0.9816127054697831,1.7323360676216202,-1.9759792998743608,-0.5173853844535878,1.2176760350058493,0.008635991662261693,-1.7778125188600988,1.3689688482294469,0
0.2959328703598165,-1.4288451352595368,1.0830973350106965,-1.6205023469815047,-0.022926822079164765,-0.9456732124785052,1.422345140001728,-0.8426106024998574,-1.5774735296704654,-0.5814581818397407,2.579001065933715,-1.4948988107028738,0
0.2599551651705887,0.3636959218775079,0.7819020127677621,-0.3937365467906968,0.16443989362976918,1.1776083725153612,0.8664949119475646,-0.05666776062075158,-0.31680513394943455,-0.6349148767068513,0.6913713880715425,-0.7806344271688367,0
0.5823692874111868,1.0300501599269214,-0.011484609751041198,0.5045957685878022,-0.5860504898645522,-0.7324317133996909,-0.8041413772279257,-1.0577713221843008,0.8469761535234628,-0.15586282870064946,-1.0156556220001258,0.7722799147875624,0
0.38965991568948743,1.4631840642900296,-0.48356557216617163,-2.5411298579174484,-1.114322360402546,1.5148365636692525,-1.2828363989018337,0.6665080649638766,0.41943355408793204,-0.4421958793490244,-1.156170809998343,-1.1291170101802375,1
0.24366791694922546,1.2128562823460418,1.2491696867658577,-0.17226378907590867,1.6806480908325676,-0.1965530555523171,-1.228085298632527,-1.4009006124580956,-1.0468122514889637,-0.6591149320971265,-0.4169721097834499,0.7152781608264965,0
-0.023550851519389075,-0.07890752676892218,-0.5940150699730684,0.3758001213830647,0.5177411979507915,0.956023695663925,1.655536342861545,1.037091335333684,-0.010425042698194236,-1.0561561578690468,1.0009650737627038,-0.7230077198493147,0
-0.3021638172230357,0.6266994197122113,-0.14684357369992784,1.196838646722316,-0.022926822079164765,-1.1285132950088375,1.0587809688968353,0.35605561082258136,-1.3158530750447914,-0.7336930463655602,1.8578280396725408,-0.12467618392048167,0
-1.0519956274736455,0.2526412229309304,-0.6076695198757649,-0.9578900584632342,-0.5574011245688899,-1.0703250271415425,0.2746496193675362,0.46876544328045955,-0.6548446088191142,0.3804283260620932,0.517057193447015,-0.8297898600702005,0
0.025417406328463992,0.5462014013238777,0.37406187724152,-0.6828972245785255,-2.0984991548144736,0.9660693702238438,0.6432905828317369,1.6457199427539682,2.238851929581748,-0.9833977313885709,-0.72368031679689,-0.8355748435568229,1
2.2904868003496666,1.0010670367791465,-1.0144285183544712,0.25716682161220966,-0.45493129233511437,-0.6399074119261159,-1.9021340427039255,-1.140101584966134,0.26411438687165534,2.382106622270881,-1.4997622392640098,2.101921429449312,0
0.8645998307143633,1.4496306549936255,-1.0619902526140041,-1.271766243037891,1.180847247280152,1.6608441549522324,0.28869337866058775,-0.2834136943250808,-0.28634473865870397,0.2634833179250118,0.2528211302349531,-1.002634521730187,1
-0.6833929565895649,1.414476700709721,-1.516873001133987,-0.8801778594782608,1.1090528179875347,-0.7423891172709638,0.7754099009069441,-1.1960937439334902,1.2607687632318179,-0.1672519776431024,-0.2907161648527225,-0.9799323249410677,1
0.18561914079913253,1.1711653959444766,-0.6716638341988399,0.6831742725581061,-2.0984991548144736,-0.3235897796504838,0.3173376210691614,1.0105325824305857,1.0285280031439392,-0.7453654502372837,-0.44382032487424344,0.020602765592355063,1
0.8733542808957787,-0.14784456113603017,0.08082784556819277,0.5533040232966187,-0.022926822079164765,-1.6737940044082391,1.1373400011803585,0.4123037501200021,0.4084364551096458,0.2764909283219464,0.3664792433669682,-0.45176733267876423,0
1.8236375685834383,0.970950057943899,0.0999049101298473,-1.1074014624333839,-0.6135241496901523,-0.4104929594015039,0.8278012157016352,0.5907503845479372,0.4307809591469232,1.6884487916723785,0.15912888761958696,-1.1061721949869667,1
-1.1845620864469497,-0.4131246792569909,-0.7649889170065403,-0.8965625611453254,1.8955836698477067,0.23619022349811047,1.0086489687903588,-1.027904757299816,-1.148373477463453,0.5773993310129886,1.6056593612683092,-1.0645107069679134,1
1.1545014945167251,1.4392147505585966,0.1341534713119612,0.25852514111752345,-0.022926822079164765,-0.9287188282445312,1.350969915817155,0.24008281933667958,-0.12909354176792134,0.6942274329774243,0.8862946938152346,-0.6655196566524928,0
-0.35653645150752983,0.7569632501221518,0.679841833094411,-0.5870907619961477,-0.022926822079164765,0.5803004198016285,-0.8544972943407707,-0.8186651949840992,1.0076509594290743,-0.6529046440819853,-1.0982812152630723,0.052129027719692175,0
-0.027898384939835492,0.2735710755437966,-0.00036623891182371697,-0.2804039718383907,-0.06697573384770669,-1.106981370745265,0.3943707165638538,-0.6184932192754271,-1.838555250167584,-1.0626158463416444,1.942229788268464,-0.5257318158109876,0
-0.3123130030080615,0.0735189760705422,0.7030234025911434,0.13620892075565016,-0.4847079956524274,1.8091926595534484,-0.32966989049677187,0.991749442512166,0.9276581924650472,-0.718613098247519,-0.7710087912887843,0.13052984556987113,0
1.6347554621790918,0.1601167001235721,-0.9415653344816026,0.140058794572935,-0.3702079044786212,1.0492897609926293,-0.5604556522489523,-1.443649774411498,-0.4616540367991271,1.4078024003917744,-0.25423643035740706,0.30840864626494896,0
-1.2242197095620915,0.15062029232976312,-0.2821593910792373,-2.481353900408531,1.5983854886078641,-0.9630020437489937,-0.2505966690917284,0.027981667527932786,-0.4260865620830837,0.6363237523142046,-0.04659218026721725,-1.5011662369401741,1
0.38260114631063113,-1.1338453355022973,2.021379175190796,0.45550517997694356,-0.6847323408446031,0.9341062898780242,-0.2762342846332732,-0.26899822260880707,-0.5776797589355701,-0.45268399911203266,0.035087030462097345,0.2862286636800198,1
-1.8971173157813481,-0.20157711791325578,-0.11277094964058866,-2.5411298579174484,-0.022926822079164765,1.0887857667889862,1.1609136676661254,-0.18244001606871257,-0.16673656321191047,1.6361341021761537,0.7833131339414469,-1.8477663500736523,1
-0.027898384939835492,-1.0500585438718586,-0.3800047239995981,0.636662872927405,-1.18432018657569,0.4453032397696815,0.8009093625324737,-0.312412167619643,0.20855969585211323,-1.0626158463416444,0.2767289238698667,-0.2617389116708305,1
2.2904868003496666,1.879487475226455,2.528246110854901,-1.9639814121538057,-0.022926822079164765,0.06997766586151587,-0.5626876495797827,-0.6750261821854653,1.1673738314612019,2.382106622270881,-0.9875987510625338,-1.0610869799735425,0
1.1194832045314707,-1.0139281022088942,-0.8098089975448284,0.1045366815937123,0.5400228309145592,0.20182654143760612,0.7878948167320043,-0.5171890053024505,-0.42844821656020754,0.6421962644339055,0.7230179762919335,-0.5111076355454738,0
0.7704267976459814,-0.16285487153683306,-0.154432561523368,-1.0488101558469163,-0.022926822079164765,0.22443478136078057,-1.480489203153752,-0.5697537073882607,1.550312974155922,0.12355835420180851,-1.585006530559406,0.26603285837824825,0
2.0121362289412263,-2.5025606854933793,0.7083145397889858,0.9894082020454157,0.19663355438953242,0.77653592182749,-1.7546075441293785,-0.0876576368242066,-0.4138750547679685,1.9685254479406726,-1.1634050114944117,2.522553486638036,0
-1.3576625471096049,-0.5532133321882018,0.09503467203966749,-0.5102609059819073,-0.23092770262545206,-0.2885963298957862,1.3924240978726354,1.5316719227717497,-0.2629400179104247,0.834596905408879,1.0252500137633893,-1.0110664193355667,1
0.21183622178274467,-1.2888793642840695,-0.29693397808289484,-1.0756532985201426,2.0826114752420852,-0.4527475462755056,1.1815101520888045,-0.16077846700922213,-0.1957154447435159,-0.7064113676720927,0.8205692136902708,-1.1971004392112756,0
-1.0593617318241537,0.35749459504314046,1.7521378636045177,0.3306086701858951,2.0946289933074675,1.0367798004499404,-0.23104035072292572,1.236714257492631,-0.09439670632703333,0.39137309284344707,-0.23333519208185025,0.17807547567779478,1
-0.11345182946436475,0.1308982704862272,0.6778758807471288,-0.3747061510742565,-0.3811725090574208,0.3200007860235575,-0.911458586603994,1.6625796467639185,2.0217641155087342,-1.014086670537055,-1.4072391395903856,0.25098644412667626,1
-0.027898384939835492,0.9364132125680907,-0.7516256255453029,-0.2903815887794748,-0.022926822079164765,-0.4374448206887042,-0.05791405307210842,-1.0266495143037535,0.6992198220055749,-1.0626158463416444,-0.5183607620896273,-0.29714431105403605,1
-0.027898384939835492,0.19948904178828875,-0.5040001498261307,-0.006806429464486216,-0.732696318645767,0.01806556373829663,1.1237091727580533,0.8004258648840614,-0.5622133640508066,-1.0626158463416444,1.0903469721792702,-0.6986549768744253,1
-0.16649673770574996,-0.383076646014841,2.280366990899794,-0.41938953008855046,-0.022926822079164765,-0.36938059624963254,-0.3373842223317904,0.1744087420052988,-0.7220926652127796,-0.9352710412688874,0.08916061196430987,-0.20571749409973528,1
-0.027898384939835492,-0.42004002778097216,-0.1771825266764913,-0.2075142180378816,1.500651517582507,-1.027623453220941,-0.9556422810456279,0.3560743362631945,-0.11120943982679674,-1.0626158463416444,-0.7257320558238924,0.4116117119245618,0
-0.08975741681955858,0.1655567317639531,-0.014301369475959587,-0.6365831503863602,0.5826010259686355,-0.13205434499629054,1.649460758114692,-1.094409055397143,0.031194260456555562,-1.0492925009297074,0.9638891482175954,-1.137537372634479,0
-0.6274366784084554,-1.809258603583015,-1.7629757304636882,-2.0733463176584834,-0.022926822079164765,2.153970802465183,-0.2758775746004955,0.13619464375269819,0.4271656432387785,-0.2503934029478587,-0.5290523275173882,-1.246215339251582,1
-1.3680467031930088,1.1902975631847725,-1.1748928489549824,-0.09843087113960397,-0.5924483945616353,-0.25708320316603217,-0.1528588364404552,-1.937106934881387,-0.36639419655932204,0.8500259790611135,-0.01334918729892245,-0.12878109939383567,0
-0.7047143956934125,-0.6830784152996512,-0.642811521632274,0.6070017538769914,-0.022926822079164765,0.09859628615513281,-1.1018508951926476,-0.26504202547349587,1.5046198895482799,-0.1355719786462979,-1.3764248675188726,1.1728070921752423,0
-0.027898384939835492,-0.4777058077950447,-0.34059126171737947,0.0642542919687981,-0.24878408819545378,-0.888737770813731,0.1554099906238117,1.7593195295586388,0.05115135963262405,-1.0626158463416444,-0.054174921944821326,-0.2189502189690353,0
0.06744506550266019,-1.0735711565823756,2.0725461608789724,-1.092730056875885,-1.042469368446613,0.982084932027729,0.6969741243260964,0.027981667527932786,0.720210116979637,-0.9209518432854407,-0.07913240530557092,-1.056392665259371,1
-0.2385104092620924,-1.1978201024086272,-0.6439419907925583,0.01211236448443595,-0.022926822079164765,1.0778396279822906,-1.5057941991129074,-1.784828318631327,-0.5659659098620654,-0.828271085424001,-0.9098140240404515,1.2134704467296473,0
-0.937433577447225,-0.33053495242165576,0.5662965217486498,-0.8364733709750395,-0.022932537886186516,-1.4256676291261652,-0.5782732828321417,-2.1580498448783967,0.23294320017949233,0.21020878261420653,-0.6324931380497736,-0.3162268851149481,1
0.9317957664282501,1.0993646531766226,-0.7884723763361483,2.5490151593111063,-0.022926822079164765,-0.06869290837668242,0.22987413549190358,0.084826545101837,-0.9824280951288897,0.3633249452015268,0.7644278146418638,1.0791755624140016,1
-2.022198957940772,0.09289778966011095,0.4429073410138362,-0.768408373794265,-2.0984991548144736,-1.57846598279517,-0.6323993895953266,-0.6615093031316224,1.1930364885501763,1.821983954000373,-1.0344102305115868,-0.2356110223851013,0
-0.849374478587131,-0.1420923117509454,-0.8302815427276892,0.5063163314635482,-0.8814818465394378,0.023972514161416412,0.2271456027304814,-1.3751869998160542,1.4180333353775354,0.07936807575761116,-0.6487131101629342,-0.020198398060845425,0
-0.7346292442924847,0.9971357435715461,-1.3532146988028633,-0.7241715446830427,-0.8503359694880047,0.1694647037205007,0.9012112102637572,-0.05479973369578142,1.1785111129487855,-0.0911236480719729,-0.18499955370600007,-0.9489904892963584,0
-0.48221150881764124,-0.3996435379370042,-0.15214838301447794,0.8549515193973765,1.019434439464305,1.4980999557016315,-0.2512954696429665,0.18496519684464804,0.7185965225117859,-0.4661730791948294,-0.6417701917511167,0.5083250608903046,1
1.1336973092843363,-0.247005903710605,-1.0046718858375845,-0.1794853287417619,0.04544184697454171,-0.34899005737776884,-1.0925565441226377,-1.4355028480104153,-0.4241547733289391,0.6633159844545865,-0.6699957920255526,0.5656856300312401,1
-0.181247935425333,-0.8262341807480317,-0.9061961934725057,0.6438887542065405,-0.022926822079164765,1.4407250602359545,-0.2228159067305393,0.7125919402535116,-0.7561965753879845,-0.9133532932837749,0.20504359432630268,0.35961257774800476,1
-0.02991805990666146,1.577667819406831,-0.7459960472545405,0.29182225711199217,-0.8875060350957429,1.0960607269370843,0.9919610901602325,1.640669393963557,-0.05408881057065588,-1.065616736694837,0.5816607613427645,-0.5100700113011077,1
0.3842542199506463,0.8424424654977002,2.2188225455347506,-0.05397367703365645,-0.7295596618926338,-0.7138303555866776,0.031186112487356175,0.4885714773680206,-1.0658420593696865,-0.45022781540875373,0.6734886447551516,-0.2138163938614905,0
0.23179663812080914,2.001783200788748,0.5705919308422643,0.6159495208839386,0.8599953060538008,-0.6368040187923011,1.0898259222596418,2.2774750744374055,-1.1525667142185183,-0.6767536149056967,1.6816242732076996,-0.4032681846777692,1
-0.36690540366175994,-1.1601826630974983,-0.3247426279134772,-0.2700591345272504,-1.5834534581235875,-0.42421333475084594,1.1993678196046473,0.05584722425565207,-1.5484816367920418,-0.6374981608589724,2.3163294266711927,-0.8437262368183229,0
2.2904868003496666,0.057563342268544704,-1.0336909252053272,0.013126036430093148,-0.3519893224128639,1.1681109321193548,0.7466571636719094,0.3606852641081523,-0.3235110383484197,2.382106622270881,0.6099531552582822,-0.537271455124907,0
-0.7227013290119249,-1.8377765842717575,-0.813084817902358,0.6265432540874298,-0.022926822079164765,-0.47781504382540235,0.838524983576583,2.2112456040876647,1.3679789970297707,-0.10884648292761423,-0.3030582842447484,-0.2845892577224174,0
-0.027898384939835492,0.945157664581983,-0.9607984463496204,-1.8723727801339265,1.270742472438698,-1.146534992421693,-1.5626404681819623,1.0765671631116511,-2.0716681520765268,-1.0626158463416444,0.09791847693721041,-0.3743300717575228,0
-0.8336985004224025,-0.3348068958392187,0.7158589883293742,-0.2179428729668688,-0.13169413618876216,0.012396449354074548,1.9404819747438857,0.29738437059420264,-1.0507580695158825,0.05607626275597798,2.2878916561233136,-1.047829679925229,1
0.10870692915067572,0.3554478884201191,0.030869315658698077,-0.8018100012208721,0.6583182430043398,-0.9198960250646944,-1.1804524230566324,0.043582532479482766,0.467805733726743,-0.8596437958966731,-1.1092510457477618,0.1729824773804076,1
-1.6764450405830702,-0.32289317676235396,1.318825913879748,1.10478977350829,1.1451112478440972,-1.622909089515713,0.15586023270699004,-1.1451154059896582,-0.35351855209037025,1.3082529763828004,0.2031051631017858,0.35084762508453254,0
-0.027898384939835492,0.765173269157642,0.6391966355118788,-1.6697845231931514,-0.1197962099676964,0.4480742681139338,-0.08729544811753004,0.027981667527932786,2.1793162890833027,-1.0626158463416444,-1.051659882300652,-1.0790318974176636,0
-0.14967302628944917,-0.4372981310717482,-0.18466133227247136,-0.15874075327865136,-0.09433904081848937,-0.0930033959714662,1.121835479506016,-0.39511351577167225,1.1117009598250167,-0.9602681888908204,-0.03114108319295149,-0.7664984822794214,0
0.5453246466730903,1.6632810971796117,-0.9829033824181361,0.7854153828100809,1.8683990598285227,0.1958865967665936,-1.0029317762729413,0.6750661610465852,0.38265216519413336,-0.21090480666958003,-0.9668316503989611,1.1884845829626935,1
-0.5889298885827737,-0.5086942020605134,-0.9326350160265517,-0.02552515758524151,0.4038636626543382,-0.06489130892132412,-0.7423427850498137,0.7520505781940543,0.026995377157675866,-0.30760788350454943,-0.6451593789400188,0.349262031779916,0
0.03187868332956545,-1.2554748346784064,-0.36130483015743337,-2.246719358253079,-1.6203143811459155,-0.9935459086790507,0.5050012941802354,0.8593831418069615,-0.679733234835605,-0.9737973827481251,0.717249843740117,-1.5761928136227332,0
-0.6524307576037885,1.31546287030445,0.34889822107753904,0.38737925814509155,-2.025061627960862,0.6800745045814791,2.3837332935198985,0.8379822244472037,0.5947990937295867,-0.21325649112977624,1.0107374457840148,-0.9379363661602499,0
-0.6842118766769627,-0.5347343388548543,0.7128232508641722,0.6150732647987812,-0.9495221578852338,0.4878400468780168,-0.13351904609815207,0.18259910334069837,-0.4412415023516197,-0.1660352029488209,0.050065111617218765,0.2769060545335122,0
0.5854186773363581,0.37341186494673134,0.36604272342056066,0.11607372541632796,-0.022926822079164765,0.3141658203134834,-0.5315043793413402,-0.3714711796160415,0.07762501670219867,-0.15133195865478755,-0.528133767950604,0.26972298945051115,0
-1.7504259066118006,2.5156631681133277,-0.6659118365428752,0.379267781740634,-0.022926822079164765,0.15019237545273373,1.27060104174556,-0.39013976397145833,0.011744300763580245,1.4181758455736495,0.7230669007439559,-0.5826867509022083,1
1.868224410962408,-2.077730404808406,0.9771382932831213,1.4048690506496206,1.1491107789283093,-0.19781783110453321,1.1435368923302105,0.6436897524071036,-0.10124245707903935,1.754697186771635,0.7208669237218592,-0.07168946425203142,0
-0.027898384939835492,-0.8373667240439858,0.18303095618989837,0.899423812310627,-0.022926822079164765,0.5920301875047141,-0.41125633905922293,-0.9894950002290366,-1.578910009392997,-1.0626158463416444,0.7840181288897874,0.6684827842418886,1
0.15342441027397322,1.1792457974605337,1.1398118292625357,0.9084891792665832,-0.06182684309965426,0.771516732026783,-0.6242870827364748,-2.21997013567621,-0.569495064924588,-0.7932012940455649,-0.23592874043539722,0.8698882835018656,1
-0.21829579712983282,0.010997078919151977,-0.9368241847877458,1.5751267516468188,-0.022926822079164765,-0.9951165289345223,1.0465043132064145,0.14143197054770096,-0.18858994355785186,-0.8583065295116005,0.7199398170596658,0.05434308406814917,1
-0.027898384939835492,-0.37069410867031927,-0.43327173659811685,0.7709515178062445,1.5023578216999163,1.2700537167298993,1.5587468526416217,0.3078473368764183,-1.1544255865236217,-1.0626158463416444,2.0942378321360415,-0.5247142257000871,1
-0.17032853955156674,-0.011181012894560869,-1.1596759022747871,1.6069144807947997,0.9933686048516455,-0.7940327477746887,0.19846378535271916,-1.6183276666561675,1.0335148219228323,-0.9295776413984479,-0.5129747163567431,0.5943207050942237,0
-0.027898384939835492,-0.21225102362931172,-0.22653136234335655,0.6407747681980221,2.0946289933074675,1.4781227111098485,-0.4006438405436593,0.30655074202254234,1.1844172367137966,-1.0626158463416444,-0.9040857787033687,0.49764063441382983,0
2.1401367299412475,-2.007641445484481,-1.1969764386075876,0.9191718689167293,-0.32412770454624734,0.1852084076147101,-0.2734434853323209,1.6776856129555906,1.4930418918861819,2.158712223022818,-0.9388820943579784,0.5649089434462659,1
-0.017080452912114158,0.4568150637510961,1.065669096068938,1.9079082408716954,-0.022926822079164765,-1.3974937184982654,1.8669925316453544,-0.615722064465172,0.3793766545187358,-1.046542256087417,0.8450225884044311,-0.1835532290301612,0
0.4239079924305498,-1.4457140051675121,1.4078505802487207,1.0444893692798831,2.0946289933074675,0.1054397524489181,0.28775077826479134,0.027981667527932786,-0.6261121219318756,-0.3913091154905969,0.5041660050571073,0.23059032110972785,0
-0.12099211077410903,0.4325476466517869,2.1501439584282114,-0.15385546352146692,-1.2528093375500553,-1.080477655699063,1.2134939218769838,1.1512734682234633,-2.7356601172715598,-1.00288310668919,5.027546565961499,-0.797003305124289,0
-0.2986689000293798,1.0330961314944962,-1.42113767600656,2.5490151593111063,-0.24071599627148166,0.13998501052579249,2.098987413015019,-1.6844797173383965,-0.3870042168480681,-0.7388858934641857,1.6509083245952751,-0.030441703344814594,0
-0.2435907730244321,0.7419854257103823,0.3334316009854283,0.8058980296815889,-0.022926822079164765,-0.5397474202257155,-2.294122514185374,-2.554563136600393,0.11512648876143049,-0.8207225368429026,-1.7146015913918107,3.685048076093172,1
-1.6999376185381827,0.40301952392118096,-0.2052372836377568,-0.33543488562257184,-1.0024662167706533,-0.913495422103547,-0.07598512739297339,1.514651116999748,-0.06487057459925084,1.3431589150685246,-0.14353860039513036,-0.3127966636674361,0
-0.865713022473046,-0.3512240440106649,-0.8723905905175404,1.6488616175619013,-0.007464735306014597,-0.232142149258356,0.1427283660578346,-0.1294606744598267,-0.2995494319628607,0.10364434770126364,0.15688496184018658,0.6588460093052714,0
-1.0428016521749084,1.0809459376647306,-0.8608586156053122,-1.2194961980866486,-0.022926822079164765,-1.0079536711534376,-0.8854485714160888,-1.4844465931695041,-2.6139732858606353,0.366767656778842,1.7247537150596959,-0.3733956813067261,1
-0.12496142814384152,-1.0028272543218744,-0.16189761741472533,-1.2492291111428075,0.24357609888496162,0.5032734596127025,-1.1921696037503262,-0.03190313942222077,0.09547688606879381,-0.9969853823527294,-0.9763801396701439,-0.16588155653714154,0
1.6771970458658791,0.6368131183691182,0.7124710297672687,-0.6139557991101392,0.6823958856315155,-0.9902218030075753,0.6303564492628332,-2.2001979593502425,-1.128364637224677,1.4708633092765586,1.253254455391973,-0.7964322800865173,0
-0.027898384939835492,0.9619936994114162,2.6791991612090658,0.6152913354393066,-1.7017426231836459,0.5507642485707976,0.8355585031867924,0.4142889961850134,-1.0671979207298166,-1.0626158463416444,1.36353151405115,-0.28853569343719254,0
-2.292877724178539,-1.710228565826645,0.16597354878446977,0.745465482686342,-1.2797129112196663,-0.44633513174028616,-1.630882693369027,0.13735172769932474,-0.6541376192023498,2.224166142599513,-0.9641618657227718,2.061344214735326,0
-2.280313473755832,-1.3779200017363042,-0.4630116024198396,0.1588305517780929,-0.2965826168505129,-1.0593486446198133,-2.0230628933861903,0.5818188655023988,-0.9899461131389925,2.205497822940211,-1.1216453101438395,2.249639668473101,0
1.575063712925746,-1.1381480543518065,-0.2591502124862156,-2.0016757184298473,2.0946289933074675,-0.00048712552739751686,0.21947882345030678,1.911944044511584,-1.0276347272690296,1.3191107062123584,0.7981024593734055,-1.3704832742624935,0
-1.2449991459954441,1.3220538077610078,-1.3416191335636294,0.45306547897547295,-1.638336524749437,0.8496900344282425,-0.5025622077344886,1.3656533294358113,-2.073821832197894,0.6671984283694424,1.3082984670360458,0.46321593830687124,0
-0.027898384939835492,1.3188830862280838,0.5429187413425308,0.9956030950439303,-0.7005516863176379,-0.7260703607111053,-0.7661758687946318,1.6172027823946389,-0.9429927040249567,-1.0626158463416444,-0.09941907416061994,1.0731538275924482,0
-0.0867922468996795,-1.159015705706278,0.007323542937135714,-1.678237190031846,0.10912367721378727,0.6791437201279599,-1.1004444243478597,0.8117915826361058,-1.035109119264866,-1.0536982345028307,-0.31616416730077335,-0.5646510982217758,0
-1.6547000346287266,-0.00873124396793222,-0.30830455714864646,-1.3907320836089758,-0.1466644597321121,0.38753731775080763,-0.2750284537558337,1.1875637053026793,0.525796369246911,1.2759436297451807,-0.573094434046872,-0.8330330751234317,0
0.7859566572192243,-1.627335525135512,1.6720069984473276,-1.645185876584382,-1.1285868246588455,2.202740616246522,1.8136568882947406,0.027981667527932786,-0.724883281645194,0.1466330600556017,1.7895193031334102,-1.5844597321867753,1
-0.9439075511025113,-0.4246488952245811,0.022515069117517026,1.1767716854412025,-0.022926822079164765,-0.6355736204823543,-1.13583749188675,-0.18652821693509974,-0.9276302462354556,0.21982799630357702,-0.41633877066265795,1.6518046650862093,1
0.1429627313875412,-1.2741958255757195,-0.6496065988369031,0.34546599756309404,1.4918802205378638,2.033374676986872,-0.5977175651231732,-0.4201803074598919,-1.0569333817419224,-0.8087455532774499,0.12808427044701404,0.47389275577177353,1
1.6858106719123402,-0.7218779305743722,-1.5207415103859927,0.8587327261578246,0.7711624419248218,2.0956819173671377,0.7658700544416697,2.523160338107128,0.8122065312391112,1.483661679179343,-0.08538087364653604,-0.1375430603053174,0
-0.5994870529910639,-0.14627153519879282,0.7358647629560614,0.009886315909615681,-0.45641925282428986,0.25309750060805736,1.5539146621824964,-0.3389037506483732,0.688708619382808,-0.29192174917586905,0.44896390406529857,-0.8411282082902358,0
0.45519664881166516,-0.23798785431892985,-0.7427612251802669,-1.3235115968675977,-0.34785330948708637,1.1808194004651318,0.5539805670307639,-0.5747817743624397,1.1881184077512936,-0.344819542346061,-0.38036769981343754,-1.1231897436716658,1
-0.027898384939835492,-0.09602601270852193,2.3805736922366507,1.2107365610671348,-2.0984991548144736,-0.535082127440923,-1.581590288844785,0.5972022595966944,-0.4789253229755343,-1.0626158463416444,-1.0071853317295294,2.3905044986411155,1
-0.027898384939835492,-0.1539452209918731,-0.3341302777107236,0.6616418926112267,-0.4663185315832037,-0.9143430489919535,0.24370371576934652,1.1573131914035772,0.8070958598820392,-1.0626158463416444,-0.3884367083530908,0.05343177882046209,1
-0.027898384939835492,-0.16393090307061794,-0.9103721874200733,-0.39972459625470175,0.3702660368043044,-0.04780252509733811,-0.7346776099964617,-0.025653320484066367,0.24923015783877644,-1.0626158463416444,-0.7409843156727457,0.08721300360843884,0
0.16843469339319514,-0.09699704998650763,-0.2899740148522885,0.35155530301390053,-0.8538439661869847,-0.01576401633768499,-0.4355668607880612,2.6150000316625386,0.09585688887033855,-0.7708985896247884,-0.4732358599754129,0.344227801575087,0
0.8900163001535116,0.22665275475586574,-1.5266171845320786,0.21853167261210163,-0.022926822079164765,1.433060162174045,0.36502582320497146,0.9890101015375167,-1.268929489351925,0.30124782914832904,1.1724031293277724,-0.25067519013085604,0
0.5344689615417363,-0.5461256303564889,0.6670345851503666,0.2493615939247047,-0.5779419943198725,-0.8523706927890762,-0.5043751155038881,-0.8916526542474396,-0.8297323064942635,-0.22703449155604055,0.03362961268438932,0.33397967030783365,0
-0.7032920531169967,-0.20654288648676847,0.6924711017170575,-0.43020351463649664,0.44489085852789506,-2.256656578852273,0.11091321543745165,0.467117136484209,0.004657247827544626,-0.13768533559066262,-0.056844505460040363,-0.4673238592442722,0
-0.027898384939835492,-2.4155778155807934,0.058107477487335045,0.5996496307098076,0.5466305235528592,0.5485091659762847,0.7224570162941789,-0.22866325035925336,0.8827064081454724,-1.0626158463416444,-0.1456442005963433,-0.24127585939118695,0
-0.020849077371502513,-2.1447117965824885,1.0178162681799288,-1.7069073357309967,-1.6398162425666798,-0.9867307620081007,0.2649088924789036,-0.5185165099058318,-1.4219589122450884,-1.0521417852050932,1.254528647567722,-1.2263887069194879,1
-2.292877724178539,-0.4159588881442585,-0.8143998333087396,1.5494624379972517,-0.022926822079164765,-1.6606888259639934,-0.4057125941250105,2.6150000316625386,-0.2490942429698162,2.224166142599513,-0.2673388212969064,1.070484045711514,0
-0.3742409954161615,-0.043893896449067216,-0.7486700023331837,-2.5411298579174484,-0.022926822079164765,0.10472611757121367,-1.0419795008896837,0.027981667527932786,-0.23392680241608024,-0.6265987305583942,-0.7279123161563187,-1.2470951315256704,0
-0.027898384939835492,0.5018915205063196,0.20266185700138997,-1.3690532234338997,-1.0414659886209694,0.27428533640928937,-2.1897678130919283,-0.010475074444469419,-1.132823561471942,-1.0626158463416444,-1.1965663061348444,0.8898921399046341,1
1.1872124347739066,0.5375062623082727,-0.3459445691892043,0.9957199875604552,-0.30778420156602476,-0.3919230949885461,1.7629459409251946,1.9627294932725654,0.7618807242446518,0.7428302758476805,0.5283482363025906,-0.5082642273915393,0
0.4343148941211672,0.2617983555750191,-0.035191638101201406,0.6853585742042719,-0.022926822079164765,0.2174869487223564,0.6210369160365184,0.7637793200617464,-1.0130836396777498,-0.3758462457699922,1.1236748584265108,-0.14754112928806248,0
-0.027898384939835492,0.03212761216112319,-0.5117360758133972,-0.568892535269747,-0.022926822079164765,-0.27056940781097766,0.7369230863115346,0.17946996846786673,-0.6635586105693585,-1.0626158463416444,0.8840525031168052,-0.8154814949005874,0
1.492122016627583,-1.0671104759762495,-0.04302639020210044,1.7323938154611505,-0.022926822079164765,0.9143740768290401,0.42497611582925576,1.1299325159270053,1.0709845830080091,1.1958735812358885,-0.4015813748886237,0.5005836742969132,0
-0.9890048887028714,-0.8209364360096685,-0.5487725921633981,1.5501292674719254,1.2902102885290203,-0.6071447049797496,-1.00634450262011,-0.1869452982438689,2.552928136191733,0.28683489968282105,-1.5658625732641211,1.7570042473343557,0
-0.027898384939835492,-0.5000487703239154,-1.5306604482699402,0.996786858495474,1.9751723050201762,1.32078254943194,-1.2113261754217215,1.3856136021957215,-0.0774281398086597,-1.0626158463416444,-0.917436430944249,1.616094282714619,0
-0.11560351647097493,0.3055928498840538,-1.3383545245190864,0.42015824848216593,-0.2965723160789839,1.1593409655468068,0.5794481865645128,0.1328541108537086,-1.268262057783295,-1.0108896329506687,1.3648713927734788,-0.2583968117377751,0
1.0463735086470998,-1.2241088946318697,-0.4227046390824443,1.1600798198714968,-0.7638968304137631,0.8782118497807071,-0.6052381552043283,-0.9141664955274253,-0.2545243649014983,0.533567804554029,-0.40649134476348686,1.0173160228243185,1
0.8889795833096964,1.5492077527187673,-1.6195459741338625,1.0996139880142688,1.2488871503292969,-0.982341389135196,-0.05097467905918302,1.1976553343004888,0.5597812742706542,0.2997074458556221,-0.4512346159361269,0.497022984569481,0
0.4881721686883982,0.7419279678712363,-0.5431719465786149,0.5564314368800576,0.32496746445848185,-0.5306161834662191,0.7851671315920126,-1.2385993204519883,1.1062406918052745,-0.29582357957235267,-0.21605396833154322,-0.2926817688651252,1
-1.3359220680265682,-1.0007002887747722,0.6028888809693258,-0.3345333642677465,-0.022926822079164765,-0.06956119570210569,-0.06164278433866535,0.4991178900462008,0.5280891473877938,0.8022942849250505,-0.4430371655743629,-0.3204267904811233,0
-1.1305091267260161,-1.0098378763619564,-1.1511723432252263,-0.20107280520972684,-0.9953828194366865,1.3604722966749037,0.03682638428123294,0.24214350344984847,0.8800883493989607,0.4970859102634265,-0.5407964478785388,-0.2998497103972907,0
0.9048209053165976,1.2597362482398178,-0.343717038943215,-1.8179509482974334,-0.022926822079164765,-0.5345329238805467,0.2585218149624131,-0.6895681131045415,-0.7279549590286644,0.32324493142788463,0.564216686756932,-1.283757276803923,0
0.11370492630283749,1.1030913981607258,-0.6070187343069189,-0.6671438427042231,-0.022926822079164765,0.5951066624039738,-1.7024896644382463,-1.9596744287500714,-0.379435475228331,-0.8522176299612816,-1.1391789252667763,0.8745984058417537,0
-0.027898384939835492,1.3882613855810315,-0.21273207698785668,-1.4135456639805728,1.4471078154600945,-1.246644119990035,-0.3009761440488523,1.0971926264608127,-0.670246017280665,-1.0626158463416444,0.08061508133779509,-0.8346595669503163,1
-0.027898384939835492,-1.9610622727949425,-1.602385000015084,-1.1479491208872172,-0.022926822079164765,2.130264621880426,-1.5303505770705081,2.2044492254956154,-0.7721940360623095,-1.0626158463416444,-0.8264679081132257,0.23256667431149045,1
0.5030740203211845,-0.057257057181105166,-0.9322061993015852,-0.968024880191018,-0.022926822079164765,-1.3136080960656151,1.4017394326111048,0.027981667527932786,-0.07972624601047766,-0.2736819857297491,0.8823828029530946,-1.2103566621775865,0
-0.027898384939835492,-0.41156640307881526,-1.0666353160628115,1.7049465458023079,-0.43866614541551285,0.6772433315335978,-0.29369459269188936,-1.2482773983116762,-0.9440845364472948,-1.0626158463416444,0.2940077006019362,1.0596286101730015,0
-0.027898384939835492,0.5967804018634802,-0.3893976179602915,-2.148886333290581,-1.2342992373250932,-0.7137839625842228,-2.360480978346305,0.12336913712540884,0.7832710839312759,-1.0626158463416444,-1.9080301983809214,0.23480891162075082,1
0.36512816035190726,-0.36250342138329117,0.14448957215871822,-0.7828862496067174,-1.1428969378696683,1.118762977886728,-0.6812621318799246,0.911790288985143,0.24497164323531503,-0.4786458572655781,-0.7045837780797377,-0.21187406333517061,1
-0.706936438125151,0.3893440898609652,-0.04377830398188529,1.591537497634314,-2.0984991548144736,0.38669401648800955,1.531559950712035,-2.271280401488115,0.7078299753727848,-0.13227040497364537,0.4240753567286331,-0.1700026633092215,0
-0.461825928640837,-0.6080613404463125,-0.17603778969449788,-0.47129666500639605,1.2359211336745102,-0.6548344619857995,-0.7891270502159052,-0.2943364275461702,-0.4277453349583793,-0.49646255245247145,-0.44376441833909874,0.080970453288317,1
1.3630084459377143,-0.02540530196805272,-1.4890568022292232,0.2254247804808627,1.972804834096641,-0.6114273152801585,1.062348037880914,2.6150000316625386,0.012042366219187896,1.0040329756366753,0.5820502830370151,-0.569479230959724,0
1.9292309389392985,1.5095621194758333,-0.4534149269602859,0.021805873575577527,-0.022926822079164765,-1.1175741860236976,2.7506220042288985,0.45477572847087877,-0.2893248579629528,1.845342416471803,2.023267764693806,-1.15866003021094,0
-0.29214198590481627,-0.1827442131417289,-0.6507398315155802,-0.47510174384961473,-0.29787205705558845,-0.5529278185854429,-1.9575507519708615,1.307404088933109,-2.586237098441239,-0.7485837676044489,0.20274978723948617,1.458904330683349,0
1.7735677331933517,0.8665836266674439,1.1475920800569241,2.5490151593111063,-0.5807257711760612,0.8185077188528962,1.4696213213082783,0.9815884663361163,-0.8293966381221889,1.6140536100337313,1.629948416639963,0.26361287603752115,1
-0.07747069095755499,-0.39755671897302325,-0.982168007849305,-0.4208626664404496,1.1961384973394886,0.06704379857299876,0.09486167951656628,-0.010322677662862231,1.183727552201177,-1.0675484667248138,-0.6311552004617185,-0.4538950215672597,1
1.6587271065144469,2.1586252808798636,-0.7776417629022168,-1.820607073341964,-0.014710772770302997,0.9342617601086846,-0.9105368495197012,2.1192540201324634,0.07802198227602257,1.4434201494938392,-0.7813295517593926,-0.7874425591215302,0
-0.027898384939835492,-0.41054969369481836,-0.15972651796411008,0.13971947232614204,-0.021480558645394335,-0.8862275522969076,1.8005335606423292,0.053638329339578905,1.1752545353949422,-1.0626158463416444,0.3120905419605788,-0.8655448354952762,0
2.010039842236219,0.5550204721780319,-0.757830817664766,-2.4096312667280184,-1.1561723857641506,-0.043903128551204235,1.498535636995692,0.2505807603706398,-0.795942365015603,1.9654105771109844,1.6166928389455242,-1.844340903155052,0
-1.0803801783890288,-0.10690697420986323,-0.49927643220448703,1.3477761269322415,1.0200889212123347,1.372785375360575,-0.09808889114311185,0.06152280238974,1.51756672693029,0.42260289693155256,-0.8551445778402474,0.6770635948518674,0
0.14336483519502147,-0.04515254031737101,-0.03910232455258583,-0.3482527908307028,0.846915543512634,-0.11730784294602697,-0.8812288965634018,0.9713808952614905,0.38343436166417955,-0.8081480960347404,-0.890407927705345,0.24366601445463598,0
-0.38672941648845405,0.02763652606493287,-0.6818557332970686,0.19845396384014186,-1.8918940199644014,0.30201587192464685,1.3145535888449766,0.7451171734648229,1.5062664630257272,-0.6080430802988156,-0.11179446290210535,-0.678300779320531,0
-0.8477586188270765,-0.7724746196425002,1.0184623884245836,0.9825865951755365,1.8815303369266128,-0.01645963074673215,0.6214979720018682,0.5393804198766567,-1.3030335148818923,0.07696718549273847,1.4436244135834875,-0.0001949915366003403,0
-2.1383402922206454,-0.8906531701840402,0.043689822766834426,-0.8099014384634243,-0.022926822079164765,-1.0288332662650743,0.3638230094520734,-2.0316147468517936,-0.21228490999459296,1.99455004278797,0.2556306534933841,-0.7886086568371358,0
-1.1545937947422014,-0.1492863432044637,1.7011428148530003,0.16304956559317257,-0.33634630865309123,-0.5451743340201821,0.49032062998403714,-0.8666316620438063,-0.16700806310538524,0.5328715931563519,0.31374714783274243,-0.3436530627289352,0
0.8284408684249843,-0.16612319026381853,-0.6244109341327485,-0.1607547220814532,-0.022926822079164765,-0.9041196874068554,0.2776035622208228,-0.17897295858566037,-2.298066785699079,0.20975730611719262,2.6172656062936746,-0.40579524950600937,1
0.892094528444841,1.0462701027065475,-0.7868373998837302,-0.039372698996700935,-0.022926822079164765,0.2371297422580871,-0.6335086926927371,0.7317287798243551,0.19926469901511,0.30433571969191653,-0.6530250530624614,0.24933544095079035,1
1.4270013505694346,-1.2979300070022688,-0.7099986331343927,0.08770734567649675,0.2970082839588381,0.4409323745506688,1.0918511309041972,1.0965970850950497,-0.41404159394914813,1.0991154484782788,0.935492586508514,-0.6437728423511813,1
-2.1921756994655146,0.2153825862121238,2.387427214143272,0.9191145185256795,-1.7043502988483048,0.9412288121312474,-0.15677459645395705,-1.2785775960772192,0.2650906983696001,2.0745402178977845,-0.37553834674818887,0.4726701809832894,0
-0.027898384939835492,-0.970863305126541,0.12437617686988382,-0.8831436498361146,1.4350269761169245,0.57009710190866,-0.3628540732587993,-0.2036099664298556,0.12284481773722293,-1.0626158463416444,-0.43853530773226546,-0.476575440790206,0
0.27345342655726673,0.9062702569528959,-0.6512189431179471,0.6973334876148771,0.5134627957075846,-1.1924731661484578,-0.3530697567756452,-0.38908708397783837,-1.3432491299515756,-0.6148587770643372,0.5962354994404852,0.4939260365722799,0
-0.3476142386268621,1.4471486632965898,-1.4504337903639928,0.12049280438085477,-0.6608538358268279,0.15833645262885823,-0.07492957609288965,0.306059978430505,-1.1752911948677252,-0.6661615210560082,0.6843297765140806,-0.050141391591357214,0
-0.2500667584565103,0.14417548344558456,0.12305632700233256,0.35150883128327104,-0.4514848480061055,-1.2685693519254135,0.7668123994229542,-0.4666170209131163,0.5625333130728712,-0.8111003339985114,0.046781388852844684,-0.38273344390977515,0
-0.9954644150556027,-0.9655596415229812,0.06567597319959269,-0.2767963466697933,-0.777133754944201,1.2678727834834569,-0.853951757592204,0.027981667527932786,0.9123117381680721,0.2964326471602619,-1.0666555647976332,0.2707664951430543,0
-0.204022147988785,0.4366045148805972,1.006414087825456,-0.3204977644647627,-0.22721371188988843,0.8103607153074196,1.7415497206437187,-0.32724047577194126,-1.3642429335609971,-0.8795147222732013,2.5524436717828562,-1.0338114965813376,1
1.0425072216962834,-1.7247803259466095,-1.068704382788585,2.5490151593111063,0.4240358733720136,-0.5053071341963299,-0.4521540776891535,0.21872666778997224,0.47545627741755275,0.5278231657364215,-0.6603671182719393,1.7489757145957734,0
-0.027898384939835492,0.7669588384744473,-1.6742096342505846,-1.3621709256388497,-0.022926822079164765,-1.3328408377962329,-0.3532529182851257,-1.6511538754315778,0.3773685499054489,-1.0626158463416444,-0.5547776553805974,-0.7778846564994527,0
1.0103394757730249,0.1327942301142843,-0.8073445013616696,0.16936056377091516,-0.022926822079164765,0.710082982787881,0.7723124765254126,-0.8428018075157045,0.3186590863502485,0.48002741641505453,0.190519445211384,-0.47305757886251804,0
-1.9999082830208843,2.5156631681133277,-0.2516095675163571,-1.38286414916649,2.0946289933074675,-1.2123947266237614,-0.908470895006195,0.2889946344279092,0.24407092850056386,1.7888638369360095,-0.8511463782660805,-0.4746703859562692,1
0.2746217315636117,2.0948367384825555,1.0778402473582134,-2.5411298579174484,-0.022926822079164765,1.9441230779412957,-0.7510807974784898,-1.3355633700635388,0.17096464355336682,-0.6131228763472842,-0.717142474938279,-1.3685397364148826,0
1.049782537128328,1.6392539360889204,0.06289117213871603,-2.5411298579174484,1.0184776904300767,-1.0673918595186294,0.12799175725128256,0.8082631401827151,-1.8397108785643532,0.5386330357675214,1.6621126587717971,-1.639679963127136,0
-0.9777400979476696,0.01742824469238113,-1.0706438606850397,1.01616718876659,-1.473310629039907,-1.0261741154843225,0.9148743254930676,-0.5021051018254485,0.13766207322503654,0.27009735405628765,0.3972103388400616,-0.13764602755270716,0
-0.09246157729843735,-0.8718778667415668,-0.5000188254520498,-0.4517307781726692,1.6845712427212665,-0.6921045518763198,0.2820381147753945,0.5047378836223484,-1.7683192815414255,-1.045274582587478,1.7205576609094237,-0.5631073089447302,0
-0.26510321058069786,0.45798391660557536,-1.2857704894259967,0.5456422150534638,1.2522983981457763,-0.2682905822453761,1.37452697186021,0.027981667527932786,-1.7167476809832933,-0.7887587469278808,2.76202428052337,-0.5502784830043731,1
-0.5195976947645533,0.6931245461257027,-0.3689895801404941,-0.27186474909996994,-0.6741222572971093,0.9372911005390077,0.3504101012230598,1.8204088077905685,-0.1450072340261844,-0.410623623666812,0.20115566286586936,-0.5004494517717315,1
-0.49130124698904737,0.6340840231055882,-0.2922423325552554,-0.7738372830252956,-1.5931882284595322,-0.8638378704779472,0.21632540866128144,-1.5882936011511088,0.5764768856186817,-0.45266728839202214,-0.2961424172722025,-0.7057717490237806,0
-0.027898384939835492,1.972214195499339,-2.216145482919555,1.902956559532165,1.8588041994246085,-0.9105799774925915,-0.11405821380844519,-0.1505100154466097,0.13850376506330445,-1.0626158463416444,-0.28224420795725336,1.0135063412712861,1
0.76622349878262,-1.3486387513134044,2.6791991612090658,0.4664454429288851,-0.8685334402203707,-0.05428185275778645,0.014921604217902066,-0.07181749797542027,0.5008600340697166,0.11731297352529828,-0.38300407492378985,0.08994263539817457,1
-0.7587753346611574,-0.577461541759916,-0.333865753965491,1.9839598768237692,-0.022926822079164765,-0.33813590974108676,-0.43634038848101797,-0.34337960929480865,0.8848473801689686,-0.055246702105494545,-0.8161774924549233,1.3744158450296076,0
0.10517863779906206,0.20536842935759037,-0.9469676207919395,0.45371318794915383,0.5769582137528775,-0.19237235449700735,0.5648179246140487,0.8954130865622052,-1.0465624786339482,-0.8648862312658402,1.1103474873543138,-0.23412785900545016,1
-0.11419470977514691,0.45086105440384155,0.8656508533246594,-0.7064762385129111,-2.0984991548144736,-0.4398582961217524,-0.42098060831880735,0.703087463155018,0.8044680806184765,-1.0129828778997148,-0.7764733429969654,-0.3319609003615755,1
2.2904868003496666,1.265806114938695,-0.9081831609038095,1.2087787139757589,-0.022926822079164765,1.6998038998298615,0.9550716279580073,0.027981667527932786,-1.0812962844480614,2.382106622270881,1.481749515607156,-0.06780780988072765,0
1.1632662200573614,-1.6483380117063242,-2.2458576875584755,1.3366741060154004,0.4462995331232184,1.1110612924054877,-0.09440318620087537,-1.5365142201688737,-2.1760554872371265,0.7072503107945468,1.9421804725798857,0.6676565723652629,0
-0.5198326674488611,0.30621900881628983,-0.3987884565436151,-2.171332653672336,0.45369067537684216,-0.47309738409879193,-0.3254914336495297,-0.3807465323640085,-1.4387602919386722,-0.4102744945875368,0.7176772961281823,-1.2877807771727978,0
1.211078455425608,-0.6875822853384257,0.4347803537604884,0.611633517634824,-0.022926822079164765,-0.6934394738333138,0.20445175326438667,-1.2268339433463709,0.6058907881081762,0.7782910862845881,-0.3176380438934873,0.05048218923921065,0
-0.5323728857080582,-1.0234056652145622,0.5547163361835059,0.17048103641135576,0.1457220840988597,2.2231239208078435,0.2000161279740236,2.6150000316625386,0.7790276699652336,-0.3916418825984435,-0.40132331939436183,-0.18612627510279034,1
-0.027898384939835492,1.3732337549904767,1.894694664097692,-1.0977605497252991,-0.022926822079164765,-0.8464536257267583,-0.2311468134895803,0.42492080789618675,-0.9800370264473143,-1.0626158463416444,0.3757524899492291,-0.6778726363553919,0
1.253420439407967,-0.6552459784372975,0.15620130962988268,-0.24595438098478997,1.0502158755835937,1.540720296898137,-1.993822749299676,1.6303763386873444,-0.14115891186600835,0.8412040071034169,-1.4350786977837218,1.7636660165095774,0
-0.027898384939835492,-0.8866871348785693,0.5027835770621055,1.2264216131329724,2.0946289933074675,0.21717607162331257,-1.097063184978679,-0.9239655690671887,-0.10353021329783522,-1.0626158463416444,-0.8271524789658047,1.6370293289974371,1
-0.07820914361914987,-1.213314711995714,-1.1154748628844966,-0.006004005060100194,1.1876074095712033,-0.5628729678644222,0.04115898835764756,0.7689986623507171,-1.3083908382126495,-1.066451252814225,0.9215601385377727,-0.19260879878404089,0
-0.027898384939835492,0.5804223062030951,1.6634398917743305,-0.013401290269675233,-0.022926822079164765,-0.17028518771654091,0.48824202481588264,0.3513759637325782,-1.9841914189159688,-1.0626158463416444,2.279619368879975,-0.4326479189512012,0
0.15587468030214005,-0.6954044622673912,1.4164254730502626,1.53462228809561,-2.0984991548144736,0.09021620237083733,0.615996890025863,1.0007224423482481,0.6349048535410531,-0.7895606133365308,-0.08346391493485938,0.277265194239314,1
-0.3087372457187171,1.7419314962082457,-1.9005924751861747,2.5490151593111063,-0.022926822079164765,-1.0990329913845218,-0.7141950922010915,0.6672246508631149,0.5327999909596005,-0.7239260598533238,-0.8457390980703018,2.0731143255366273,1
-0.8873585310559834,0.6545408697125522,0.9100636592355248,-1.8797925114920426,-0.1668167119461646,-1.4516872789306174,0.01899960358910513,-0.22815550159200412,-0.13961718726012234,0.13580585832223438,-0.03328495470467069,-1.2383307706479132,1
0.7727665112887472,0.745250680279259,0.2499508334400462,0.1723186866993185,0.8379788342663617,0.4212803824522137,-0.2769408488426712,2.4010000549479544,1.255876213121304,0.12703476709751463,-0.8611603888204151,0.11513366340737084,1
-1.5284642323517441,-1.3655277445855525,-0.19978658312523775,1.19769341273765,1.8032551482057928,-0.1178458858173032,-0.7442984603913329,0.14193543357533062,-0.1326841219947646,1.0883788940808827,-0.5685595036748432,1.18830782436566,1
-0.9421580196151279,-0.5349580457344256,0.683527127280855,-0.5865348668574617,-0.022926822079164765,1.344711389653684,-0.44051937551786324,1.5376324294261026,0.6414778172111083,0.2172284927946801,-0.7230799810924585,-0.24415031364649958,0
-0.027898384939835492,0.73018911222236,-1.396901780908129,0.8955339522389764,-0.754552508540932,-0.38477214850921837,-0.5622704436575573,0.3509678764652226,-1.0174455255833068,-1.0626158463416444,0.12717781730079636,0.8021964086632182,0
0.7088479826995251,0.36207976780702145,-0.7389047670612146,-0.9570258663332264,0.8869878888340402,-0.05471672314288566,0.334889432958654,0.5975867825104662,-0.4799936227519244,0.0320628042895093,0.4265076577915001,-0.8540198516083615,0
-0.9674598525035587,0.855567863783265,-2.385768310241929,-0.39586862332347,1.4708967795090282,2.3868429855302873,0.12190211749445017,-0.268912893869352,-0.38356551094606195,0.2548226737793094,0.1990610435422846,-0.45397882132628015,1
-0.027898384939835492,-2.5025606854933793,0.7668701299702203,2.205097070056603,-1.1637599961002596,0.9599275764063202,-0.423906006495976,1.2357052416905339,0.18711412684295337,-1.0626158463416444,-0.510438765054136,1.5003897441494765,1
1.5007295505146216,-2.4169612001914142,0.5574780225962059,-0.6463139615567285,0.29874823707536097,-0.596587383502166,-1.0283631454322517,-0.7494139053654871,1.1770921102898264,1.208662899235401,-1.2473734971761883,0.15474122774045151,1
-0.7330384967901812,0.4793900095242639,-2.0260049971090535,1.5317479849237818,-0.022926822079164765,-1.3754136017441079,1.0650005681768513,-0.8165252329567592,-0.7926324352830876,-0.09348722583197741,1.265438380018933,0.024990228441429358,0
0.36158252925197476,0.25771770727219645,-0.21991436510032641,-0.59055857159173,-0.022926822079164765,1.1117506115994256,-0.09062143406216,-0.7457360846405952,-0.6049837646560312,-0.48391405652463426,0.19658550757657411,-0.4522773279667611,0
0.5703559831558516,0.07829445857132826,-0.16288886071472092,-0.5788153516775343,0.12955687850365805,1.5077390285383687,0.6793984617605943,0.027981667527932786,0.4404890176278494,-0.17371253691704508,0.060877293892152864,-0.7982298703287524,0
-0.027898384939835492,1.2771143618259209,1.5844768216456158,0.3218386714684804,1.496825800556129,-0.7787915623960059,-0.2497480963925721,-2.114233648133662,-0.19028836555580825,-1.0626158463416444,-0.1911203371464316,0.18615152836693952,1
1.7718597325415815,0.12623513381634774,-0.20830813125793587,-0.023246470590054656,-0.9409443062827295,-1.144345075691323,0.7204322804610575,0.33053680915752504,-1.2219861609209877,1.6115158142183983,1.4375936471009256,-0.5435376214666413,0
-0.6129695953443928,1.308630742618171,0.06885450550615177,1.4225612652480004,-0.022926822079164765,0.5807672010202044,-0.0747865477453988,0.9415980278988724,-0.06973821110242762,-0.27188900531897076,-0.1398843633828676,0.7015695806381966,0
0.9337605307603358,-0.5365727130850526,0.02215740038624656,-1.216503740347718,0.1791866399184793,-0.3861232973559429,-0.17559967475869415,2.6150000316625386,-1.5286798971285296,0.3662442477760983,0.9576918462199423,-0.775654859878983,0
-0.9817288396163919,-1.598255522516695,-0.07865819412259586,0.5376596604399999,1.6186406516446918,0.16435626298984685,0.7344106199106429,0.2764283115912419,-0.026275656835346568,0.2760239395671518,0.3862254808489923,-0.2772701968889488,1
-0.027898384939835492,0.1392295536499883,-1.0637756017016597,0.38339175190634905,1.9298798022636063,0.4488152184844466,0.24885261134431672,-0.16555911402636028,-0.2801956825126412,-1.0626158463416444,0.22002211977879504,-0.09906226492781373,1
0.07856020380823897,-0.21402447414441095,-0.9919037831792067,0.4592888170369859,1.4130016033155908,1.4071805793665044,-0.5429372383151376,-1.5812194742641499,-0.08970791074456014,-0.9044366555134045,-0.45112511305133757,0.501317215841071,1
-0.606973500814923,0.38178685654246286,-1.1279371113809695,0.9252331890468743,-0.022926822079164765,-1.2709606818474481,-0.3128180832412642,-2.118075782183266,-2.7356601172715598,-0.2807981726483032,2.8043751253222085,0.600935594320068,1
0.38859744707867816,0.2621128343167005,-1.5643555108830578,-0.7060251231800522,2.0946289933074675,-1.4466304309059153,-0.4666745681713965,0.07058007178786527,0.34681167717619016,-0.44377452534757234,-0.6126455411361438,-0.30323016787775847,0
-1.3901798869587085,-0.5094375433625533,1.2706867451527297,0.5595389559142437,-0.1689103945355448,-0.4785673102578539,-0.10057319284977735,0.027981667527932786,-1.1297981165772464,0.8829120913013949,0.6190851723633749,0.22118543932314128,0
-0.44500564583958363,-0.1350478677698786,-0.40682513977295526,1.0994524521244005,0.06828129247693741,1.1111198986080073,2.7506220042288985,-0.9291208821603614,-1.720457363867126,-0.5214546057409154,4.173472761074166,-0.7839775020202985,0
-0.027898384939835492,-0.32693555467325286,-0.43651696015358055,-1.3853875661381574,-1.114747887068487,-0.9901770588758259,0.43976269790670247,0.606948363986121,-1.164873693292093,-1.0626158463416444,1.1260377906538483,-1.1162936629311437,1
-0.2570862089468339,0.03360085512617985,-0.09188592476770384,-0.3101018216260329,0.10193093635258252,2.6500075631517115,0.39066678189866305,-0.1616993672227964,0.663217065736881,-0.8006706353553535,-0.23331041353016363,-0.539458526920519,1
-0.21444617778967956,0.3308249027773171,-0.7692401681455231,-0.5971172573937732,-0.3905261717222008,1.1831640533664045,-0.48454112621031914,1.289677015172208,0.3726196127240586,-0.864026403120513,-0.6355242368469328,-0.2223786103524451,1
-0.027898384939835492,-0.41232214820222846,-0.21359061652279465,0.023621550966085866,0.11769968842770247,-1.6491657689692192,-1.2756894618097487,0.007108473491675719,0.2698072785113702,-1.0626158463416444,-1.0981747406392417,0.9261770768846282,0
-0.742828925957718,-1.4305550651407457,0.2766239430075752,0.8317730411911782,-0.022926822079164765,-0.2098726827161034,-1.2767924386982397,2.6150000316625386,0.2870669353894319,-0.07894032847222637,-1.1052073348872564,1.5765373972159016,0
-0.473353495440892,-0.3541162625490183,1.3428644640932608,-0.9867669329200718,1.2882573618798732,1.016716596783736,1.0901818019081586,2.397230941570293,0.09341495747366975,-0.4793345667249303,0.5433998412600972,-1.1307000828791416,1
1.0031037499224575,-2.1403774883839253,-0.7640987350230574,2.3117509297864385,-0.022926822079164765,1.5564908731782034,0.8102749652655044,0.22902950385500478,0.22633609479651204,0.4692763697070602,0.27164345327063566,0.5350847636612047,0
-2.292877724178539,0.07978856011025054,-0.6909725806352045,0.9259752458492967,-1.3444728584979015,-0.6942831745998491,-0.7010419113668707,0.027981667527932786,-2.0861137889657355,2.224166142599513,1.0989770922371982,0.9578342166411282,0
2.286254908907526,0.6675181075856415,-1.4189076149026874,-1.7778307651483736,1.11771190984905,1.2436797166830134,1.3378587816320258,-0.777192471169839,-0.8797744655253559,2.375818757929801,1.5781029362278507,-1.5445422799441304,0
0.5471566862902514,0.3186955341690261,-0.487976478799242,0.6546789677837167,-0.022926822079164765,0.5847906071977722,0.5774529415919472,0.12222265511724864,-1.016893525916445,-0.20818271024114085,1.090717269109201,-0.1398971377080354,1
-0.9101094651483403,-1.4076218872425492,0.41786419734881436,0.48608204724681214,-0.6435225783506294,0.8224338237011972,0.11390174294217857,0.7220697212867586,-0.6910486709662522,0.16960984152016814,0.42052578442394645,0.03784636204197635,1
-0.027898384939835492,0.15820133156074206,-0.7238997785459665,-0.2623776253062705,1.0514525145680742,-0.8417948967036385,-1.0158489087941438,-2.554563136600393,0.7751821470598731,-1.0626158463416444,-1.1151102227300183,0.4280668222018576,1
-1.3554624690918338,0.4582259564260032,-0.8115036820114995,0.07919958137407479,-0.33668484090874085,-0.48508488917307196,1.0691476770119805,1.1179153459067075,-0.14669149367891465,0.8313279670855133,0.7037135731197932,-0.6388260646421903,1
0.6052718359204616,0.1545388904285449,2.050082923932831,0.262799856889846,-1.813562436132956,0.05899016686467492,1.0819282512368258,0.2614967117734528,0.38808445931200586,-0.12183357250156106,0.3443131263201632,-0.5603520253824776,1
0.8397746701358778,-1.2897834180360728,0.2574155484805149,0.3356439687548345,0.14145245559531955,-0.11866978005260517,-0.3070691596341631,0.025106712550875904,-0.5720150560567082,0.22659739017916816,0.007679396209454127,0.23619727629885268,1
1.213387115485774,0.5002189317783946,-0.8927178480853607,-0.4669333747241327,-0.022926822079164765,0.7535656716754293,-0.5095168431346988,-0.3842500372604869,0.900927413216312,0.7817213588864421,-0.8643867201332246,-0.12227332307975199,0
0.050798459120854095,-0.4762972847869212,1.3319611283784967,0.8110701153756873,1.2404987098786224,0.7102819911666107,0.3648977096153212,-0.8635404464537244,1.031796737243795,-0.9456858432235896,-0.4184002836651261,0.05962322798396551,0
0.6469008841663914,0.697659753366791,-0.35701299713060003,0.6373278942602929,-0.022926822079164765,-0.7903774980650686,0.07703129134550768,0.6647482664506241,0.04888688027788035,-0.059979951822130215,-0.10546131660616573,0.14539289457786445,0
-0.16372035356424303,0.10163695566708254,0.5200718620121498,0.1435362705802575,0.6439020242414158,-0.3757092524737447,2.398357224650474,-0.9460438736493059,-0.20407526124478054,-0.9393962715776526,1.6860890136202618,-1.0310681192701732,1
0.9795171945590585,1.4474041024244582,2.6791991612090658,0.47898620699657046,-0.022926822079164765,1.8366392879726785,0.07887015734604744,-0.9951570931912163,-1.8974168001497351,0.43423079672246223,1.6941909195577258,0.055937065382759346,0
-0.5461978838483387,-0.299987442554414,1.2603468991558457,0.6621663160004793,-0.6169606225214458,0.44033663727148503,-0.009040426496110789,-0.3821772912987385,1.1959838864985697,-0.37110030821963574,-0.6929762896917837,0.21691116856809656,0
1.5571098229161735,0.5046970067808648,-0.8157531852971968,0.03708775517278506,-0.3045783817756756,1.8302521450018396,0.7036482363873727,0.044946637588181626,-0.6459841310819098,1.292434307179361,0.8426659040305111,-0.5067392124208269,1
2.2904868003496666,-0.939229291956036,-1.0420263095435127,0.37580346911096296,-0.022926822079164765,2.0064227183279146,0.4613933001006249,0.027981667527932786,0.4779708313536145,2.382106622270881,-0.09526793039177686,-0.22003225851045094,0
-0.012477444067450992,-0.27109213749349503,0.556414415485272,0.9229004780940261,2.0946289933074675,0.42760513621731916,1.2668197480114836,-1.6074206574803322,-0.46334868011243513,-1.0397029749830333,1.108408652450323,-0.34229502657655464,1
0.6833823676556204,0.5346500610722885,-0.7426122842841121,0.35506369495230694,-0.4939656480978563,-0.6388839815420784,-1.478707887650661,-0.6926790420581606,0.20752642808686972,-0.005774728867355545,-1.2072270401971879,1.470887813587703,1
0.7584815847164713,-0.5876927288983742,0.6991478999796849,1.2107781529262738,0.0200545424480984,-0.3820963125254392,0.5070517621424278,0.9813971588531655,-0.7868696042149343,0.10580981800871428,0.8128220058120381,0.18056020110808202,0
-1.0101080805544707,0.6141478351684456,-0.6853396011301707,0.2468775221083004,-0.022926822079164765,-0.6857499499999997,1.1044280437500071,0.7274972985217204,-0.18098940313392528,0.3181906207217162,0.7547830721644375,-0.5765891204554583,1
1.0794767864034813,0.03179824373876093,-0.6923904859719697,-1.4403326996020582,-0.7004351190179778,0.45750399047043566,1.3608835038552096,-1.676227578396859,-0.6018804156004065,0.5827535936091335,1.3091350887677138,-1.4035100698405685,0
2.2904868003496666,-2.5025606854933793,-0.30222871118492417,1.1473980377877089,1.301906291692048,0.8979929520841929,-0.6674094126456257,0.027981667527932786,0.17145570801930995,2.382106622270881,-0.6624987768539117,1.0723959658099924,1
-0.027898384939835492,-0.1508236201309553,-1.2815748397660178,-0.48155947212955735,-0.022926822079164765,0.798218783469048,0.9202641259424987,-1.4794521305865118,0.37724798473815546,-1.0626158463416444,0.2490334742665462,-0.8418596086563539,0
-1.9946355076488582,0.9596114398125187,-1.6901623103922159,0.24043321018302313,-0.22377038297397978,-0.18523043592216004,-0.41655395953920593,0.16526065875800633,-2.5274362492690603,1.7810293977275407,2.192213177444642,0.25954235937163883,1
2.0338238808248983,0.3212376440322479,-1.007838444368363,-0.791490371702151,-0.022926822079164765,-0.016100333776496698,0.014877358395311483,0.5952087749780384,0.3259761416111517,2.0007495762732574,-0.29642015122560506,-0.6214327273207934,0
-1.2155237647570514,0.5054504970074793,2.1337299691556115,0.6461941241899991,-0.4726394584918066,-0.8964286560687426,0.9376892878773627,-0.12770598264829022,-0.4006152913145936,0.6234030708649761,0.8107169208369538,-0.32164160223543375,0
-1.0285944400680624,0.71812843133438,0.07260545079943881,0.7483354001716598,1.6448607667068675,-0.3295796754560416,0.7246822433147517,-2.2605118066318184,-0.045366969098941126,0.3456581780471252,0.39261769594670737,-0.1700471112808707,1
0.775481322856102,-2.1868578549436264,-1.345629230226626,-0.8238097117896327,-2.0834185773469307,0.7449938370143505,-0.7102186213972522,1.5771801629396593,-1.3748889012736585,0.13106851112911694,0.296329904813419,-0.21944067191195366,0
1.8623644696785195,1.1637897524682896,-1.0040058807568712,1.943213889995745,-1.2824253877683611,-1.2531888202588426,-1.16869580045803,-0.24104024564436136,0.9889810974092449,1.7459903197965343,-1.2706561022660903,2.2918884295626283,1
-0.027898384939835492,-1.2209356344402469,-0.5671640901448054,0.7815409036151667,-1.0629649879540473,-0.8288483846483308,-0.4418180457514174,0.35687551702384984,0.5556950906331259,-1.0626158463416444,-0.6882540168840412,0.6207524598537547,0
-0.25874763119111,0.6777807510670487,-0.5419367129403442,1.153129323649959,1.8727412988741687,-0.9775728671092682,0.024853032969174033,-0.5772789442416831,-2.0199528596386687,-0.7982020470590582,1.8225904311503924,0.470954460991018,1
0.13567414893084404,0.632409339752237,-0.28194051164143685,-0.11687572318438262,-0.022926822079164765,-1.561034837462518,1.505410222279367,0.0983567068644356,-0.01733189042919601,-0.819575135830094,0.9044088866501561,-0.8787619443587878,1
-1.2935489990447853,-0.939511054630757,-0.3993693471664258,-1.496894230040199,-0.022926822079164765,-0.9996914877403849,0.3819893771219797,-0.20532040371607937,-0.4391812443596187,0.7393351771323611,0.43083929639509616,-1.154521373598905,1
-0.828222508429352,-0.31290726857547174,2.6261168483451227,-0.32066264136329803,0.24674648817784253,-1.9145471165821333,-0.4618617520113161,-0.43463024550258167,0.32261982806232686,0.04793987852781182,-0.5986105049979227,-0.06161050994777188,0
-0.17443423289697005,-0.5637746981687338,1.1216535728038066,0.5300633705314943,-0.9845232411688646,-0.15793536125997,1.5539870981005965,0.027981667527932786,-1.2258265381107427,-0.9234772857690715,2.184934115419377,-0.6236452635978911,1
0.4572474130584337,-0.4604264499378448,-1.7799381184269247,-1.1049628310228197,1.7883720768806461,1.0968821160581526,0.8346389668921669,-0.5130658556636659,0.40579150837607714,-0.3417724586588916,0.17807291023691732,-1.107178651580326,1
1.668249728174055,1.770383330484161,-1.0113879251103723,0.03303597346818583,-0.022926822079164765,-0.7316416439789326,0.03790070866227001,-0.9950870141941452,-1.1910766509139035,1.4575691308620287,0.7991288414876025,-0.1687476842346984,0
-0.027898384939835492,-0.4533763621969287,1.026786524765121,-0.5057157993020519,-1.2228673713010523,-0.29406489197553654,0.13390094863327667,2.5941270199157436,-0.15187711509812762,-1.0626158463416444,0.054482804802273854,-0.5205951356565685,0
2.2096601222302295,1.4367907253848282,0.3281814737979569,-1.4800879877516042,0.41778960777402047,-0.984009378504472,1.0187832108047499,0.4398033280028739,0.6537521514901599,2.2620120512962267,0.14878151091071293,-1.3360035933115226,0
-0.027898384939835492,-1.2081290394328197,2.6791991612090658,-1.9529318218770988,-2.0984991548144736,-0.348048853304144,0.5527729757174444,-0.8190497789677994,0.1739432420743588,-1.0626158463416444,0.1360574932984496,-1.4397050791237391,1
0.15747403663401519,-0.15052857496589245,2.299219352169691,-1.1549921790950495,-0.3930091062897213,-1.0582003564917828,-0.1465007649050922,-0.7569808647710738,-0.8202838535230196,-0.7871842443333619,0.31561875841324494,-0.7531970186078669,0
-1.5487813035341138,0.37354753025989046,-0.6805639840881516,-0.9391960225280316,0.4992011457899482,-0.29052303317435363,-0.8748788852683917,1.1837886762364127,-0.8292719095760637,1.1185665747313565,-0.2663582349893938,-0.18153252069931206,1
-0.08010657853164073,-0.08815323744547549,0.6495560990345561,1.9654109446128447,-0.8220701298920361,-1.5487964900464786,0.49284125154967284,0.7674494336663324,-2.0315987229489822,-1.0636319902010665,2.3671421983238004,0.5738192649098237,0
-0.027898384939835492,-0.9189324577807699,-0.10341911654242107,-1.3778021604200963,-0.022926822079164765,1.717617729266632,-0.9006601937242056,0.027981667527932786,-0.3784313446525919,-1.0626158463416444,-0.5528069497606373,-0.47619867571709396,0
-1.3509771059831042,0.1233029104061628,1.7901931908527298,0.18318634952603255,-0.6929564595229483,1.801898009141573,0.9041094288389357,0.5654772517902716,-0.873773415081361,0.824663487352566,1.2170308670711398,-0.5236664492384459,0
0.5230645301783574,1.1380480033273082,-0.8677916996611097,0.32777677722508136,-0.022926822079164765,-0.18032236251576406,0.3727093693035601,-1.5614711461257034,0.5018098445731692,-0.24397951915906813,-0.16265589810657252,-0.1976384959027186,1
-0.07035930520438971,-0.9359642628859574,-0.37392868498781806,-0.3235273944001308,0.6152276193807982,-1.1640160120363037,-0.5300164994233617,-1.144326900440181,-0.57047602292634,-1.0781147653892182,-0.16341286062647234,-0.015511093181508706,0
0.20186655242159385,1.20459381734109,1.1155806412035545,0.1796201667110263,-1.5836137119160683,0.011408798090801567,2.406394328794874,1.369287238018832,0.7417646726628256,-0.7212245851956103,0.9215618410622185,-1.0199277265468438,1
-0.027898384939835492,-1.19276689738288,-1.52731792415852,0.6335585626410651,2.0946289933074675,0.536225284219105,0.32952377934406074,0.5614396949657845,-0.7487663427169212,-1.0626158463416444,0.6379401325336872,-0.012783744608257468,1
-0.5861912841419314,-0.26748085503471325,1.39517462366173,0.657123233513836,0.2423466242744789,1.1715008900861428,0.05927443595360362,-1.2355758075219803,0.5453965051656237,-0.311676979662457,-0.377045080608785,0.16813227886604026,0
0.016351003201804788,0.3460947619150778,0.09774214973371032,-0.531698097915291,-1.203357279671683,-1.6211432753714488,0.8634620013176084,0.3119313002876252,1.204784549180764,-0.9968688503200015,-0.2177308751544837,-0.8448147244939089,0
0.8864784654850747,1.052060923746449,-0.39370854431088015,-0.14076587047342481,0.1474300379978895,0.45967935227843804,-1.4514655376823649,1.1532938799133927,0.8393656640490702,0.29599121404833256,-1.3898631665941965,1.0090392053492383,0
0.441291451995792,0.3980908503162515,0.9011780871962332,1.7302557232137319,-1.242338377157817,-0.8945413090203238,-0.10801628951301394,0.35458592549467227,-0.0708993206054301,-0.3654802781918761,-0.16204344107148425,0.9076508587374776,1
-2.292877724178539,-0.3285398346544902,-1.1545887073488048,0.9777328643194815,-0.033287321956634544,0.24505782404324558,1.283220967561936,1.3885463913523601,-0.6228527851727135,2.224166142599513,1.2696881939664537,-0.32527449603084346,0
-0.027898384939835492,-0.8982524933992042,-0.38069356061949544,0.9265887002829533,0.35907952288521516,-0.10790793998234666,1.2764240636276196,-0.41890907287720697,-1.301964259578458,-1.0626158463416444,2.0376936364377,-0.3447859818203216,0
1.7335958495345756,-2.3203861200274094,2.6791991612090658,-1.8537954703409563,-2.0984991548144736,0.6574393740544329,-0.22549260868567395,-1.578957602514895,0.20409100853767698,1.554662251502876,-0.3893318869453956,-1.1331844430952178,1
-0.027898384939835492,0.05303866514931798,0.542115572111254,-0.41108440104187544,-0.022926822079164765,0.5563172710848895,-0.9880250372951104,-0.15876565361994005,0.22512338693129652,-1.0626158463416444,-0.8948852649376831,0.2925992004136653,0
0.0709595789052218,0.2160782260344168,-0.16673340189484026,0.36291754507092916,-1.4710083694777691,-1.3924262557776734,0.07939838584081162,0.5304478257941808,-0.043577443629164006,-0.9157298795837825,-0.0496541095274343,-0.00908226621170804,1
1.7115883851474567,0.8906101214284518,-0.05270613153817958,-1.093154108060494,-2.0984991548144736,0.04687444372579521,0.4570754838490431,-0.9138369991592249,0.109276178271484,1.521962936681283,0.1123413086341774,-0.9721070943792276,1
0.9491153819278514,0.8758018030448561,0.24801673786490994,-1.5306697803490468,0.11350573054810745,0.6045042981567148,0.896493890138015,-0.07831524374463637,-0.3363619001987048,0.3890589211766003,0.7285555594184058,-1.3268502497031822,0
0.7150998787261704,-0.17477447995744977,-0.603172875939414,0.5911176957923534,0.5282577998085464,-0.11945954823279432,-0.6034256088448133,-1.1090994681979924,-1.2260737703697877,0.04135204873907868,0.2624127825508426,0.6406453322909874,1
-0.8701666347896412,-1.5654930381768188,-0.2508435945536451,-1.438400923186979,-0.4342015045528538,-0.1662492743654064,0.38099238938570335,1.1759066914929435,0.39596430836350344,0.11026165120665547,-0.10145962299417861,-1.123664505930148,0
-1.1910290115531514,1.1291169463297759,0.3814794546306409,-0.37028481665951796,-0.022926822079164765,0.5634400600050185,-1.0536073617041368,0.9706949457117209,-0.27939781843474265,0.5870080717681992,-0.7141516202085225,0.38365908969630286,1
1.7051196504262782,-1.5989003765118124,-1.0092536362842073,1.4915177565652507,-0.731104985127277,2.0440091582078304,-1.7275857852663383,0.7352168351158255,-0.12691146314717,1.5123515071488107,-1.254759954341008,2.940787528416683,1
0.6547333179934933,0.11291319183357817,-0.4950039305467201,-0.2197874862034357,-1.172368420959543,-0.6231376980020956,-1.2145269106031484,0.04530021708459811,1.002508383031496,-0.048342299477155556,-1.3006216034696296,0.6628900603465228,0
-1.983218620427008,-0.3306743727922257,1.0173232651562387,1.7263069755696634,-1.7938188625848437,-1.79995470948371,-0.25132828381207667,0.027981667527932786,-0.9420851960878988,1.7640658628566896,0.32758327503880186,1.0331261560635994,0
0.7801273774161501,0.6017148976486203,-0.5549706654944588,1.0594247775574621,-0.4581065224205863,0.39321204936625537,-0.02455096734987876,-0.3754282024002747,-1.308707825018987,0.13797175077839832,0.8620560890043939,0.45425726986926496,0
2.2904868003496666,0.7530440144786567,-1.311749265763115,-0.38005391019940993,-1.1910639573240052,-0.16836898351081783,0.15296003479227735,-0.4811611990985381,0.23314906059226015,2.382106622270881,-0.15865069139214505,-0.4611415993105541,0
-1.4215934498972573,-0.21693771058549044,-0.0029142199366137024,-1.7587512467962412,-0.022926822079164765,-1.1572731045138767,0.1400003073374238,-1.0460632250187418,1.5262870059057725,0.9295872541519028,-0.7337925511289433,-1.2125143787204458,1
-0.061674223930042925,0.7703469152161153,-0.12381659884298499,0.7978041036513035,-0.8274660744461266,-1.2555629104857429,-0.6057221320677036,-0.2208178345058412,1.0747714484607436,-1.0910193054964017,-0.9804282585426243,0.7789787540685182,0
-0.5873599529963854,-2.085106183158499,-1.4092620031392513,2.027981906933305,-0.42326264745728737,-0.353210851212889,-1.0445636019942859,-1.469920087885348,-0.05355956495321814,-0.3099405383295632,-0.8134179803538782,2.1659174537519874,1
-1.5213121868580666,-0.9544158140513566,0.04622462183733978,1.7973201666510044,-1.2176484033359958,0.2643162651437415,-0.6925147144520005,-0.1782504259743806,-0.09128573594288518,1.0777521820207236,-0.5535061498474052,1.5372376212486147,0
-0.1133049757297182,-0.24066558002234908,-0.9062864226347,-0.5908532189874826,-0.022926822079164765,-1.1100434037073248,1.0935677745787717,0.03537653756952018,-0.5245469901552993,-1.0143048699814554,1.033389926502361,-0.9521617029017558,1
-0.027898384939835492,-0.2734208249985367,0.8969936786236111,0.5545091238840659,-1.8675184689550097,0.5121496999483449,0.5780706529139622,0.8222458662439744,0.7891816213835142,-1.0626158463416444,-0.18396924182607297,-0.19040136911097857,0
0.9225653695748562,-1.0540352409506681,1.5326117689108776,0.3726090870844659,-0.5195566783972954,-0.28944598621932266,-1.829568573629131,0.09096947921189193,0.5053017229558683,0.3496101597392804,-1.5227285621374596,2.075339497622679,1
1.5189815020930204,-0.8643075417776537,0.608458178003116,0.20968134548426723,-0.022926822079164765,0.8780195052802484,-1.227283751329612,-1.0192404379843454,-0.6692985464451419,1.2357821666017883,-0.6422778026281579,1.0162751675641857,1
-0.4479075080091699,-0.5530565294133775,0.15109214725822498,-0.4869258237096141,-0.21879563816083233,-0.693841363130748,-0.3337608961119601,-1.5922150615256994,-0.6860381819197142,-0.5171429366188829,0.06621775761119206,-0.24952056930781624,0
0.385082877286917,-0.09103337201379343,-0.1538591509973818,-0.29495448883223657,-0.022926822079164765,-0.4121814524951072,0.014118382734049941,-1.7231780884336159,1.8423651582079226,-0.4489965728339027,-0.9030019398023733,-0.3402064140852653,1
0.005941225397194038,-2.5025606854933793,-1.5437413775003348,-1.8598310457260994,-2.0984991548144736,0.08574809214229928,2.7506220042288985,1.8057782709665224,-0.11079907103178117,-1.0123359934523577,1.841305781185691,-1.8128786693219086,0
0.9664551240582812,-0.14758353027095422,0.8715020471252999,-0.9662684092805759,-0.8651826593430834,1.4751988995565621,-0.3472791272005761,1.9326284113506422,-0.6834775177055504,0.41482280187064463,0.05382766645997071,-0.5366807054248938,1
-0.16989737411151223,-0.9352901144361637,0.7777108898652784,0.07928752018744029,-0.022926822079164765,0.4084012588765119,-0.8823890650956585,0.46973179369101853,-1.440883133597127,-0.9302182792391609,0.1945058926998667,0.5489944231973182,0
-1.4300260578007402,-1.1528334087067262,2.014432018503472,-0.6782965067105542,1.3167647345507234,-0.34323279972980014,1.8037562062089898,0.1613727115480224,-1.7677644810918214,0.9421166621633242,3.295473505353377,-1.194696242768843,0
-0.027898384939835492,0.10381293360756608,-1.0713614494515702,0.49390437569584916,-0.03736082433375931,-1.6617222597856938,-0.3217993085063546,-0.7514228147801073,0.6524931085198774,-1.0626158463416444,-0.6562245773774339,0.3440932701964554,1
-0.027898384939835492,-0.7163169279252037,0.549896263546401,-0.5280503183056461,-1.2794146083740807,-0.7578809356092975,-0.30534760631537133,0.38352745426991075,-0.987114143139043,-1.0626158463416444,0.3193668841050033,-0.2921791920871807,0
-1.0874134182615915,1.8797032968165233,-1.2332392453166636,0.062272244143245316,-0.14054141739643816,-0.7227016316405449,0.41674747052994743,-0.9708743411025662,-2.172820646953775,0.433053084229973,2.5387975785116796,-0.35870974938401146,1
-2.292877724178539,-1.03697383505213,1.8789497071072956,-0.27559340509694813,-0.2238075606421732,0.49269071595269104,0.08969035384026365,-1.0078253058708064,-0.40026219973091537,2.224166142599513,0.18698278033185511,-0.3704505832180633,0
-0.027898384939835492,-0.2995725622899272,0.32641988114851517,1.2593579933040218,-0.022926822079164765,0.19854384001894906,-0.9814141030938892,0.5112458649409428,-0.6115516905890309,-1.0626158463416444,-0.48426496453073187,1.510605746354094,1
0.4243107291952684,0.4236635002394845,0.13528090500687612,-1.0059416983911549,0.30520289576400383,-0.12517745185602253,-1.9884883958105088,-0.17025527678781913,-1.6306427376167576,-0.3907107177820689,-0.727591727112434,0.9592786458647149,0
-0.8002030214578004,0.8343525687344072,0.3032488743204188,-0.5722215327252453,-0.8770963061137611,-1.777513528092518,0.27910089433033103,-1.6815094811545692,-0.3166125339538781,0.006307730021028282,0.2668991784941671,-0.6259732470947091,0
0.15716088816313084,-0.49492786178270637,-0.6999956124495483,0.3886383510093672,-0.022926822079164765,0.3681531131584997,-1.6510023408365164,-1.8369605142618042,0.5529456632545854,-0.7876495292137655,-1.4265950623881558,1.7709060955076126,0
2.2225282508578847,1.4826278990548496,-0.6185254736790379,-1.9994844059434793,-0.7228645348866217,0.7423862114445485,0.8994088518303341,1.1415494899362182,-0.5700662935707745,2.2811318818118553,0.9264841059855081,-1.548107658143645,0
-2.292877724178539,0.4791164747933977,-0.8324509134898517,0.2835652825692347,-0.2169394477473107,-0.7014480178746312,2.2840962802794524,-1.9630598481298733,-1.068947572156001,2.224166142599513,2.606375349484301,-0.9493568599636941,0
0.6413176020140399,-1.0279154113838527,-0.9875658937049631,0.23176434254717804,-0.022926822079164765,-0.7620868904999981,0.8697226798401426,0.027981667527932786,1.0847682184460075,-0.06827575081223934,-0.15886655689909862,-0.48602814806900413,1
-1.6809176590220891,-1.0808602648938732,0.6271205815584039,-2.5411298579174484,1.2284679289508698,0.11637705523245237,0.261394051765824,-0.07086968288213155,-1.3278213889924055,1.3148985197239922,1.143639648066217,-1.671795071159856,1
0.46748857694978435,0.5482491522930291,-0.15966753537622627,-1.1362917464185254,-0.022926822079164765,-1.1113651230558972,0.8412488600248348,-0.4907464062299385,0.24406649403194355,-0.32655584686154104,0.2805969438907769,-1.1241679728228586,1
-0.5334669094038629,0.029341985356567825,0.1896923116057476,-0.6361397676964324,-0.9525640477314034,-0.3505684818865494,1.3868853913886279,-0.2560499646509971,0.08379050131516799,-0.3900163511595588,0.7479305503717429,-1.0635554403884984,1
0.26675027605166496,1.4185830756523883,-0.9924887949976644,-1.653215699059714,-0.022926822079164765,1.2602654360283545,0.9038700383441467,-0.23672707431196868,1.4328182057276329,-0.6248185082184399,-0.2959406456530333,-1.3864281408536192,1
-0.722229686672329,0.670349479401049,-0.5439676242416447,-2.301086149557576,-0.46490344981809817,2.2850341774806235,0.6917946370541501,-0.08797655398995691,-1.6506216195118684,-0.109547262493781,1.967520179561579,-1.6462942991160459,1
-0.37958143866186483,-0.6473196423052291,1.9262264225098322,0.19212114183367549,-1.7541631607909538,-1.6953629604626947,1.5699031775085621,0.9799645503991281,2.518778628469302,-0.6186637485038365,-0.38923440625390576,-0.7702882269548279,0
-0.8617307420768571,-1.730923017440509,-0.952900111989517,-0.9049324214524274,-1.7009764875770212,1.3723251321805128,-0.6826080870013415,0.11092449794334838,0.07533190129216194,0.09772736253240175,-0.627920049072827,-0.2930858169168859,0
1.9143441158762429,0.41623597712977606,-1.2738458601356657,-0.6456778128570396,0.7680468786787943,0.26705191394435823,-0.1101879185794484,-1.2323459109053045,2.0591541161915736,1.8232231525043865,-1.0287839578129292,-0.4737671799567879,0
1.0580457987403737,1.8518514461722304,1.0745197493427896,-2.23792001630046,-0.022926822079164765,-0.011777844760057924,-0.14941116172149624,-2.049131350640992,1.3686855653131207,0.5509108242556684,-0.831545751034944,-1.3881899799477826,0
-1.8023065734358896,-0.049881421450745596,2.612604486439163,0.5861484465348115,-0.022926822079164765,0.408563264123847,1.1185925904050218,0.8275877417581401,0.6571426821083489,1.4952616119206354,0.20682497133154815,-0.4290633254648208,0
-0.027898384939835492,0.4435171416828929,0.7165004054764313,-0.7477090791405195,-0.022926822079164765,0.11174480805571779,0.5653623855776955,-0.10490790410062881,0.40765360988281996,-1.0626158463416444,0.00796198880151896,-0.837779161049224,1
0.9373131625344199,0.06176024947677702,0.7736995417943523,-0.40846030225645324,-0.4510535706954585,0.8932934872395363,0.34023489472460405,-1.9992337325449185,0.7092914278013102,0.37152284883538095,-0.2858262198583593,-0.5674624509178866,1
-0.4063224559679542,0.86047229828001,-0.7787622038782157,0.35377883739584026,1.7504209579172527,0.1143156846684985,-0.667064858091707,-0.8941318180386362,0.3242495071651731,-0.5789311864894103,-0.7301249864431529,0.5401478709269516,1
2.2904868003496666,-2.5025606854933793,0.4854750490396076,0.872316903224366,-0.4841146401014636,-0.43563579808446123,-0.4745945960531873,-0.9000778348097358,0.8858012980843832,2.382106622270881,-0.838634592571254,0.707070361555774,1
0.8703660543614538,-1.4171497477717472,-0.8654823453405243,1.2389969058636758,-0.9673158790668035,-1.305967402449599,-0.18914638858692376,2.6150000316625386,0.3874003526661583,0.2720509365770854,-0.4559957724579828,0.6875071586176645,1
-0.027898384939835492,0.34154863791589113,0.3818090035694692,-0.5027516740618186,0.37127849137056773,-0.0944214955799402,2.46129903734138,1.6874720388390023,-1.589309653424286,-1.0626158463416444,3.619365059735853,-1.2811986526499661,0
-0.027898384939835492,-0.37608799069011534,0.0532718983116149,0.033556211544237484,1.8471232321749984,-0.22746092375332652,-0.6272606338104737,-0.1475027605547444,-0.8007352161882739,-1.0626158463416444,-0.08601018172175084,0.29265831934722175,0
0.5902322191598557,-0.8767771218807939,0.8027538236247636,1.425571500154238,0.6352624567695837,1.1111754441668302,-0.6951899504172311,0.8826095282876008,0.5381164394085413,-0.14417986167874614,-0.8361847393272809,1.2893088870540699,1
-0.7234874472931663,-1.1034395829830776,0.5745361665566984,-0.5592657424468623,-0.022926822079164765,0.7196700973257594,1.3741736145181822,1.0172495113157791,0.9342834115474038,-0.10767844608733329,0.20280488342736028,-1.0266573562732684,0
-0.07758921531594934,-0.6142564795576925,0.12284404434888084,-0.43799129325523595,-0.5831246465678517,0.9915476017643906,0.30942940301899774,-1.9639590051310019,1.0890029151716891,-1.067372359871203,-0.4739135515014691,-0.5686813430904307,1
0.5029468174075131,0.636520519271994,0.056378817890477426,0.5330579490507112,1.6135187655779284,-1.7332226501736958,-0.041576398294794606,0.17255209043224382,-0.10640047215701523,-0.27387098742695515,-0.09539709360996682,0.1653389060797692,1
-0.050580928295306304,0.736373676035046,0.5550931070752879,0.15112240680138217,-0.006862200092071797,-0.5981545643276449,-0.3013260474925407,2.115986468163734,-0.4942064169790033,-1.0963182126428297,-0.0399638089007854,0.11946230930405553,0
0.9971985783030795,0.5050842429412818,1.4647832421961215,1.0014984494504122,1.6075971912326472,0.6139775871060399,-0.14370299181635723,0.027981667527932786,-0.2597984506032895,0.4605022982165434,-0.07408730923544782,0.5110049074498518,0
1.617657716291614,0.5091583496088062,-0.7084019831987013,-1.0333656894550218,-1.1635929753196552,-0.34796527776762876,-1.113012934366305,0.5400456544486508,-1.2450389096605003,1.3823980845796597,-0.17762984028954468,-0.06445356103234788,0
1.2623456682519154,0.6166474558329953,-0.4775497750163053,0.47465005393457993,1.3682370802352422,-1.5617490341014297,0.5907230157805274,-0.11489413020995012,0.5795124487758528,0.8544653652812292,-0.06972310761451812,-0.23685526530113263,0
0.9947305395673344,1.0139650279994215,-0.6722418591676625,-1.9032412315704448,0.7085875898774316,-0.7083586840670826,-0.06443801971968569,1.0442726756441227,1.2108412828940982,0.45683521625778545,-0.7289338277596188,-1.2224122642263089,0
-1.2466327832477304,0.4761196145852373,2.6791991612090658,-0.29657475120120497,-1.70144568655526,0.7208290909715453,1.649108347448381,0.28133301540142175,0.34281812452650123,0.6696257329365265,0.7329163297007398,-0.9975255810926018,0
-0.027898384939835492,0.17420173370638964,-1.0849065264156972,0.3281615442906323,-0.022926822079164765,-0.34660508773026133,-0.4648795074323792,0.027981667527932786,0.5992472798999361,-1.0626158463416444,-0.7204553194112708,0.35270301912939467,0
2.0518803693335896,0.37619627147457096,-0.25224961100284293,0.5721689684582452,0.20266441094984353,0.6821716154002796,-0.8879714750798988,1.2679300279494994,0.10040271630397404,2.0275784190664217,-0.7761864259554012,0.9057151286197934,0
-0.027898384939835492,1.3825354217578667,0.48077588148402045,2.21319425212622,-0.022926822079164765,0.23450152904652236,-0.21328629973852845,0.9089377152670406,-0.7922556803234975,-1.0626158463416444,0.2400666271097211,1.288878976736135,0
1.5872330190096997,0.6098883712522487,1.7228605812852293,-2.056261381049391,-0.022926822079164765,-0.552751684345503,1.4517189661451642,0.9121155847548871,0.12388892869758293,1.337192206370661,0.761547864050295,-1.6866715274143997,0
-0.027898384939835492,-0.07512950072787125,-1.2297286084395362,0.09706753724646885,2.0618700104583825,0.000791091128901791,0.2866063658140329,-2.0476168041347034,-1.3699735668728512,-1.0626158463416444,1.2144814044517307,-0.2730813647679734,0
-0.8251809508409814,-0.14187014040698445,-0.30198308974977706,1.1985199350816595,2.089645231051222,0.3897373156030023,-1.3351425857098935,-0.9058354898847373,-0.4902843107962538,0.04342064599013038,-0.8173868986998918,1.9604775492141617,1
-0.3608247331526284,-0.3026941357385419,0.1038380783366105,-0.5780015157839711,-0.09484149531256873,-0.5309392551359238,-0.6739219416782841,0.41357532165740096,1.2920086096556131,-0.6465329935778587,-1.0884407476066797,-0.07936883986236389,0
0.7607493027388016,0.32249730053635883,0.46662408305464015,1.0051359107517843,0.4033718736206753,0.5511497722185568,-0.8048681939682024,0.027981667527932786,-1.2929512272958952,0.10917925776944284,0.13816924098539568,1.1215030582814627,0
0.0035426963418482976,0.003398840996659285,1.7630058078587687,1.1984697755308569,-1.2433459919418637,1.2676297150928773,-0.1375004131110049,1.264580051804563,-1.6849493272922282,-1.015899795956357,1.1800125992495698,0.6216265495085538,1
-0.20485286585673895,2.364688221007772,-0.8717907016006868,1.7981125609358912,1.103362762253131,2.266862030485216,-1.4896665389871393,1.6277136893604356,-0.6893583425942765,-0.8782804181019289,-0.8367399058267145,2.732200607246544,1
0.17847184587223355,-0.39117335741179526,-0.09181885771341138,-0.17418771873693145,-0.2059478709705658,-0.5994734500911729,-1.8102512821622092,1.557341855053675,1.1904294651873082,-0.7559851037705747,-1.6810861314785936,1.5073257708025731,0
-2.1144667785299984,-2.5025606854933793,-0.5510504721839132,0.984248591670238,-0.34351884379087727,-0.8331628986055776,-1.9587008924333995,0.3091020721974353,0.4552395737305747,1.9590780989812595,-1.5891104558401135,2.966983067870171,0
-0.2066853573015754,-0.4573144018013472,0.4460324397278034,-0.11214066425709884,0.5838970403479314,-0.098429693249325,-0.7431730909264158,0.33873676615817283,0.3633091888900361,-0.8755576503351137,-0.7950195563812305,0.2907003166228002,1
-0.8727639083940573,-0.3618976092184298,2.590364388486828,-1.7494228150003261,2.0946289933074675,-1.193758975604351,0.3149295242111167,-0.42500322378760097,1.974456778035466,0.11412075399899382,-0.796439751826915,-1.265220574198381,1
1.2753517221662467,-0.18432943894798587,-1.1797312762779266,-0.2891501988526509,1.4733658502757285,-0.5130173004974607,0.6237681027186254,1.2591847123952586,0.21847997676787453,0.8737901291000111,0.15536307657082707,-0.6326376789538181,0
0.22522532776337675,0.14199571485816,-0.9215815068947358,0.41714187974695155,-0.022926822079164765,1.6486114550836548,0.059150569661379854,0.5284078877341057,0.5604170505074111,-0.6865174542280424,-0.3842682542614097,0.03385921036096281,0
-0.6478784057639719,-0.10298341763274921,1.286369449022761,2.4213280193363382,0.11665043743170803,-0.1603587842994868,-0.3887826975625707,0.23746688215153058,-0.8141211160124423,-0.22002050461948788,0.11549578450287266,1.5974569071113724,0
-0.027898384939835492,0.11839418871614635,0.4104609589947633,-0.00624328898718604,-0.9179972218991825,-0.41651368137546035,0.5470243336812632,0.750293080922242,-0.8932717802497062,-1.0626158463416444,0.9436860916391516,-0.4568503143955301,0
-1.5754933707267167,2.4062528638362015,-0.7380560163413016,-0.08311935236389562,-2.0984991548144736,1.7578217553728488,0.9232795509224447,0.8656588382367385,-1.1514153573047898,1.1582561218460032,1.5345981623423617,-0.6564259285512233,0
2.2904868003496666,2.5156631681133277,0.7944278017957487,-2.5411298579174484,1.4319588151409302,-1.1610013099674363,0.22524168369085582,-0.06385950159177084,-1.1871605587537057,2.382106622270881,0.9605831694747914,-1.6632767312538466,0
0.04522682522552277,-0.37197992740108393,0.08652521936421241,-0.13271847047613416,-0.022926822079164765,0.9552824465057501,1.2897991159504796,-0.0033612161745150467,0.22030970768519884,-0.9539643349030188,0.5869698041621793,-0.8141703818287027,0
-0.027898384939835492,2.4168155089433596,2.641290117437007,0.8308870673470427,-2.0984991548144736,0.7169539513451393,0.13168422715854866,-0.9054191678171283,0.19444378851428398,-1.0626158463416444,-0.15126170975485267,0.21670543102317472,1
-0.027898384939835492,-0.009522295084239615,-0.4569950393854745,-2.2043107245621454,-0.022926822079164765,-0.13077866031981814,0.08658056362754889,-0.5458022187164855,-0.11008515215035417,-1.0626158463416444,-0.004443305122269229,-1.4419132445662102,0
0.8583030785817903,-0.8779163637564685,-1.007722453790384,-0.46853823285475754,-1.1176646795799514,-1.6559706643039211,-0.5812755929286498,0.8403832892655825,0.5557240478773177,0.25412742500092494,-0.7735124093321469,-0.07330649709259279,0
1.1364096092257951,0.6812553428877337,-0.8192843079853674,-0.6088733985258088,1.0185325479497922,-0.1359496680959786,-1.6214544592917266,0.4151894412793528,1.5119152790108346,0.6673459966411909,-1.6500926980765098,0.8197081285226718,0
-0.08851602927589905,0.4772288985737455,1.3867948006536717,-0.5212688271047037,-0.022926822079164765,-0.40211681155374074,-0.02764484913966437,-1.7034462711399767,0.16961600535454105,-1.0511369897536669,-0.24202104717117093,-0.44617555387964103,1
-0.851340636354685,-1.8019118621166557,-1.2611603402729725,-1.1544297689206608,0.1740125623047982,0.23141887629272384,-1.129840013459164,1.5173686699594824,-0.8521716775883827,0.08228944873812578,-0.4585699790516381,-0.1432190737636725,1
0.9803209313659969,-0.4236092438510438,-1.0455518778798758,0.18249489777439382,0.8809817399441656,1.974111907030429,0.5042040226914962,0.7593488876440884,-0.2037645008643151,0.4354250116679677,0.3489265498185346,-0.34064512136532443,0
-0.941333768279181,2.392130707373288,-0.7472212953044226,0.39304504816906527,-0.5792825945867391,-0.04181577484853919,0.3082799549397981,-0.3464794339762595,-0.09997227920445152,0.21600379678008505,0.14259347129582964,-0.12775759184345495,1
0.5315729494232423,0.21527566959385563,0.3072750115721015,0.3306478458712707,-0.37241514631002787,1.1013803846703523,0.9054060930281496,0.9337027114442699,0.16854292704621224,-0.23133746850622527,0.37068965703331463,-0.45494872865736946,0
-0.027898384939835492,-0.1818526908042799,-1.1192453756051113,-1.580715428605539,-0.794663806235519,-0.35419487124696875,-0.7305471588926142,-0.27775697803890786,-0.6573114346738063,-1.0626158463416444,-0.26257435579902183,-0.7214113169999274,0
0.6062572788217244,0.02541172289553756,0.12425324106844286,0.7484620065814231,-1.2107449302591573,-0.8647940778247687,-0.4009889426312932,0.3554130280978663,-0.7565221058737926,-0.1203693734870688,0.06359196705118768,0.5652361590295345,1
-0.732858460520385,-0.383700850067151,-0.818357396501658,-0.8718005045889963,1.606545009187646,0.42378069388151296,0.14633062997483054,-2.0609089251423307,0.512389673575541,-0.09375472882831612,-0.30758021267528973,-0.7277387281350898,0
-0.027898384939835492,0.8560551326559704,-0.6918023057826495,0.7518147422522211,-0.9431068760951338,-0.8353900494934718,0.293039503502001,-1.1616296115719027,0.2371167940622761,-1.0626158463416444,-0.07009179402893134,0.07159199865727105,0
1.4158242794072133,-0.47213054284154654,-1.5794633597360188,-0.26504692799958085,-0.022926822079164765,-0.6855518279377338,-1.3751699164780744,-0.06279688994204417,0.04474303410024393,1.0825082391111363,-1.0786570329813507,0.8095604636085585,0
2.2904868003496666,0.06445539360363427,0.9065148222257898,-0.8532242371239428,-0.9188168205869448,-0.5526353360454019,0.19198909174336173,-1.1809432321978246,0.5005383363949261,2.382106622270881,-0.2735501743771145,-0.7379669337409729,1
-0.016122736954725273,1.3958313132678732,-0.2716617803431803,0.5994156361183783,1.5702042957615283,-0.6280494707970357,-0.4016620234462647,-0.6886348235743406,2.186334607820633,-1.045119254552599,-1.2028592601216466,0.4726212104208892,0
-0.30416473477687433,-0.27111678605887285,-0.31180674008840215,-0.7461666144333726,0.3639070185065907,0.07492812519821057,1.9054572802809804,-2.554563136600393,-0.4019467103388041,-0.7307200263086328,1.523565894803825,-1.246764237706184,0
1.3372332849081936,2.5156631681133277,-0.8914716563062345,0.6487747545457192,-0.48634207854281836,-1.1482426171927445,0.729189903698239,-1.1511914956359905,0.5163145328321009,0.9657355102742018,0.049266419585951245,-0.2207248338513001,0
0.776654798038991,0.18168397424563373,0.44130421933193725,0.34362086247920626,1.0524236267130418,2.108631514234023,-0.7530920873377785,0.3999847765574916,-0.3571473296254751,0.13281209384112938,-0.4565935994105732,0.6118408195662344,0
-0.3257758445330224,-0.02155022130915055,-0.9239613556438415,-0.48114446182291215,1.6863670504823771,-1.450695691647451,-0.7666503081864515,-0.8897991481729813,2.105604190062667,-0.6986096264402181,-1.3571182430386095,0.05643554510507011,1
0.21917102885906425,1.3035398672565155,-0.5789390470451001,-0.008438462098690803,-0.8696678121109146,0.6302371758143827,-0.3105377012936581,1.7221267663384026,1.3604065642319434,-0.6955131032684659,-0.914927842693937,0.02850016213069863,0
-1.1035057025348265,-0.34278309648826094,-0.19679207572976923,1.9984310993223868,-2.0984991548144736,1.1173649118342905,1.2776817074090099,-1.0857253230429122,-0.38721020110419707,0.45696345665602445,1.0489627236301813,0.12485486080190869,1
-0.1498316087952659,-0.7047135531890616,0.26556578592991803,-1.014879427781901,-1.1381799059138074,0.6980511654478241,-0.8506983870776131,-0.0571108636464823,-0.19330301878297293,-0.9600325625055321,-0.612591378981027,-0.25265933973430676,0
2.2904868003496666,1.292828230860144,0.004585973669752387,-2.5411298579174484,-0.022926822079164765,-0.6673169211467944,0.46686693724813316,-0.10992151356024527,2.2862201949183625,2.382106622270881,-0.8213772450529664,-1.7177814036308579,0
-2.292877724178539,-2.3872318824497825,-0.948380105411467,-0.1786669695188055,-0.17511804417529336,-2.0635034791753557,1.2600370767069589,-0.7318935627432294,-0.8906554959175361,2.224166142599513,1.5262394515329951,-0.8241215647890283,0
-0.027898384939835492,-0.9338085687957166,0.2568706481474616,0.013904596999045307,0.506446647447622,-0.2028143695696937,-1.4684251170490459,1.8536040691964422,-0.2961551951551564,-1.0626158463416444,-1.00431614122974,1.1636289442818522,1
0.22915383618211205,0.41175241800637813,-0.453460868675099,0.0760267775099344,-0.022926822079164765,-0.9750114014214422,-0.21149439943947698,0.1267548033582577,-0.24591584148903578,-0.6806803649885074,-0.13091093290092104,0.012403209688267598,0
-0.027898384939835492,-1.6778345694652745,-0.6487601737450369,-0.5668146410041351,-0.022926822079164765,0.9403812872755158,1.6195848596169486,0.027981667527932786,-0.6720296524717213,-1.0626158463416444,1.5802185591171807,-1.100616157621143,1
-0.2506561803278442,0.02798365625993717,0.48693525620337547,-0.10435817562151167,0.4039035812950117,0.5642086987571885,1.269700234874205,0.21157298489698215,0.2375303543187066,-0.8102245542633065,0.5621639790280831,-0.7947897420338265,1
-1.3921853193326221,0.40353973183512243,-0.04948514965693715,-1.7281305281094104,-2.0984991548144736,-0.6068553276772145,-2.727054451479295,1.3265561229853862,0.2813134781004452,0.8858918196060512,-2.034678806719397,1.548060491103087,1
0.07508203671049046,-0.4945785673787886,-1.278225469188806,0.7353669937558067,0.23618885037975135,-0.8653040435445385,-0.6730734609294817,1.1065861043924738,-0.12268612535393177,-0.9096046148444191,-0.5241313249487086,0.8016841626411154,0
-0.7323115283373063,1.0765256821296942,2.6791991612090658,-0.4300154718703567,-0.022926822079164765,-0.37942567455445164,-0.0716960406779009,0.6786733738620854,-0.8773583033059222,-0.09456737617950386,0.42250429986182786,-0.3698098167311473,0
-1.6671740025623778,0.22013955451463044,0.20626227552112647,0.3535196279351615,-0.3059821692202694,-1.7227576890069212,1.1560216411893836,1.2735823318804176,0.5558535165968145,1.2944778051214068,0.2883681213840391,-0.5491377600439771,0
2.2904868003496666,-0.11426817708149949,2.0271597972027235,1.1177803045330856,-2.0984991548144736,0.4415009089668247,1.6325967267377413,0.9882255396424602,-0.2735166368704846,2.382106622270881,1.2061640710723225,-0.4090613863954303,0
0.16256881515157132,-1.67370228122466,2.6791991612090658,-1.5022363871603053,-2.0984991548144736,0.23570068007605924,-0.5175605627192261,-0.3576952093633993,-1.047519843491107,-0.7796142779000927,0.18897227586593557,-0.7835709100503562,1
-0.31277200676638917,0.5832086266554154,-0.6225639496850822,-0.30263444614903956,-0.9145541686520395,0.9833476947386304,-0.6993408819170458,-2.554563136600393,0.9456269506831365,-0.71793109744389,-0.9892811864754355,0.12540480091395878,1
0.3192807506412807,0.43587427772586,-0.574889450118974,-0.34980983245318903,0.3432865805839276,-1.3927916479275528,1.702108737284027,0.027981667527932786,-0.8986317199564512,-0.5467672390618296,1.8983641328822491,-1.0345854419834803,1
-0.7906395193598887,1.9661584723735146,0.6331872621017302,0.34165577291001425,1.5698669374684167,1.070031892241069,-0.6146994680365148,1.0510582059392297,-1.2604608535217956,-0.007901992661954417,0.28206989973710656,0.48602700913117103,0
-0.07813157731732372,0.8298981859870569,0.4203692460969071,0.17209914850918503,-0.022926822079164765,2.7222322579362928,0.9506403126782949,-1.77254051626337,0.49331460642257063,-1.0665665030256235,0.19896201706441616,-0.5483697692698362,0
-0.027898384939835492,0.7644696180373691,-0.049170005840602986,-0.505896272799566,0.06436883556611381,-0.5659239125001461,-1.4550651043271405,1.3428836770568198,-0.4039479271657945,-1.0626158463416444,-0.9470451165936734,0.7024186739288921,0
-2.186249945256497,2.5156631681133277,2.6791991612090658,0.42544289152503056,-0.022926822079164765,-0.3302247929760941,0.6920025711369735,1.3961227512694538,-1.1956048231193053,2.0657355642117627,1.3820632157488073,-0.3114184693438729,1
2.2904868003496666,0.39548905609411145,-1.163055079414492,1.9375302128319252,0.5076417286428367,-0.4296539880635402,0.3663902489138982,-0.010247716186235618,0.5695964364211398,2.382106622270881,-0.2012694490281635,0.6483192612918612,0
-0.5319526836052563,1.0052333673460891,0.8748716748872778,-0.09701439584547404,-0.022926822079164765,-0.3677054656584643,0.38777766558869714,1.6670391050357736,-0.293553163007337,-0.3922662308016949,0.3290343461737517,-0.4270849992100729,0
0.7047291991858388,0.13839652773018737,-1.0705811731070627,0.12474296219832376,0.020165554717539103,0.23456932283821588,0.20609227030781596,0.3236300962791546,-0.5917502270288882,0.025942998916799173,0.41438171589152445,-0.2143258293150775,0
-0.8670257923572154,-0.32682417608123304,-0.3404494066134018,0.8831000744150292,-0.15915263063999338,-0.008067902448313211,-0.29665144194962384,-0.905536479966115,-0.3153612906893769,0.10559489843149168,-0.1497755182645129,0.5619161183290449,0
-0.617578239658667,-2.0671405083120726,-0.27631754299785266,-0.014427602843703122,-1.0602243147842043,1.5975066209131776,-0.05776201284563058,-0.5353165062619726,1.7406807867641347,-0.26504135087399067,-0.9070895572997614,-0.13852987522524432,0
-0.6349222766679943,0.9179052863952822,-1.0424302103232352,-1.521073882761458,-0.022926822079164765,-0.47653564986921326,0.08751571472166447,0.6629344842112754,-0.6528406238748217,-0.23927108872705746,0.37007711565788903,-1.0621188458480757,1
-0.027898384939835492,0.03658433256659192,-1.0332667610752055,-0.40876307290850616,0.9106523140939203,0.9426000278998853,1.408280253618649,0.913971720844682,-0.6088071531983608,-1.0626158463416444,1.3523358463485322,-0.972340213205514,0
-0.027898384939835492,0.7695848505115,-1.1963469899169108,-0.6925300868593559,0.7993393743024132,-0.2649692175478502,-0.037729432214234894,-0.44001912965498147,0.7922886957361724,-1.0626158463416444,-0.5468391195968885,-0.5388243091569096,0
-0.9355905982564544,-0.8451391289785022,-0.8296039705902433,0.09400252484504115,0.8018603493095889,1.3370709631514046,-0.7623546670013849,0.07154007528175674,1.5326708073724686,0.20747043185700048,-1.2065747360876165,0.4487792721893929,0
-0.027898384939835492,0.30601760551539064,-0.4206829239619191,-0.5620774728983222,0.5780495470736586,1.4818250532480834,-0.7661997224766178,-0.2479470291631522,-0.6490868222379156,-1.0626158463416444,-0.2954302276318393,0.0003409384665828379,0
-1.2843446420574087,-1.1380429795099083,-1.4639623187592203,1.381130282249017,0.7791945918502032,0.4556162004551859,-0.9305338871205108,0.09406236526760633,-0.5705392062369915,0.7256590824416561,-0.4688610746342618,1.5351318156523581,0
-0.32908935452751653,-1.0176020825034835,-0.9384171125969485,-0.7616355581710712,-0.022926822079164765,-1.3967728968766104,-0.667935898368301,-0.304368780474439,-0.22745414542846304,-0.6936863193036688,-0.4657512075975566,-0.20681144031656296,1
0.46909254815669255,0.9859406837417427,-0.35697980306778015,1.665953931129066,-0.022926822079164765,-1.2274397657712857,-1.8412989802654975,0.031579415246197236,0.8085618160420804,-0.32417262094614846,-1.6092089196248744,3.3701994528282446,1
-1.1547228421672886,0.5233309716596757,-0.412029419743213,-0.6861252569353743,-0.022926822079164765,-1.3626816854588832,-0.14749705094745247,-1.0682214519314295,-1.3014242488381804,0.5330633354809386,0.7427885172440836,-0.4773223503955,1
1.5778635847359188,0.24605979189543536,-0.8735421124402755,1.251832014972604,-0.17330250222247673,0.04516819803487098,-0.7128632387485658,1.5954143695097216,1.650395245480094,1.3232708351654479,-1.2137785596499504,1.1910222116601334,0
-0.2950471503862937,0.8172163925939463,0.4062574221408496,-1.3727858705643678,0.16556879551788817,-1.3550442481555205,1.5534899913266713,0.42141899775890446,-0.05825415957752682,-0.7442671918137393,0.9695899992818641,-1.4191888773487784,0
0.5342001564844073,0.7731660377358128,-0.9424331910089527,-0.47461366787227854,-1.4517122583527056,0.40633301402501676,-0.47810756746627076,0.03799560105296699,0.8354242150339977,-0.22743388973479584,-0.821724221828817,-0.14847964843776112,0
0.8416656957686656,0.08679538391088995,-0.9229406097512319,1.4436060035329679,2.0946289933074675,-0.05079867124128534,0.161047684204287,2.00698711061179,0.1956682572378907,0.22940712970274646,-0.13277070857419085,0.5326876619843288,0
-1.1209495227960447,-0.18530383944354675,-0.4885687908848352,2.1839087527466337,-0.022926822079164765,0.42282347895862904,-0.530893213714905,-1.3751711314815627,0.7072483703677341,0.48288197958893964,-0.8034845939117333,1.6057252015532661,0
1.7404601971307796,2.4663698448528,0.005508459651701074,-1.1840568841788746,0.9723908844435337,1.9003946392591848,-0.1942189886151642,-0.2627144259028026,-1.0102486727119557,1.564861493866503,0.43235100701036433,-0.7475386707087682,1
-0.23644470880533486,-1.3302382847008085,0.38499966211298847,0.8841684978542342,-1.8552161721308804,-1.2121920449719745,0.5214935537372999,0.2423650297453235,-0.6285207254933579,-0.8313403617556332,0.6866763269151274,0.006369363895148678,1
0.2920592991250867,-0.33008873388832505,-0.9378162014332156,-1.5787671331980278,1.3710879713200634,-1.2904533900706285,-0.788372239704356,0.006623486124071447,0.0852665022472761,-0.5872136438530035,-0.7030984251602285,-0.687136140415882,1
0.4596599691557416,-0.15308011807426936,-0.23796293214294972,0.4748069871742126,0.2054508178708736,-0.6188945008401122,1.4157901277947391,-0.48398425686841573,0.5811190341063596,-0.3381878143780721,0.43151896747270047,-0.5963469384651624,1
1.7038453093220671,-2.5025606854933793,-0.16240904492954644,0.5826278259019448,-0.566663905561609,0.38249847019735,-0.5287602374119768,-0.9901046018725608,-0.6270911537524233,1.5104580549898659,-0.12568064607448134,0.5689305970109965,1
-0.8362570532206227,-1.5105975725111118,-0.8579036156488197,-0.6120449863398277,-0.022926822079164765,-0.00982325804493153,0.04583050945016654,-0.6280667505741236,-1.8975174302288929,0.059877833076166176,1.658748857634785,-0.5356494211131458,0
1.4397303933524872,0.6100490137276754,-0.8944979842724171,-1.341368358450004,-0.009523591234453897,-1.438965517864396,-1.0660464371174945,0.1888680673558523,-0.6910242596138387,1.1180286213008683,-0.5039879083875344,-0.3343427217365382,0
-1.665406113638986,-1.4643881204459046,-0.30698663497676204,0.5260905923858196,1.2808092467057863,-0.3395627915837768,-0.9575657049506352,0.19827792580445694,0.7822897999274175,1.2918510256133853,-1.083217522716543,0.947157267807437,1
1.3078175208991836,0.8673272396636742,0.13137282653803428,1.1954297939532526,-1.8613447693082124,0.4763524588984605,-1.3963008469108964,-0.4268496150657686,-0.45652798343421236,0.9220287337401778,-0.8792716137300787,2.0553860986939108,1
-0.027898384939835492,-0.0663484886474832,2.2865644961266454,-0.10457746073004005,-2.0984991548144736,-0.8101920474839927,-0.04964012911507062,-0.48015857199393575,1.1858223979942253,-1.0626158463416444,-0.7114661674904007,-0.19520808019542882,0
-0.027898384939835492,-0.12393440054409031,1.7110287339249142,0.22023970804661025,-0.022926822079164765,0.5743505026802886,0.8271942430932359,1.0491475266202748,0.4509056282723094,-1.0626158463416444,0.14704780511240273,-0.47292952055590787,0
-1.0731788019134798,0.2270270162749335,0.9514376990204173,0.06296037448393588,-0.7286832085151939,-0.7598722227817978,-0.02745305576022745,-0.01986990850615794,-0.15579219400638292,0.41190288749927023,-0.055824052873152015,-0.11264234154265147,0
-0.2812278743005782,-0.08539151031567964,1.4357083503142234,1.7681849356422086,0.3379881613830964,0.870934479777645,-1.6628441793042312,0.030361749262536094,0.07327247980778324,-0.7648002642015702,-1.2818456162432932,3.0578488594361,0
2.024477130310454,0.7589594963073389,-0.2259932861989928,0.5579791011349191,-0.24325027440376895,0.408977043148927,0.2000229030849917,-0.42519717777970917,-0.28783887165827865,1.986861909241085,0.19018003956934776,0.024098393708991982,1
-0.027898384939835492,0.27362020516399166,0.09096451431416286,-0.40285602647025437,-2.0984991548144736,-1.4239280819092461,-0.8077371792909831,-2.4395425959620476,0.006116040355220036,-1.0626158463416444,-0.6795046797380981,0.14352900283522857,1
-1.690821370171079,1.6737085926309607,-0.11627102071225645,-1.3311346606514936,1.4231795276158632,-0.20732803918392337,1.0659896515689973,0.815267695810765,-1.052339128265589,1.3296137346649963,1.5438873421300683,-1.2804326864921443,1
-1.9248835268662439,-2.432963193702908,-0.318288277420586,2.5490151593111063,-0.022926822079164765,-1.2330748574840842,0.19482080529656626,-1.086681395804428,0.047716651265515865,1.6773899261864489,-0.02570269098287868,1.1087014005451024,0
-0.027898384939835492,-0.5481188610207132,-0.4135789243265328,0.4865384075383129,-0.23977726094669655,-0.3796195401755659,-1.4739443885974914,-0.538285914805246,-1.5653358569609241,-1.0626158463416444,-0.26840277657609163,1.5767244439012416,0
1.1810434276268413,-1.341333147052107,-1.1763092081348312,0.005516094937351607,-0.022926822079164765,0.23803708453633904,-0.4685905012595995,-1.6954014114564597,-0.9895173553099187,0.7336641900465095,0.18419179200971003,0.15048210516409746,1
0.9082336640354451,-0.884807488777834,1.0643232681193513,-1.0646807173271422,-0.022926822079164765,-1.5552216408152408,0.07828686122594408,-1.6008074427784391,-0.6688659793266052,0.3283157051342388,0.3753083367985424,-0.8041912923345966,0
0.23171989286355132,-0.3689647229612355,-0.23709246723913005,0.8368492993306562,1.681120014992368,0.007213289606619285,-0.3443876246784459,-0.24861919772277216,-0.034253784421936426,-0.6768676451857869,-0.34433418874518645,0.572871926819331,0
1.328981116182017,0.34563302616998903,-0.9948795709090416,0.92555191124749,0.760212769409373,0.5047860861168527,0.4328094073171996,2.6150000316625386,0.13901773268658948,0.9534742039105262,0.07827463098378025,0.07882592938809473,0
-0.9876916522010961,0.6395957640571519,1.6045317003378146,0.04440659377010727,-0.022926822079164765,0.9524620533105657,0.5694058052613464,0.7325521247830924,0.2111263717124043,0.28488365563891893,0.12444702611582445,-0.4418648044887746,0
-0.9153228736105347,-0.1055548041527978,-0.27732112687112365,-1.9006060163788068,-2.0984991548144736,-0.7732716874278661,0.1974142770534464,-2.554563136600393,-2.307062730337995,0.177356071690084,2.5365291120375235,-1.3089264283490787,1
-0.027898384939835492,0.9265911443339823,-1.4178844304574338,1.0965820414700536,2.0191138509485964,-1.3899335395059407,0.7449384328383893,-2.554563136600393,-0.01860448477953116,-1.0626158463416444,0.388172227151856,-0.011570012137909792,1
-0.027898384939835492,-0.4933552612282011,-0.4807306488682143,-0.5709280501279222,0.5162073089317863,0.2493101835859353,-1.1621700238761183,-2.2023560807807274,0.03267513879395631,-1.0626158463416444,-0.9305426175734892,0.3349867287783211,0
0.5759313165005937,0.9368531941530023,-1.0626384977103214,0.12045624754015463,0.3968036843244778,0.2175266749142398,-2.5028439539039,-0.19761371231353014,0.3409610425739294,-0.1654285484907475,-1.903636949049882,3.4960479691266513,0
0.5715323387222061,-0.39337581702248897,-0.37553490292696273,0.1895477588130074,-0.022926822079164765,-0.7844327844177728,1.0083953647859423,-2.554563136600393,0.31648287424742605,-0.17196467444957808,0.3424947242138494,-0.5640567608543091,0
-0.8869454806018481,-0.8902865482181364,-0.31176066007727427,-0.15152131082380713,-0.0731789516713299,0.9787341983724998,0.07715485763416878,0.9189664466971913,0.21818895289462042,0.13519213624142637,-0.19973231546125986,-0.29453444441124776,0
0.8013888836832653,-1.2673385391137393,-0.39605803106333043,2.5490151593111063,1.143648099383692,-1.729714484213696,-0.7320400512731274,0.876495166065814,-0.3401777016299824,0.1695626998664085,-0.4506261333358322,2.09689509646985,1
-0.28218638232862814,2.380772674195547,-0.33119188200639865,-1.1389275614760748,0.08670154405381986,-1.4894628758270112,1.8004382326494632,0.5947895432057729,1.5890605496838106,-0.7633760857856972,0.10280960055159873,-1.3787490194652066,1
-0.027898384939835492,0.9988361751077082,-0.3773327653429729,-0.774604650896367,-0.022926822079164765,0.5885848230014021,-0.18305083137507838,-0.7551122764211994,0.19195847693757842,-1.0626158463416444,-0.3554645419447544,-0.5103502685369067,0
-0.027898384939835492,-1.0442184224808004,1.2852415338570726,-0.6711442842074196,-0.5143353217665069,-1.837661226033244,-1.0552687440158355,0.9901576574203946,-0.5138529323556368,-1.0626158463416444,-0.5949687770774033,0.15985183870583952,1
1.755128076752354,0.6041508114674806,-0.614932152990812,0.27715398642492023,-0.37866106674048217,0.3234852213812376,-1.412400263594413,-0.5373598767776554,-1.710581083397701,1.5866554454583013,-0.08590246206263125,1.3101976749175692,1
1.2112687589101514,0.020925663901251373,-0.2632981587209401,0.24230576837588683,1.3551519388556486,1.1229423952090174,1.4977672616047184,-1.9627705500621915,-0.5744120404905265,0.7785738445998247,1.3870943980812886,-0.7246852688333727,0
-0.10147426797232054,-0.6169806471665329,-0.7582323683762239,-0.9272069557730025,1.1191003701888578,0.10063763104818549,2.2987269310550222,2.4892829367720863,-0.12681775323451575,-1.0318832711419197,1.5430802296402784,-1.4028931877390556,0
-2.25616588089636,-1.0517225868314668,0.47515033586436745,-1.9057673705689606,1.2017691217019217,0.7459469539550925,1.0605215366361445,-0.1663443016564484,-0.6382163623984318,2.169618644530286,1.1121782139383805,-1.5411328058315397,1
-0.6175910684650918,0.2866348748385885,1.2906490076405759,-0.7484385282662565,-1.1150386355336885,-0.16198332136270116,-0.6538518999300347,0.8428726579002997,-2.436175116513045,-0.26502228946951945,1.7057113842971772,-0.207685920665963,0
0.6937995995493483,1.175414708251592,-1.5878773935440749,0.754264604054931,-0.022926822079164765,0.41390464866189447,-0.42532489289589515,0.1653865429874774,-0.19012544366275383,0.009703489762043866,-0.31479180950562524,0.5894362894324241,0
-1.1335786202888485,1.831302898191877,-0.08731660319561614,0.80314112308108,0.44130478005824414,0.5203747772535376,-0.23678143657482417,-0.39659402467936256,0.2635750208382307,0.501646650864359,-0.4263386816100751,0.465738411513936,1
-1.4222877985219997,0.01863899982799422,-0.01743411955107623,0.4103615802113191,-1.3083475729504856,-0.03927406412975218,-1.019929279066885,-0.9663155128760385,0.4633647990470517,0.9306189370335384,-1.0079365821770474,0.9305914104362455,0
-2.292877724178539,1.5009304545036917,0.3522900011645514,-0.31817156303702127,1.0443492640146699,0.17663046103079555,-0.29578066595518926,-0.43252547383205653,1.0055655160732582,2.224166142599513,-0.781177898718609,-0.17019220964144566,1
1.0670394056042025,0.07365944849960851,-1.5489650787956062,-1.484382137850387,-0.39039792189881434,0.31917801430341125,0.023947397209047035,0.5253211436164194,-0.03542553821857901,0.5642737804349411,-0.09235304318559209,-1.0168863624437043,0
-0.1437548860634052,-0.1426503118217356,0.41818884169588105,0.2922008820797526,-0.022926822079164765,0.9148587111078704,-1.063106292245621,0.1359317467012371,-0.7421125332072629,-0.9690615295049719,-0.47158998389765533,0.8901913502598917,1
0.5106018457299027,-0.6825197261958934,-0.9817940831318565,0.25791115887212823,-0.022926822079164765,0.7886875163840987,-0.13643627629875574,0.5726567456028195,1.1984010578235544,-0.2624969292129366,-0.7638364307352873,0.06976302285073122,0
-0.23369144286318633,0.33724490365598875,0.210913380385052,0.3688120280337495,-1.2601196021497354,0.2339306387263332,-2.5220722460991127,-2.2781507143720985,-1.5397559292929266,-0.8354312423880508,-1.3046180687795175,3.896940110837702,1
-0.027898384939835492,-1.8028917989382856,-2.204008947179,2.0637768687076745,0.29965468512387594,1.302752832843476,-0.973970270456178,-1.5504483201182775,0.15365514216398768,-1.0626158463416444,-0.8560285033544296,2.089334103578556,0
-0.15293028120254656,-0.3803160305615265,-1.1944041877882057,-0.6181924929139233,0.9543658926732088,1.601258689710672,-1.5323148448417634,-2.061947034082108,1.7631479861598873,-0.9554284671498691,-1.6573209972974157,0.6986659397046641,1
-0.027898384939835492,0.257859966218934,1.3938797539372711,-0.3437254400213646,-0.022926822079164765,-0.021733931263285437,-0.10147619777447374,0.1848053384954053,-0.16558253012569485,-1.0626158463416444,-0.10168808248345587,-0.30299429006469475,0
-0.027898384939835492,-1.7100606776065872,-0.07266613256915128,1.528791235478335,-0.022926822079164765,0.023029198577993782,0.6157236462844379,-0.4665084205358087,-1.7666072228081602,-1.0626158463416444,2.0635104984319423,0.274532981489761,1
-0.027898384939835492,-0.8692473590130554,-0.09344600109139183,-0.9930713175871879,2.0946289933074675,0.16268842691107702,-0.5854531366075518,0.37731722788267996,0.9234178626770903,-1.0626158463416444,-0.9162220938140511,-0.41426543055072595,0
-0.027898384939835492,-0.3136890990626832,0.8928344321198675,0.6420424479569946,1.4052883639460239,2.3356342664893446,0.21026875518784333,-0.0480630808544245,-1.9291199229557043,-1.0626158463416444,1.8846185200337686,0.06337147008863757,1
-0.6954365602867545,-0.151097258900163,0.5849567592369163,1.2483018358837858,-0.6801376455243223,-0.6483966068420854,0.3783279571046293,0.49068420114866373,1.1681317978244816,-0.14935724965656494,-0.46869458512177525,0.27991256563454125,0
-1.4320292538286905,-0.7242172425492722,1.3539391709027222,-0.6926230022763717,0.5500892000167484,0.9876560031478708,1.0740125516367474,-0.24034544891573736,-0.015467017707228409,0.9450930676417152,0.6097203458208175,-0.991999627692829,1
-0.9708461359239238,-0.15120065915851186,1.638644557026656,0.6093281147577949,1.41612362480037,-1.4862070867129236,-0.5196020200003308,-0.38713725019636896,-0.07911818622322354,0.2598541097362144,-0.4405863030714605,0.5782038858516892,0
-1.410162895256977,-0.14488475521128377,-0.25766026163422323,-0.6750371665523635,-0.31378970791790955,0.17256345650340257,-1.008071244076526,-1.0943172233235614,-0.09225008486462953,0.9126034118430759,-0.7707920603250639,0.11589627405886929,0
0.33371545612028247,1.9515810466277896,0.6018981559598816,-0.07229007246925694,-2.0984991548144736,-0.9379783722086743,0.11515901257885981,-0.4538587849646107,1.8714025179306952,-0.5253197442249815,-0.8619078644885029,-0.27162650705317004,1
1.9864035909010516,1.068781876764578,-0.6673760321315866,-0.9704619851861207,-0.022926822079164765,-1.5844859608893918,0.03373179420120221,-0.2743572922003157,0.3158937985095883,1.9302911644419218,-0.2792228080013759,-0.7313646186089966,0
-0.8676581194330445,0.35208364307086737,0.04797058638360295,-0.3311735677791582,0.5907948042603588,0.4685522315240084,0.17225803587922664,0.751051551980044,0.9212261191783947,0.10653442793652883,-0.48031287147875246,-0.4442248755864944,0
-0.07060285857689866,0.2839644990927215,-0.6676547455827418,-1.0165716830236171,1.1827083322567662,1.296017676895259,-1.1970622783658191,0.41219907876819895,1.7429351376506772,-1.077752886880025,-1.4836764725119105,0.020255477229621222,0
-1.0220936838136232,-1.568759059131835,-0.298273484615294,-0.4632797462882404,-0.5449378394523003,0.5216102474629454,-0.7017005348561312,-0.2701437907186532,0.550244924200062,0.3359991700122529,-0.8449671943827447,0.018576296509001715,0
-0.12034985817832584,0.4585840881998734,-0.30373881323245616,-0.4706230102860201,-0.8407211740907713,-1.28905689745782,2.1143787111416064,0.37004431112194036,1.8433301620360099,-1.0038373838133094,0.1429838346736201,-1.1901119529271738,1
-1.352522023050829,-0.6740820323319321,1.3560210191690425,0.827533163470963,-0.45809297299974944,0.6999975216163693,0.774269732966718,1.818473476369931,1.8051389761354317,0.8269589689529069,-0.5105282155672092,-0.15685475858259257,0
-0.027898384939835492,-0.5819747728793226,1.5390564678846803,0.4130009324379215,0.7330853028643106,-0.57277805649307,0.9994493809590183,0.3177645467383244,-0.2730727978230035,-1.0626158463416444,0.7525113654326839,-0.45728421711744976,0
-0.027898384939835492,0.2579322585058584,0.4482873130876923,0.5539686272958422,-0.47624155112122396,-1.4409678871997178,1.8608391859007007,0.18279550528710312,0.45064207510388593,-1.0626158463416444,0.7909641060632091,-0.7191819116250266,1
-1.0743693727876362,-0.7631104424566465,0.19575170657170335,0.5738963815527105,0.966118006442634,0.300695570022088,0.670394584898911,1.862935054673017,0.09574204655798055,0.41367187147428236,0.2625311670212883,-0.2279286868766707,0
0.30293423007907366,0.333552867540775,2.0491991670752334,0.8830233546239319,-0.2644282871072454,1.7576721453470072,0.012472888242402912,0.027981667527932786,-0.785754557067603,-0.5710553629773728,0.4158378101328107,0.3272546528527568,0
-0.027898384939835492,-0.3372716012806749,-0.7991738117169663,-0.28726405630743007,0.3994150311845334,-0.1163156546134578,1.3448134987385982,0.09834863437352345,1.4633496856473487,-1.0626158463416444,-0.07649977301335513,-0.8998628313367752,0
1.8008933716929314,0.28980115108030907,1.3102960552081138,-0.931703322530814,0.7209774803341032,-1.1751602698066341,0.8267662257091064,0.17540732467474404,-0.7138718514617419,1.6546548188000525,1.0000966665065436,-1.0220597443365123,0
-0.06969717566214394,-0.41931874284161047,0.14934315912622534,-0.39324169661099695,-0.33522089300203406,0.5238883612486825,0.5517410082549399,-0.012481466704172182,1.0211647563540605,-1.0790985762441954,-0.30824292041664614,-0.6539528848217555,0
-1.987695496880349,-0.17114379527732407,-1.0555812751840576,0.7149234916532089,-1.538384908136983,0.8931422288371307,-0.23529787347479889,0.6620400579915997,-0.06456910796841113,1.770717732876339,-0.253055479558047,0.4116570336843012,0
-0.027898384939835492,-0.1667541445621856,-0.9048357714581822,-0.04997192569996506,0.8613099970816593,-0.34715973892990803,-1.0450280814705353,-1.9758770755642148,-0.3107857445506116,-1.0626158463416444,-0.6925197534263888,0.6147445464748873,0
-0.49881786478411577,0.5131864879338064,0.2827594546169067,0.1571942029180283,-0.022926822079164765,-1.0572075759124666,-0.5914719513992533,0.10070706411722764,-1.4063247695116459,-0.4414988844654712,0.4359053365482635,0.34489272450164654,1
2.017374782172665,0.3892692050841658,-0.833920165434497,-0.560084614875388,1.039618630244042,0.17986898451893316,1.6319397397389777,0.04051220543621387,0.31552450290079376,1.9763090389219564,0.7411086103064444,-1.1012448409270112,0
-0.5317212779662387,-2.5025606854933793,-0.7294904590127921,-0.16877242913057097,2.0946289933074675,-0.5878094737823777,-2.727054451479295,-1.1267718308942094,0.4928803960573161,-0.39261005986389974,-2.074037007239174,3.9185455415919628,1
1.2190772705392052,0.5929091771156133,-0.9159559114730521,0.2775919171835786,-0.346452995607889,-0.7293838768277728,1.4164491411109534,-0.7381498731274974,-0.25365199049783554,0.7901759526643936,1.0345420031281614,-0.6810227459354645,0
-0.666572906810957,-1.4489787541941799,-0.14398427335078973,-0.13323313015784222,-0.022926822079164765,0.04734917494855573,-0.44013541488406926,-0.11582714435896305,0.3886279426816286,-0.19224368469989014,-0.6146599393538767,0.04178379137042265,1
-2.292877724178539,-1.191605292640061,0.13946687625415302,-0.18780527354777105,-1.488731024078606,-1.4937519790142353,-1.3904525908220362,0.8819882664425069,-0.2718083803619192,2.224166142599513,-0.9589345105013825,0.8923491433506163,0
0.34561395702083403,-0.19185786013558556,0.8829000150435444,0.4826961461993553,0.5084513620750534,1.198346217822959,1.5655157969212676,0.8629218932529539,0.16147088107814878,-0.5076406140894867,0.8089614057073952,-0.6475561247316286,1
-0.8485154539776999,-0.5631439052181413,-0.5139909565464282,-1.1671252498490583,-0.022926822079164765,0.5686310881673036,0.6599286357682194,0.8574721415623278,1.3634998280579202,0.07809171262693965,-0.39670015811461445,-1.0805291148549374,0
0.06035524982184756,-0.7793522102974351,0.8296843049204506,-0.8310240741848649,0.7408295558429464,1.2735014989116191,1.171900870786973,0.8331506282556478,-0.9254076893964898,-0.9314860925245148,1.4915067811876093,-1.0850333624573583,0
-2.292877724178539,2.5156631681133277,0.5939607123298292,0.0012173210062167055,-0.022926822079164765,1.1571069295103042,-0.011560609317508425,-1.5564180824431533,-0.39972858492476826,2.224166142599513,0.11218276006116004,-0.15743134942982068,1
-0.3395562426116484,0.3266971609369991,-0.8427320143966262,-0.42441346177701694,-0.552562039065723,1.9131980607840857,-0.534171077992507,0.17323871341689456,-0.7337497497758605,-0.6781343200980839,-0.05810059309473296,-0.0777955485545882,1
-0.20968993664593813,-0.21875225918385618,-1.0595380605187978,-0.7550345713630346,-0.022926822079164765,0.6507492412875893,1.930827760181887,0.673500932485797,0.12673410995872295,-0.8710933611212559,1.0762935362932557,-1.256321236059027,0
0.6281678849785555,0.03287768926042525,0.20616004591536471,-0.01058892979727637,-0.022926822079164765,-0.41004125238439093,0.18402394725011834,0.8253898207570236,-0.10636569606358712,-0.08781397337139259,0.06071126301452217,-0.2756673656916978,0
-0.08026412943189151,-0.5088424345054611,-1.0430767446728053,-0.4423684283634374,-0.022926822079164765,-0.8595969304197152,0.6269754521556244,0.007332314320608985,0.6644608974269691,-1.0633978966045894,-0.09219153075179688,-0.7099981234249959,1
-0.6710103301242689,-1.5463898934064833,1.5181993792141433,-2.1965043383710103,-1.52235253992542,0.5904392022460174,2.032333602382456,-0.7740891167266849,1.7980602210590548,-0.1856504352747728,0.12293430140981383,-1.837644947708031,1
2.2904868003496666,-0.730015545324796,0.8247219825569381,-0.027981360001761057,-1.8001020750644583,-1.7580889657122896,1.0403836825940183,-0.712833338543551,0.2083325733097884,2.382106622270881,0.4328067458460787,-0.6766481814433005,1
-1.556424379632982,2.5156631681133277,2.58964521127237,0.5205358603491526,-1.6647251010497157,-1.244534801339433,0.17831906124114624,0.027981667527932786,1.1890795823689768,1.1299228739926455,-0.5873420332520024,0.01697972972885475,1
-0.13535868092219627,0.8523569477696453,0.85698199939243,2.176614849231685,-2.0984991548144736,-0.5110491131472563,-0.9026457896094023,0.11150066157182464,0.7601378417095794,-0.9815368492596531,-1.043294019622221,2.0700382498307475,1
-2.292877724178539,-0.30352739578689564,-0.21477994794576694,0.03838869982669306,-0.022926822079164765,0.6882701157336266,-0.25922046291917406,0.5289039370011782,-0.43528362332403103,2.224166142599513,-0.047023019342269164,0.021910989668597253,0
-0.19817453157322626,1.4322645089328623,2.0165514473708046,1.5281568592597803,-2.0984991548144736,-0.6371212111758711,-0.866009030314662,0.4898831620893851,-0.15294960276981273,-0.8882032766093468,-0.6433337767097647,1.5599614474733428,1
-1.2918099722581218,-1.0238147300951517,-0.9497824162067193,-0.7322319064059862,-0.022926822079164765,2.580098541880082,-0.7522450635900448,-1.9855045387704042,-0.17822643093259014,0.7367512818057566,-0.5509922929022805,-0.1270612561275727,1
-1.023976199706625,-0.2747474217512803,0.4701735530473743,-2.2994286396752135,0.13310754481551018,0.3525197461686034,0.3729306534586546,0.4103460631748302,1.136388411004426,0.33879626552308123,-0.4584391516595398,-1.5709237573001489,1
-1.2976131870459078,0.3075856658405006,2.373881469061149,1.110707992921447,-0.022926822079164765,-0.21310626998464127,-0.7149373761880771,-1.2684868209896047,1.409461689366215,0.7453738629439184,-1.1460448594613228,1.0974424431521843,0
1.4787957975343833,0.9406011929173089,-0.21710641328742417,-0.890761446512626,1.665674124495763,0.1576167537682027,-0.7686794517488578,0.027981667527932786,1.6926006548962125,1.1760731069129533,-1.2537569212546695,-0.22429012375416046,0
-2.1570114855592655,-0.33709737193270106,-1.3811968137694297,2.332842280974442,-0.022926822079164765,-1.487570952043552,-1.3933947512037907,-0.11800862104590804,1.0496276780410863,2.022292231453363,-1.414783500513705,3.0001505981378918,1
-2.2170408265477772,-0.5386905116767354,-0.3669588337897766,-0.41631271303930495,-0.0836339661901022,1.368351285015293,-0.10861026209744308,0.027981667527932786,-0.7654855895702299,2.1114855290085783,0.30306604614663213,-0.34112477081637466,1
-0.16348326039599143,-0.034646077264764735,-0.6900587258798541,-0.5593796802264357,-0.4577437430650326,-0.29301444185256637,1.4219822513059661,0.594178486714476,-0.31096252211055486,-0.9397485513321183,1.087588178257508,-1.0409781802289597,1
-1.2560853799936513,-0.016272416372543157,0.2525620035881741,-0.8870584913497982,0.0406410846773448,1.0400991463220044,1.315508206894691,0.14648191453889992,2.3502510587760077,0.6836706693017237,-0.4466679219908825,-1.151646139369081,0
-0.4897037800506755,0.7521400742798741,-0.09099711103605515,1.0401416757654862,0.44858633216011157,-0.9234753021269764,1.6352992681723653,-1.1284197009889954,0.976182296924497,-0.4550408500807318,0.32884164117748454,-0.4421410330963692,0
0.8765893930586982,0.3027721772906692,1.5590944060715002,-0.431546895353963,0.4175539517903047,-0.35156260287157304,0.5465035267144077,0.8886753755183412,-0.02449863648610208,0.2812977497366108,0.25706434247944937,-0.6710228760358838,0
0.2460817017753623,0.06788669675522996,0.29785782516638193,-1.4882138636698083,-1.4002956783156923,-0.7621962673869725,1.2627935162389787,1.407835090881584,-0.7499166377603929,-0.6555284621361605,1.3800035777246784,-1.4010411408652457,1
0.4903331118066842,0.7254787258818997,-0.6237260767917318,-0.10529734665592222,-0.022926822079164765,-0.8071066031500769,-0.3714512785105181,1.0272491602512794,-0.13312497637560305,-0.29261278899269155,-0.30891894890814603,0.010933859523147332,0
-0.027898384939835492,-0.006818415119099448,0.2650968077487552,0.4662187092019644,0.5926817334812619,0.0116259004082068,-1.215019257666826,0.4684923135326983,1.3658532445741478,-1.0626158463416444,-1.4005242498321835,1.203518923058092,0
-0.12127090673484993,0.637541969698781,-0.21447825278671478,0.11996007364232879,0.19851435851557442,-0.8851100414153179,-1.4203679838093566,-0.3270790710142881,-2.3803864374078825,-1.0024688637427563,0.6366738966259803,1.188805918639126,0
-0.027898384939835492,-0.14157898549684259,0.4616808606214688,-0.6390851679795567,-0.46839178169619033,1.0073312666597682,-0.1017894847747638,1.1702072265004924,-0.23758845410844914,-1.0626158463416444,-0.057977183679767424,-0.4744352611401368,1
-0.6655886366817512,0.5125835219887088,-0.7938387870165733,-1.0055996517630934,-0.4504941915470949,-1.8401381827234577,-0.43369495048427337,0.5706790897148655,1.0772876595142549,-0.19370614117639506,-0.8849813301263186,-0.5126462302851553,0
-0.027898384939835492,-0.15815322774977175,-1.042221645288111,-0.08646452364343454,-0.16378439152464996,2.094754188271742,-0.25168677346247115,-0.9963284164333336,-2.060897996738453,-1.0626158463416444,1.5744456142629526,-0.058382605808939655,0
-0.027898384939835492,-0.3401410080242039,0.6421793841309564,1.163881336773156,-0.022926822079164765,-1.4131499548213915,-0.2600361893481847,-0.5948538349292855,0.5585022222571593,-1.0626158463416444,-0.5783729222747311,0.7017358282091384,0
1.002497227707802,-1.405160193910696,-0.3126807408991537,2.5490151593111063,1.7950151495858575,-0.655250304120572,-1.332680855742452,0.2634566159484653,0.5173475059045269,0.46837518179670184,-1.2202527861368517,3.061324286073981,1
-0.2948462922247725,-1.286835298503127,1.022503504587143,0.6771302376661781,0.10618234888348195,-0.02655255155270335,0.25257003762645214,0.8774393788068309,1.197036637897619,-0.7445656325674098,-0.5497049461593232,0.05633957731575342,1
-0.06996586268935973,-0.14785467334091487,0.50757237402864,0.10528582896350762,-0.5232570378864804,1.6966385567515543,1.5712318806999706,-1.0124373129470825,1.233502101568119,-1.07869935343793,0.15578690642895068,-0.8069359158275631,0
-0.027898384939835492,0.5948997906211941,-0.22394889965898665,-0.13597515121541892,-1.0931250350662145,-0.6987999402753656,-1.0690864943120837,1.2316526722523486,0.7966351870074876,-1.0626158463416444,-1.1534492874266797,0.5747083749610007,0
0.12086021759373324,0.013589571295256443,0.9248818051904864,-0.3955624364987934,-0.022926822079164765,-1.3079091290456533,-0.0360108059699543,-1.0028529090845915,1.0168330053138102,-0.8415860952035498,-0.6385477777601231,-0.36977954422376774,1
-0.5531102043999682,0.7693936205566779,0.0683201651431251,0.024565891677355456,-1.5689272368472034,-0.9539345822258944,1.7036932220348135,-0.2810139914061861,0.8309248526922356,-0.36082978627809864,0.4519328623683181,-0.8823635694821562,0
-0.027898384939835492,-0.8468606968513994,0.43202947316907847,-1.0613913515607152,1.8723926529136143,-0.8439510936891732,0.7765686622685182,-0.37527848642253153,-0.46657284331832166,-1.0626158463416444,0.7457420005222862,-1.0675921677265399,0
0.45347039145012397,-0.5554318555790241,-0.3909158676155496,0.7115003347107222,0.03426749002308124,1.1186990564671304,-1.1079726004338302,-0.19571278132424627,-0.14391696589160408,-0.3473844644986179,-0.81647519979968,1.2597678552466376,0
0.3523602358809587,0.5317685599982561,-1.2331587650066078,0.7002631989762611,1.367224364826185,-1.0679342708189064,0.42586360205857265,0.06720549424047698,1.5593716439793712,-0.49761680160291094,-0.5969450713450637,-0.033508225491332935,1
1.1668690352256663,-0.9483406539364868,0.6895704137896946,-1.129501644814893,1.2111186278485275,-0.4250736781255004,-0.15987445291421576,0.5704048391507405,0.26626394028028255,0.7126034757643998,-0.3781242327012136,-0.7318086586567214,0
-0.027898384939835492,-0.4503536650311302,-0.499935852142003,0.8371540014316496,-0.022926822079164765,-1.5129934879887603,-0.7524340542264764,-0.2900568322499715,0.24592947561190484,-1.0626158463416444,-0.751026712787517,0.9498424285224163,1
2.2904868003496666,-0.09823952027973093,-0.9060907926538623,2.0575373274076156,-0.21215161477638275,0.6395130275357706,-0.06014638350718451,0.011520452968007687,1.5020171952076868,2.382106622270881,-0.8300447950672986,1.0551715681779845,0
0.9094861317201087,-0.660231474508196,-1.072003849834896,-0.08879582987901616,-0.022926822079164765,0.3038795892383816,0.9925769646733446,2.3023021488938737,0.20592154373556648,0.330176657145987,0.40325371543411803,-0.686199084327827,0
1.075487511561016,0.11093376763776899,-1.4037092678983591,-0.93051941936523,-0.022926822079164765,1.0333570079702286,-0.7368602403665978,-0.009079462208977724,0.8119122407920123,0.5768262158935988,-0.9641064352443283,-0.2736863208011393,0
-1.1052653101302314,0.1310928577372019,-0.09447300588140628,1.7366415073245254,1.7870421305466682,0.11791558787309242,0.20816842988843917,0.0633164696427563,-0.2807624421601791,0.4595779315320256,0.19123724466638342,0.6574570587853821,1
0.3599588539037953,0.2310583857460176,-0.11382729497460799,0.6366410988912806,0.007109098175894873,1.2956345420168383,-0.011298736679624171,0.5454957064283864,-1.0264609360029309,-0.48632655941202985,0.6013429335438291,0.20393262800552353,0
-0.027898384939835492,-0.12930626051779232,-0.4164329223194999,0.22874210544405096,-0.6305573039538068,0.4286949631493297,-0.10393815064869674,-0.8394611443886408,0.4950747519967274,-1.0626158463416444,-0.45366596585495156,0.03122975488194165,0
-0.027898384939835492,-0.08270546628777585,-0.803302795198471,0.056604108592262045,-0.7668739010960589,0.2432707036993875,-0.6379194998435205,0.027981667527932786,0.4173357208371091,-1.0626158463416444,-0.7513641836905811,0.3167178424833314,0
0.4965908431376035,-0.7362029957937459,-0.9431092889660203,-0.08380911825696616,0.8190762258008112,-0.8908282867520456,-0.8408096971115632,-1.719742804380041,-0.9775176509228712,-0.28331487428251517,-0.1370929340734333,0.39520060143754965,0
2.2904868003496666,-0.31188075477265126,-1.1039813118475492,-0.031642606524664656,-0.3769197770712484,0.9441019011663919,0.6125693254516977,0.7077610199561533,1.536074132590181,2.382106622270881,-0.4909476579122273,-0.49976612593244923,0
-2.292877724178539,0.14324349224549907,0.7304299169866874,-0.9174971766796315,-0.11896673487828527,-1.6950291090774552,0.9748310866933638,0.5753924162450899,-0.8465786089265189,2.224166142599513,1.2471008980120897,-1.0635134244324231,0
-0.2684219014271817,0.37818273612075964,0.8416159486064868,-0.054747258004578095,-0.9779236141342026,-0.8170455450835202,-1.1153555062347005,-0.7946692251836948,0.3787639499142749,-0.7838277419344918,-1.0362721314491246,0.6842286168290984,0
-0.22162951988411003,0.22685781618276943,-0.07801202511263015,-1.205166048221303,-2.0984991548144736,-1.1523986366596135,-0.32277850233025523,0.8827681851690755,-0.8670536456342858,-0.8533531896832365,0.20913959837092835,-0.6965704602058895,1
-0.248322940181415,-0.3981295372101803,-1.4647006154404238,0.5699629692422095,0.3548831396189177,-1.3289582714402697,-0.6726188833410474,-0.6295452227969514,-0.015194905832722108,-0.8136913486545371,-0.5776446031280468,0.6902226652645326,1
-1.6926008830450807,1.7557524290632518,0.11657996340402153,-0.7635638974195803,1.4093756426204744,-0.20508916699808225,0.704700334420231,0.03481945932599037,-0.07229803157419402,1.3322577853685436,0.39741503520176114,-0.8982243526706444,0
-1.0611242998546433,-0.40888997173282865,-0.16550304717879044,1.6895534596640105,0.08196943046912175,-0.7375274129869754,-0.9686238742001565,0.04074091462786663,0.49988361901688794,0.3939919664178689,-0.9897253862441512,1.8085191605524313,0
-0.26688257117502295,1.0780773450259096,-1.4100675744813358,-0.7499617972631484,-2.0984991548144736,-0.2737096281499196,-0.4410106287926975,0.5291297629820298,-0.710087074248298,-0.7861149224857961,-0.0010131372310417813,-0.34703387087403836,1
0.25045917062788614,-0.5071925040838087,1.4700494811826073,0.5222480142142562,-0.9450128212486637,0.0251354235796504,-2.014305542739101,0.03301662961721227,-0.7831871726081345,-0.6490242947494725,-1.2080015660288808,2.6148763935705968,1
-2.283257867513508,0.011096275968410866,-0.07745597740439679,-0.07599146654376408,-0.022926822079164765,0.2064244777514182,0.7121579165747928,1.548924356866729,0.7142218230690445,2.2098726867022234,-0.06702298688041655,-0.5656531832093558,0
-1.1422503906017396,-0.12739017038847286,-0.013587672114890722,-1.0634631623411064,-0.022926822079164765,1.5557589706824266,-0.3632649030159726,1.3615670646367855,-0.41293835243364435,0.5145314131674499,-0.13812372770470946,-0.5879869632091943,0
0.15157561522094243,0.3747263156766143,1.0538367601949776,-0.165211026625942,0.0707599911823089,-0.9329406526049493,-1.130028650305688,-0.1396862205362678,0.916983961778538,-0.7959482861758824,-1.2268651669833308,0.6151983717295509,0
2.1473097668685064,-0.6514380147962414,-1.9336710859508783,1.638592621455129,-0.022926822079164765,0.621919039133073,0.6699321182168733,-0.23140955428636276,-0.1994906300595033,2.1693701247504085,0.4628137595842472,0.2958750631510554,0
0.71042819213322,0.12420615877329992,-1.195711849602826,1.7767492686451238,-0.022926822079164765,1.0240921000203635,-1.1042723886875145,-1.6266281671743958,0.6412510166733143,0.03441072428826582,-1.1226918282514153,2.0652656889562198,1
1.5770761034735594,0.06501132089963459,0.3321478101244088,-0.6430875280024649,-0.1802429601684006,-0.3838879930674726,0.6703716186416848,-2.311559701887055,0.4509250011542647,1.3221007731691614,0.049370968739781376,-0.8263247004051001,0
0.36304651282161476,0.8991621398729035,1.1552873661258998,-0.7876739855525858,-0.022926822079164765,0.9434151707268998,1.2893857805386764,0.7853710095775831,-0.01816302390891795,-0.4817388282114026,0.7581430207381697,-1.100737535873095,1
-0.6542227369493936,0.4264775414225417,1.874376045107913,-0.22715588969276954,-0.022926822079164765,-2.610101765172841,-0.6048073219306318,-1.6921363543996817,1.084712185828478,-0.21059391738911268,-0.9832797371376879,0.10259469918463344,1
0.32698171325755876,-0.7794123451368463,0.609200173962399,-1.3352590508709898,1.3993459170444487,-1.2739983127776708,-0.1482683385023341,2.004685319309533,0.7873453181914865,-0.535324930371039,-0.6096373272529012,-0.8582611739556154,0
0.3657244195623655,0.6532321141999465,1.6903807447674581,0.9077448498042178,1.3276346726532886,-0.42108194786731806,0.9661942903583232,0.7445647098783378,-0.4267163903578627,-0.4777599184179633,0.8534381886526098,-0.21320622615957197,0
-0.027898384939835492,1.1200272220423562,-0.6353657101952488,-2.5411298579174484,-2.0984991548144736,0.33138117736217526,-1.9843611922437079,-0.6657523894569802,0.5897384096117456,-1.0626158463416444,-1.6398021707544197,-0.6486847529166029,1
1.0915259153218515,1.0121969016402124,1.302478542536924,0.677007220575011,-0.022926822079164765,-1.231107107776265,0.8704211655925602,0.027981667527932786,-0.35076134630770056,0.6006565311260225,0.7210894199756814,-0.2757863786003806,1
-0.1568889258627984,1.1550716794888207,0.08984061820104206,-0.31241673498061473,1.0801801538298592,-0.19095631803745217,0.8088440956657297,-0.2344212866885057,0.42849386344795193,-0.9495466006278831,0.14861044156219125,-0.7197176300239753,1
-0.3441243845632791,-0.15009307863540874,0.373575170745708,0.11498236442440392,1.9503209101490986,0.9139493524083326,0.1287506398719971,0.8948419984802809,0.443587793271077,-0.6713468452123572,-0.28425604668789034,-0.17592892252840958,1
-0.5789087580781469,0.5322857831403311,0.3510678685588024,0.8054736340461176,-0.022926822079164765,1.433044725524212,1.1107700941728955,1.1872163085390006,1.7120334215425521,-0.32249756345472375,-0.30465869609956375,-0.3265892932884005,0
0.49499305006506755,-0.08916655247613198,-0.21121397098431643,0.7871577439552451,1.2531143446999573,-0.6542807237681076,-0.8649379168846711,-2.4012750494089135,0.17996761547222206,-0.28568892055061657,-0.7956917663699398,1.0338273460414358,0
0.8130699546491608,-1.5991551203965595,-0.4486207126384981,-0.3422530972671469,0.8058154385191113,-0.09224983994556066,0.4828256017762466,2.2287645434794436,-0.30102423145490065,0.18691876643765562,0.40275944629737725,-0.5980254783075778,0
-0.027898384939835492,-0.012973870613256784,-1.3154103153442867,-0.4197273425397499,0.7987669303069438,-0.3367312213108199,-0.21021071191274426,-1.309782393438553,0.226245933614007,-1.0626158463416444,-0.39056531801929767,-0.28405725969270096,0
-0.027898384939835492,0.28226172745042344,-0.16605482497462584,-0.19523884549142598,0.6758742789236724,0.6758175764432577,-0.59000941354478,0.2835115358264031,0.16579756793855074,-1.0626158463416444,-0.6091057688562513,0.11232437783378114,0
-0.6119087646639035,-0.8447294590595699,0.8971094487180539,-0.9860828765120816,-0.022926822079164765,-0.5917563241893923,1.0129025984868434,0.6023298793154556,-1.548643649169041,-0.27346521763418996,2.1353535763735754,-1.1070549605544582,0
2.2904868003496666,-1.054134447818582,1.8877079942631516,0.31194525126272526,0.5100665346328529,0.6186900501274043,-0.22759953680503367,0.027981667527932786,-0.9577116002253211,2.382106622270881,0.3601659472146948,0.16445682337974302,1
1.4789315497568614,0.10968836153174996,0.7503317868862842,0.24492667916029798,-0.022926822079164765,0.3229281827591536,-0.4306437470292422,-0.1297983933906585,-1.2205047116557577,1.176274811415683,0.411413549782366,0.2731881133233001,0
-0.9937724044992475,-0.0982720536460261,-0.35989395721347134,-0.3574864750647524,-0.21409804397307175,0.2594421599044648,-0.19809262887784593,-0.6367104500146514,0.17215428967599272,0.2939186098822509,-0.3551295118235398,-0.2542484115306717,0
1.8324679704106992,-0.42981309980873594,0.9872269049986482,-0.9335240799832847,2.0946289933074675,1.8043157707494075,1.0446723395789883,-1.309390096540437,0.002352135982644813,1.7015692531790565,0.5770072012718628,-1.0926776412697021,1
0.4342101838302971,-0.5781906722971524,-0.1851404350629541,-0.009938324154403409,-0.022926822079164765,-0.7919173416977014,-0.7194477680691492,-0.5110021881871957,-1.1383140740910087,-0.37600182729024345,0.08758155899900814,0.3403210640628895,1
-0.3846256467572524,-0.031009818198120338,0.9067645853555915,-0.004077401843917693,-0.15124197902483724,1.276890154251685,-0.7236567983547155,0.1260432623038728,-2.082771580312539,-0.6111689210382405,1.068524861833107,0.34789606381890364,0
-0.042229513474106584,-0.919686770657873,-0.4446902424690832,-0.7759804653671482,0.9044006801568067,0.5413203403826998,-1.091573891381194,-1.367800433645574,0.16434088550914092,-1.0839094436160823,-0.937741490637692,0.11284906810516179,0
1.1326262764427624,-0.6655901371284582,-1.3902339821652687,-0.6829184904443977,0.08426169789982721,-0.21339693975100796,-1.2816080943740877,0.027981667527932786,1.6170590301648258,0.6617246134790465,-1.4974016717275267,0.36493955867456307,0
2.2904868003496666,0.5427387145908933,-1.227098569935659,0.3546522605125404,-1.0585444226441905,0.8598372035465874,1.1274671835997578,1.1075794386558153,-1.2961546297280009,2.382106622270881,1.8947147042766068,-0.5371561323498067,0
-0.6943774484603641,-0.9425264292726777,-0.059715261610507823,0.36255790099919943,-0.710001792279112,-1.0813995092945794,-0.19793852687074448,1.891923165153052,2.691717411198372,-0.1509309080496092,-1.233781391113652,0.1737324627656074,0
-1.4649544895529536,-1.32752329304571,0.13922063402685558,0.41288320021190084,2.0946289933074675,0.7750592920761691,1.0534131383747003,0.21429971391851665,1.1472311854744779,0.9940143167953884,-0.08630077133562374,-0.480230959579891,1
1.069075921508624,0.27776784980288693,-0.5994681088082718,0.6686469546124311,-0.022926822079164765,-0.9919841537327597,1.4085068106817957,0.12271333559560939,-1.4932004904532594,0.5672996935309012,2.4341566739293414,-0.5105242412603043,0
-0.027898384939835492,-1.783224476905655,1.1169878968624782,-0.3120032112998677,0.3979970046421606,-0.6084192696330518,0.9973466648515245,-0.735338138538719,0.7240814764059593,-1.0626158463416444,0.09719498418238595,-0.7910843109042776,0
0.2128279702041665,-0.4982865789163663,0.4473081715249173,0.1680263996381103,-0.731605862339791,-1.6094049315597947,-0.4882352958105772,-2.493869904613551,0.14283971704595777,-0.7049377997368939,-0.5312309109755303,0.26910634575529424,0
0.7114100535103983,0.4186879568070194,-1.5283930420292293,0.9453833355662836,0.6814728491943428,-1.1035041216110901,1.3561229403826143,2.585821339494141,-0.9368002562569098,0.035869601772684764,1.656791744204074,-0.3702429871960027,0
0.6134029734507241,0.8875830462192779,0.6488013234799472,-0.1534735356487538,0.2986562728162376,-1.3879183545919627,-0.04144794262086732,-2.1788786133835316,1.1245675816711926,-0.10975209772178841,-0.6836846479271965,-0.22807815156504674,1
2.2904868003496666,0.09636091277290408,-1.2293841457371577,0.22403225017925113,2.0946289933074675,0.42344730738562214,0.8615622560769352,-0.19355999976224497,-0.14920059322252197,2.382106622270881,0.5607234408168457,-0.48614638829549256,0
-1.5956426297952377,-1.1612479009539842,1.2876900741623107,0.3677185532567679,-0.022926822079164765,-1.1216111357950356,2.6934864927318003,0.6394774299639469,0.2024148230173923,1.1881944624977796,1.514336021941666,-1.0245082726829275,0
0.4616490873835831,0.4767257057807687,-0.050370213952630645,-0.08140660909603424,-2.04222958361945,0.8442837367183934,-0.8634846801463013,1.2177315754301408,1.2799743478145735,-0.3352323260943955,-1.1874496212883703,0.41734949542964206,1
0.03780648227479385,-0.16227478666270298,0.39549741916140474,-0.3247195464529753,-0.4581802877076301,-0.10575755741755774,-0.4291644537747804,0.792740380330654,0.6911420212985822,-0.9649896909350427,-0.7364421187879607,-0.08657737154209509,1
0.1429731769115501,0.034970030302433175,0.6250854890620094,0.437211707337614,-0.9116400732665507,-1.5850139495447348,0.10320552322627607,0.0271040585510272,0.9481859159887475,-0.8087300330215933,-0.5313401130849367,0.017451039451302674,1
2.2904868003496666,-1.8976492983942042,2.6791991612090658,1.3085465511433143,-0.18511679322323488,-0.7702622886606112,1.1287686993293904,0.7211686027481472,0.2936622218216815,2.382106622270881,0.4340701051426595,-0.10787273309363116,1
-0.6242398109052371,-1.3652455407098971,-0.5211307010406251,0.7042720256349596,-0.17380372715515938,0.661750092249225,0.0003103432801656615,-0.2240726237546354,0.4645857288800722,-0.25514339936234076,-0.3745625636862899,0.2344275279600856,0
0.5836279995485388,0.5199316327432302,1.9826094157247711,2.5490151593111063,-1.6405700003833643,-1.2614039094210245,-1.1852948940528634,-0.09855170820598422,0.7933465570057654,-0.15399259850397473,-1.2205563705941251,2.7907926006582895,1
-1.4951066503876573,2.5156631681133277,0.5844028789750565,-0.6301896369767843,1.2731147972775958,-1.6148801950499907,0.3958694163451962,0.2821988952806937,-0.7326754505212435,1.0388152526207064,0.6767743429688728,-0.7083737006494929,1
0.749027076838507,0.3824479478267501,0.2508544136399435,0.25539132897974176,0.3974501064161542,0.10488083401300682,-1.4209206601220468,0.0769602528149696,-1.3376710246035728,0.09176204202931812,-0.389054555742459,1.303665603379696,0
0.07793270277595601,2.0574711187074053,-0.900634007832646,1.2123708170864094,0.7847854930291976,-1.7040150183006257,0.8770528079752093,1.022350225364219,0.802592678486492,-0.9053690143460515,-0.015391741212412168,-0.026085373964736668,0
0.5763630609265934,1.7123256273225058,-0.709577792071273,0.6151444728203829,-0.022926822079164765,-0.4535588433199434,0.6922914485555584,-0.4482265367071513,-0.07703821540789652,-0.16478705037629435,0.39214686082926076,-0.2186846884756461,0
0.009830641046530772,-0.5515569729402942,-0.0893188729616476,0.22833574521661046,1.384742961229119,1.782552083707542,-0.5030222251289643,1.229973981605613,-0.9111149392796032,-1.0065569893584496,0.09497272780153869,0.3194044163297791,1
-1.4519565128917025,-1.8546220770924837,-1.2351727400085868,-0.4504923543445283,2.0946289933074675,1.8882052829239817,0.340607125695398,-1.4400735143110677,-1.0425490614043198,0.9747015543883417,0.9153900396334095,-0.5897559170492667,1
0.25977859317520224,-0.9207492728346177,1.1769272261738366,0.5002951066885065,-0.022926822079164765,-0.36284016821572435,0.16809130536485528,0.1977893880317054,0.674449452064441,-0.6351772323860089,-0.37209288683730884,0.01218309861236926,0
-1.0116078751301283,-0.0762813209393805,-0.20395937278529444,-0.21570579679958587,-0.022926822079164765,-0.2956799046554438,1.2230467811953614,0.027981667527932786,-0.4912870237097076,0.3204190580434573,1.1008856468135668,-0.8277478079939823,0
2.0766910311543314,2.5156631681133277,-0.35985932817949945,1.309849993942537,0.8633949803225429,0.368538987273911,2.222915215492098,1.778665466170096,1.598753859361196,2.064442804146757,0.316349253156408,-0.5471321317735505,0
-0.027898384939835492,-1.0724854590972643,0.3273820732420452,0.09769183802754602,-0.09119906262943467,-0.16347506094860728,-0.8200084584292229,0.5007877586146368,-0.9758562603911002,-1.0626158463416444,-0.12085400516882382,0.5035851295529332,0
-0.5347448163613561,-0.3060397750365971,0.14452256994477963,0.6191563641370409,-0.2147874720790768,-2.404869424072347,-1.412034274179711,-0.3388684503890742,1.5259014298335762,-0.3881176007546628,-1.5437867042057818,1.59699823370651,1
-0.1799340600602588,-0.29930706665870105,2.6791991612090658,-0.6257070829536217,0.5951463435237119,-0.674688331510706,-0.5081204155705226,-0.48011093591896714,-1.218261789677488,-0.9153054865688879,0.34049055918765014,-0.2252388826539139,0
0.15297542575577522,0.632096865325283,-0.3322793221599626,0.35440444379464325,0.7927809364146575,-0.5349571272739351,-0.03337304556850976,-0.8312539049212524,-0.44641267055244704,-0.7938684079780165,0.1278837459283015,0.05763664469411675,1
-0.027898384939835492,0.3722989484487914,0.07125359444550566,-1.0953588507240672,0.1342045342215069,1.402138866493572,-1.3086912290295667,1.186649115638326,-0.48831184964419905,-1.0626158463416444,-0.7985336327186515,0.057955931851320225,0
0.2767682787137931,0.7811533848119195,0.4250127917023697,-0.12040667883862337,-0.022926822079164765,0.13376384120929213,-0.3609595419256534,-0.5232493898781153,-2.0084954436227385,-0.6099334757053704,1.3740682891868106,-0.005675271381316274,0
-1.869776242128608,1.2518619105097475,0.5837360487550438,-1.4549340384043474,-2.0984991548144736,0.36144824111615664,0.595293894444389,0.5065663472290002,0.455657030671448,1.595509959421453,-2.2846935531505268e-06,-1.2023807061699485,0
-0.13058318927579066,-0.8185737474078002,-0.5075396869407557,-1.2294748382099943,0.9291297186747823,2.6507546237770265,0.8871966786308394,-1.6315499051712052,0.7661305249632786,-0.9886324102032893,0.00957267349038137,-1.1823524967396963,0
-0.3044066981590479,-1.6239565898638422,-0.22839302808631773,-1.3791196461996396,-1.4405744923522001,1.4650796598557831,-1.0155288812786885,0.3575475025916795,-0.2982321711812358,-0.7303605102521796,-0.6775077072134713,-0.3988714348221917,0
-2.292877724178539,-1.5429284524841458,2.295525550820387,0.3926078446381437,1.3291631740519656,0.007585798683682422,-1.0500788794936549,-0.0763862990228213,-1.2953712722759294,2.224166142599513,-0.08230870231703541,0.9509270214830026,1
-0.027898384939835492,0.9943451470060131,-0.7239786030944334,-0.5048371115958101,-0.22976280011378808,-0.3129081811275713,0.1156240004906227,0.9135738825823702,-0.6225515116904504,-1.0626158463416444,0.3685204201522834,-0.5109870947687696,1
-0.034782197526796156,-0.3538478697775965,1.0666443748619223,0.951124771155952,-0.19960398233181195,-1.2594975010443028,-1.3082059513484106,-0.8697601905483202,1.7757108421624164,-1.0728440103406567,-1.547171098102343,1.718043004058477,0
1.026255584798002,-0.08324974683318646,-0.06328157061418693,-0.004357691743057527,-0.022926822079164765,-0.4297750836442186,-0.19201716125775964,-0.3269217999576332,2.1094726411669678,0.5036760226600858,-1.0823190177731865,-0.04825443367014726,1
1.0946557228678166,0.18249854501208537,-0.7756985615615376,0.08555992821445116,1.2548631193478703,-1.393304615225767,0.22426049374099624,0.6901686417036635,-0.9463068016437002,0.605306887953882,0.7264717711003088,-0.2455399511055342,1
-0.32040753153444856,-1.1226558246194964,0.08449725022261145,-1.1586533217681305,0.15206275603198596,-0.13560568284970237,0.46340685377054686,-0.8336433988633924,1.5544826968123044,-0.7065860181641079,-0.5756137050153528,-1.0080364643703401,1
-0.027898384939835492,1.361366443414402,-1.1082844668453047,-0.45284692135088983,-2.0984991548144736,0.6714757262810781,0.12084136777608195,0.8142305676243115,0.9892629370296524,-1.0626158463416444,-0.5384606971720294,-0.48489382011054943,0
-0.027898384939835492,-0.5796301538773083,1.4620831501254177,-0.4412981964760949,-0.701395221561966,1.7677112893206945,1.0118710812003806,0.1810014714458578,0.041387617592133,-1.0626158463416444,0.5272913256868655,-0.8559177061606613,1
-0.3163472356554892,-0.07881107612914598,-0.1739657333138208,-0.692868400659269,-0.813871189498598,-0.1891170988267411,0.4943730301966046,-0.5516896556105657,0.7074168373664428,-0.7126189209501562,-0.19316175432017027,-0.781817967238668,1
1.5111616755997879,2.5156631681133277,2.6791991612090658,0.7781203579041235,-0.5988417615943765,-0.06839022644005059,-1.3121309048029952,-0.13676722913935419,-1.305502489666181,1.2241632465910801,-0.31277340046921515,1.5832547130441526,1
0.11855010758923716,0.5316069172242901,0.18644706181851645,-0.760095168699971,-0.1713735506697476,-1.2704274186930662,-0.0730223129601129,-0.3626870309567441,-0.181713667857385,-0.8450185221738163,-0.07196480127181631,-0.5595780394092007,0
2.1288103671825755,0.5386735374720473,0.41945782760580963,-1.2242542197967665,-0.4657621810260276,-0.8131466817223364,-0.08494009628543775,0.11825263791333426,-1.380363790162304,2.1418831919670573,0.881591831939506,-0.8220975290425024,0
1.0617785437182718,0.6259041738413237,0.8243827742593085,-0.1141068917694463,-1.214755397389653,1.0300520072746582,0.5881799794219319,0.8825301876852405,0.09351024859903778,0.5564570426220353,0.20924798744753648,-0.5298782523570802,0
2.0504538796741283,1.3284551030931666,-1.296275613226273,-0.6434672164044399,0.5603592999881846,-0.27199068576043195,-0.22033009957602095,-0.43424430938202163,0.9398785579256066,2.025458900268437,-0.7130682139069996,-0.4117528864887918,0
0.7432015298933884,0.1877606093660445,0.5705403584186377,0.8196445467088262,-0.31015527598115733,-0.7363492232965765,0.9341192329320339,0.027981667527932786,1.0036753408464698,0.08310627913834659,-0.08370019775243169,-0.2389692233857804,0
0.4750534550086204,-1.8663171872205526,-0.5950805847597606,0.35908859430493845,-1.6141476464136166,2.0771228852859247,1.3667408065504105,-0.20311827213576344,-2.3496791027620394,-0.3153157364661961,4.088567985701649,-0.6278427203811004,0
-1.5082762339439557,1.3946246990520794,0.27205302828071876,-0.9739730578347384,-0.022926822079164765,-0.369601872106379,-2.4943794067440206,-0.2433542611618882,-0.6884033327073292,1.058382993419993,-1.6239541502488075,2.0123166340764387,1
0.7365622552502782,0.8723079290519333,-0.22399515967511022,1.3835744487600774,-0.022926822079164765,-0.11442298197630066,0.7913026683357275,0.014915534343263877,-1.1815912276602312,0.07324145655255386,1.4536796722955572,0.10153979620114785,0
0.7643299983788542,-0.5619296061904905,1.392552628071573,1.2721665929610932,-0.022926822079164765,0.6602355044479515,-0.6097025693217912,1.9184313549855194,-1.583346712410632,0.11449955691680479,0.5941092365877843,1.095781087686523,1
-0.11044149016449427,0.1530994351636116,-0.6193226811060654,0.8631030347075681,0.7599260843506681,-1.1382481361158039,2.0292068528301477,-0.36592637651207277,0.34657155350414276,-1.0185595180561855,0.9715367074508258,-0.6531401607393336,0
-0.2625664627810566,0.22345055895193502,0.22316709360006562,-0.2486415509670708,0.27205240511074535,0.3488957582675322,0.4897617794355655,-0.1621770828131568,-0.1422036514652363,-0.792527918762688,0.29644187199429484,-0.5533616271440047,0
-0.027898384939835492,0.8494872027233117,-0.19780168269449216,0.5523918557697847,0.8005612135256492,0.6139687522310336,-1.0180156863640728,-1.1003035242430714,0.4386822921331494,-1.0626158463416444,-0.9975431350346928,1.033690306356073,1
0.19905246571077415,0.37095765047450335,-0.9456149123760521,0.7070261878975839,0.5997960714000257,-1.1275028688328295,2.0040070634488782,0.2096966349923951,2.4341581403333103,-0.7254058350512826,-0.15976344895452374,-0.7054659879966413,1
0.6313633506645722,0.7819928990419515,-0.3740474896577539,-0.15083592270297133,-0.022926822079164765,-1.4704941448215167,1.4584588339795368,0.4196487872073803,1.6559457274832081,-0.08306605981667091,-0.10368647324530109,-0.8780721400130338,1
1.0342209428051696,-1.2251664191982334,1.3117033121361732,-0.22379540395388983,-0.879975661533015,-0.6227068613478155,-0.293795727392813,-1.4957930463443183,0.0680742919595962,0.515511177522157,-0.364462840635227,-0.11402125580506305,1
-0.4528098349452045,0.24269087496351482,-1.2497208194847087,0.3416644560066838,-0.022926822079164765,-0.12142947698187263,0.7172169559122871,0.027981667527932786,1.2915378715085435,-0.5098589202042705,-0.3355880893271435,-0.3643645126473377,1
-1.4805169925752435,-0.059326863969308995,0.6389089542412515,-0.6143573457316894,-0.022926822079164765,-1.4181204315254843,-1.1784944133987434,1.258643932645177,1.366459288229162,1.0171375252116974,-1.3811469270399908,0.31706129909172004,0
0.1312572997270418,-0.27681304608864976,0.2937774580063167,0.05202765105949945,-0.022926822079164765,-1.011195567478976,-1.0304891982382354,-0.298768777548837,0.3774374467608498,-0.8261378156597233,-0.9822191913041047,0.6758551795912741,0
-0.8167557335819029,-0.6589400243456107,-0.5422998285087081,2.1102620682455533,-0.8125257406416275,-0.3093534098210634,0.2679570680362401,0.5271428717114557,0.031187122861319493,0.030902219207798422,0.03336201222580585,0.8130706171958166,1
-1.2862760416744052,1.5272734304750277,0.6874401504112692,0.01284866541406804,-2.0984991548144736,0.4494344379368358,-0.25026414721492385,-0.6808769824366404,-0.8531748057681715,0.728528810776168,0.25741321274792717,0.00047963915752830227,0
2.2904868003496666,0.651230845584849,0.6780653029669095,1.1507573418522854,1.125064364797019,-0.5565776883914785,-2.345245862182515,-0.4269252684021975,-0.8865918220686743,2.382106622270881,-1.4335615343890513,4.273508636147834,0
-1.1496067721103513,0.46782519011546014,0.644099690854831,-0.8352713002272727,0.21481831959016365,-0.8654545113262098,0.7183623622532123,0.027981667527932786,-0.2568220111762293,0.525461733474529,0.5391473384438106,-0.9381406940101088,1
-1.6006449409443322,-1.5730059305011856,-0.18693954986537473,-0.4958730971650675,1.1064864814412403,-1.0083616231886798,0.30293218290520674,-0.5938805614446762,-0.42437630686796535,1.1956270382921788,0.3613450224236318,-0.5963442733412981,0
1.4327577160828047,0.21529646994977902,0.10228275635070415,-0.737705313755633,-0.38465258850064443,0.8473409976619959,1.2482941543528703,0.6602678690064591,0.10515036643957167,1.1076684196356477,0.6402499126372996,-1.0665992962315087,0
-0.009852157996267907,0.6111076451370994,0.3680315806704134,1.295540489088308,-0.38819742035511956,0.044539184178464704,-0.4032269408140629,-0.13966959686571476,0.41875791457975736,-1.0358022504730073,-0.6049513128864197,0.9092703335853032,0
-1.0150933775766384,-0.31201589959736165,-0.36734631668416085,-1.2556694120790846,-0.6523805077799728,-1.1449562246743477,0.9995066967474593,-0.4271965830128006,-0.5194076906162256,0.32559791644372715,0.9578472350665878,-1.2273470952101622,0
0.9646419051581199,0.3710063637717927,0.7458240567795386,0.4284289903322811,-1.1484150893493241,0.2074317625258099,-0.4962933459852099,0.8113358737898689,1.2311921576445652,0.41212866979736773,-0.9723525664762289,0.44221043610851474,1
1.3671582277488723,2.5156631681133277,-0.276315759279206,-0.5830878261432486,-0.022926822079164765,0.04477853081630396,-0.42203272317971574,-0.15286230573783716,-1.9795846070389251,1.0101988391590264,1.265515427375721,-0.2537742646045789,0
-1.1199505024783993,-0.8766342114339228,-1.0834490934617582,0.3942379377180946,-0.022926822079164765,0.19515802309961744,1.1664241848159878,0.027981667527932786,-0.27646809205429823,0.4813976068640665,0.8748173714557059,-0.5350654712220367,0
-2.292877724178539,-0.17624755082510113,0.8069927923538641,0.5215363226097385,-0.022926822079164765,-0.044895466897846896,-0.2745176877638031,-0.5225029674638287,0.39513505753016825,2.224166142599513,-0.5133814746296363,0.32494371698871327,0
-1.4939242313335062,-0.19736759302710122,0.29022810191752413,0.07373979658741249,-0.2805174305025981,-0.279055571925904,-1.8403377484770338,2.145812157031681,0.6268861035218222,1.037058380851082,-1.5621596521250554,1.8021388650129577,0
-0.027898384939835492,0.5730303638713511,-1.0677924823952187,-0.014281385230916589,-0.9858962128964784,-1.3443952316785266,0.3538779815377511,1.711111723168723,1.3287703848656267,-1.0626158463416444,-0.5468891716277342,-0.36693086581617274,0
1.4249846301232072,-0.002368648424867294,-0.18709749103862064,-0.8172554441652109,-1.1020317508069315,-1.0599610122346332,-0.4449358312981861,1.1678713890820192,1.9094325679761825,1.0961189480355957,-1.150301970527402,-0.38715549592285387,0
-0.027898384939835492,0.129525150091985,0.8948024907590438,0.5450735036492705,0.43264246506651516,0.5998183085925872,1.7307265161019354,0.027981667527932786,-1.2176220559990654,-1.0626158463416444,2.331039634160195,-0.6793452968741175,0
0.2878419400098373,0.594811030099704,1.10979372184602,0.24554658422593456,0.1152702375481989,0.6126343640986639,-0.636186754331976,-0.7927916601302308,0.053851298222013066,-0.5934799156505838,-0.5866086288436978,0.4408659316114552,0
-0.01736063840575639,-0.2877381390245657,-0.7465859088923261,1.1246706523993817,0.2443817079786236,1.661211279813533,0.0022963808131236502,0.027981667527932786,-1.0320500757569342,-1.0469585636412493,0.6179200274686578,0.47150234319859424,0
-0.4496488008544857,0.1589772962397904,0.6814752196447554,-0.9347184473872749,-0.5572100518183786,1.8006361631733634,0.11268962315103716,0.027981667527932786,1.632160252348861,-0.5145556743180566,-0.7846046428033653,-0.7473004676101881,0
1.210141089361792,0.11469979546457826,-0.03450336378075905,-1.4085503560520143,-0.5012550136640106,-0.2866534637191362,-0.15388217442963353,-1.1787182033558616,-0.4475127792290798,0.7768983211988596,0.039145020711283195,-0.898845990705854,0
-0.027898384939835492,1.759838074046035,-0.19048038396270675,-2.5411298579174484,0.5273070795185291,0.33652269228784026,-0.6832724648901246,0.20033743955335592,1.5097327940236527,-1.0626158463416444,-1.1587154699289324,-1.3940800949240113,0
-0.027898384939835492,0.41637804580227694,0.6465588190991006,0.2031713310884371,-0.31003479400820655,-1.5703438542999588,-0.09217422793701498,-0.22275595976275997,0.16696843181895973,-1.0626158463416444,-0.28294728143955544,0.008723013393608882,0
-0.027898384939835492,0.1664461818422906,0.8941836922104027,-2.039532328471899,-0.2752208328214885,0.010271557146200275,-1.6626201386262713,0.6575075345307899,0.18226479887521396,-1.0626158463416444,-1.3186511521653597,-0.43950019574723825,0
0.6460272333330916,1.290133649210181,0.19631587246007878,-1.1272013258112463,-1.5812756470514013,0.6332022302400422,0.30075885116910844,-0.8081140623656107,-1.4774641430595958,-0.06127804701109415,1.3547853044756575,-0.9304345749201897,1
2.216244047267742,2.5156631681133277,-1.0693816750966902,-0.2944457727827649,2.041897095641405,0.7394233470036854,-1.5016066461106665,0.11173345795821685,1.324378711060201,2.271794633868047,-1.5439946171888534,0.9420212320605371,0
0.5454217035140493,0.7689982841076428,0.7579476752416736,1.4443786019694558,-0.551903918006373,0.4254703896994282,0.3231382844404643,-0.5910660667868362,2.068963656575517,-0.2107605968622947,-0.8224909236075247,0.4192623445670074,0
0.9420013122553933,-0.9349306260018675,0.9463559541358103,1.705148382216944,-0.8325109964957428,1.471371129603087,0.9442319334916662,-1.830449597833364,-0.3745880615986182,0.37848863466878213,0.7941532084496936,0.16913242365063774,0
1.0391559117362779,-0.1750627720659891,-0.8449528293372216,-0.3280175244843806,-0.022926822079164765,0.8767577697404876,-0.9013324876193212,-0.5815071626352823,-0.703556361347342,0.5228436943389303,-0.3672561109476172,0.2755938201872249,0
0.4969354439320234,0.49677554105260624,0.26943700528337705,0.519197581827181,0.9534594048932701,0.44985291133027194,0.363457566859614,0.2528615986467948,0.5486357636747426,-0.28280285664766663,-0.19241904039245825,-0.09237852964857945,0
-0.568854331600614,0.007057236517461447,0.8598340940143815,0.9052265210230559,0.02129064713744408,1.819323166021135,-0.9686194486828591,0.027981667527932786,2.226615971879094,-0.3374367155058723,-1.4808443906793063,1.2359906029802996,0
-0.3790209743310427,0.27150813102364857,-0.9607506964141621,-2.13683956427117,-0.022926822079164765,-1.2384373118442191,0.4129247780051177,-0.9256820846128239,0.2878118626382874,-0.619496502303977,-0.021396151031532997,-1.4965555192463482,0
-0.027898384939835492,-0.21392183921930155,-0.5935509615458455,-0.053509858286470036,-0.022926822079164765,-0.21519960461664264,0.08304310538460365,-0.3905093946130997,-1.13410798991185,-1.0626158463416444,0.7829604173634696,-0.2432184700026736,0
-0.8524508222257489,-0.3937037260059032,1.5245730794070842,0.1833575615745929,0.3145670014162154,-1.814128460062751,0.1389278629598009,-0.2315946055110511,0.5111392282211561,0.08393899439544601,-0.3115254834666322,-0.1441631904334134,0
-0.027898384939835492,1.7037192302553374,1.044342071542934,-0.4696741474028335,-0.022926822079164765,-1.1039256732593368,0.98638098537422,0.5512488296952819,-0.7834743346840604,-1.0626158463416444,1.1933433784212082,-0.8599987262213465,0
-1.9962194020190902,-1.5065091839876863,0.5600422578722111,1.3622973994827563,-0.5364745335976371,-0.7688351387020226,-0.5357560252616935,-0.7815928027079012,-1.166537708365941,1.7833827929095265,0.27145746838720075,1.0795750492756087,0
-0.3575170404321832,0.21607447240956748,0.06318491754669005,-0.5545258498263308,2.072422882340421,1.4864979937674674,-0.6631338795643119,0.332439160735285,0.4097764777781141,-0.6514476572436209,-0.7640010301378155,-0.0714639898007072,1
1.377846052688992,-0.023380477489941,0.22085011625934975,0.2518282086760838,0.4695843982819966,1.534096240572726,0.299171814617965,0.627430833579068,0.6704780392235702,1.0260791126120459,-0.29169913409867054,-0.19760229425403644,0
-0.027898384939835492,0.92700211187138,1.2563072509021858,0.17010197418286613,-2.0984991548144736,-0.8923005981584768,-0.9604609134226477,0.011013966428231544,-0.9538005299639767,-1.0626158463416444,-0.25351821233196975,0.6910839536498357,0
-0.13503517780243404,-0.7318090797576313,-0.21952400036122932,0.23927733298630488,0.00933225619777823,0.16331517803247417,-1.0647720065739488,1.472991854263741,1.9063103907280825,-0.9820175193710661,-1.4554594031691352,0.8522743812110343,0
2.2904868003496666,0.6826424189785973,-0.941053090072805,0.25458324137194244,0.011852960727100292,-1.0693510870763148,0.4263539004364586,1.1939169319658811,0.42605834975613033,2.382106622270881,-0.08924666806486004,-0.26412656861878003,1
-0.027898384939835492,0.29621329886376174,0.9215971858677544,0.2584786243413555,-0.022926822079164765,0.02992235978198037,1.9656022403005968,1.046343337219497,-0.10275885496306837,-1.0626158463416444,1.2905255980884287,-0.8683692659890467,0
0.6413854371194205,-0.32131071387287485,-0.045626479743689025,0.459386983055248,1.8882106979241604,0.4157207499537765,-0.1095098317220801,1.2868261458768975,1.4698082758931796,-0.06817495948854206,-0.8450363141706534,0.16914524340372528,1
-0.8698413373665763,-1.169514972328588,-0.644702385646572,-0.8517574859538227,-0.022926822079164765,1.207619590674489,-0.9809502940326243,0.8456942696924847,1.711249871452,0.10977831506850062,-1.3665332208361312,-0.03663563070039486,0
0.25010087401817116,0.42520583672092566,1.076436302479298,-0.47399160180851846,-0.6832494019061771,0.4099912917286659,0.7722037567485979,-1.5869184150749587,-0.33609266448776637,-0.6495566620151643,0.6381906650527391,-0.7830668815094541,1
0.5641264817350612,0.4650582958723388,1.1524407505727363,0.25911805312496844,-0.644171219488717,0.06958894204019743,0.4988842774035672,0.027981667527932786,0.67501590584052,-0.18296850682601887,-0.17431925107080026,-0.2989936393278167,1
0.1965088932670404,0.5723390498336248,1.2708757696513666,-0.48915342422501107,-0.43254098175670763,0.12662948892553064,0.4632461293184233,-0.6986890821812105,-0.5525623815055889,-0.7291851471358615,0.5797571191204713,-0.6646138495907163,0
0.7634555700505901,-0.3881554129780809,0.9551481491769136,-0.5760534140761752,1.2548462088668337,-0.33757080709696863,0.3096561446059576,-1.8335836834844947,0.29667011732230714,0.1132003065037693,-0.09254513191010624,-0.6419282138471109,0
1.0365209752642628,0.4963647551313904,0.7829437999724538,0.07066776891969125,0.27717396174554626,-1.0676380598103914,-1.6064772284225097,-0.3527372867860414,-2.3277029743596604,0.5189286309896174,0.3350652925247983,1.4115306455078525,0
-0.027898384939835492,-0.03140244137063928,0.7668245259794892,0.23996642048202835,-0.48134273114843823,0.8255531289249173,0.2289211431071278,-1.2295080862144459,0.10121849697207806,-1.0626158463416444,-0.034345016668052515,-0.1648471984683268,1
-1.89413601667472,-0.5543811188302844,0.3699846732889242,-1.3869642827633821,-1.1091759610610512,0.02122630566444679,1.053820137801477,-0.6353423348004525,-0.9081586489797561,1.6317044033998596,1.3754829605985457,-1.3026284054864692,0
1.1889289646891066,0.18490315880135355,0.4297854692121589,-2.103166937238692,-0.21707202541675316,0.4231934109272679,0.7128971341390977,2.465109098189002,-0.1830740861046653,0.7453807446845474,0.48122617249451216,-1.5543916420617483,0
-1.4651700000176722,-1.6916856079934086,2.212947224205799,0.10023370402020071,-0.022926822079164765,-0.5088145222007054,0.7776250933873695,-0.8968408265118998,1.2663845269870921,0.9943345283567577,-0.2919654903552726,-0.5086960249864376,0
0.6201833126161119,-0.822542805627371,-1.7713469906706325,-1.2790451939452885,1.2224908903946443,-1.3865659547188323,2.7020033474247196,0.49046008520691453,0.38249511739855524,-0.0996776774675422,1.3692955939685065,-1.6030951081484799,0
0.6486129243293978,1.2045017536105793,-0.7538725964987362,-0.8829274136129439,1.3658529409400195,2.3041146582107705,-0.024938314446596773,-1.1151276012663716,1.003996866173645,-0.057436153986422905,-0.6271584247107915,-0.6540289717137164,1
-0.6173577051124731,-0.22713726022038075,-0.7777863085350121,-0.18924015611032616,-0.8473213358550622,-1.612993445860966,-0.7036831264552951,0.9811385479415095,-0.6227711430434127,-0.2653690273581226,-0.2634902157717344,0.20558865148609773,0
-0.027898384939835492,0.791548693082637,1.2158131432526913,1.056617878939021,-0.9396092789311624,-0.8739561961320772,-0.44307421966962723,-0.9564200987428039,1.069938384328229,-1.0626158463416444,-0.8876323840963647,0.7956290918646168,1
-1.1923559036625668,-0.27646056402618385,1.639044742786642,-1.7658354215766465,-0.022926822079164765,0.3309482303210748,-2.408149565569085,2.400534930938643,0.6859207431411005,0.5889796057012705,-1.9168818767578557,0.79477163762821,1
0.07740755986325085,0.12026912269504822,-0.970445234191429,0.5551876991905373,0.7724151990500886,2.3525698878437122,-0.9440301762624173,0.34524398613619545,-0.21526042324437294,-0.906149286581272,-0.6675710416625021,0.95355621351989,0
-2.292877724178539,-0.3983366690374532,0.3401097516806633,-1.0095190635780404,-1.5033192809614901,0.3599641381074125,-1.597203102655699,0.4780936263361235,-0.6557916735091446,2.224166142599513,-0.9371982492444045,0.42907577067146213,0
2.2904868003496666,-2.4815741025203453,0.05760123299983756,0.6700592407331412,-0.8216612057662329,-0.1841090099051193,-0.42143838088947894,-0.02941114645356831,1.3949839956036947,2.382106622270881,-0.9854677310324549,0.5332256926268545,0
0.09139508474345286,0.35531830481387133,-1.1582763970334111,0.5767308803265937,-0.022926822079164765,-0.7290408765882826,-1.18935853972649,-0.26800258084406103,2.225607660713259,-0.885366225362266,-1.5848646210557074,1.257734084656804,1
0.915611710276763,1.091819975175918,-0.9667697435350104,0.32565147826777013,-0.6338767534167228,1.234493593652924,1.3386203510741053,-0.525258871470484,0.3142760790094715,0.3392782155156861,0.5547169487232118,-0.6318646530262385,0
-0.027898384939835492,-0.057719360201630675,-0.4063565438465616,0.3181173495227614,-0.022926822079164765,-1.332825547419763,-0.5913933094200862,0.5762372717051701,0.6972276582020117,-1.0626158463416444,-0.8356452298919488,0.450509541448366,0
0.9605934283819262,1.207562601254729,0.6665456465402457,-0.9177014932529528,0.9033346244555727,1.130954439354217,0.06375958184713713,-0.6817720275319148,-1.2827472512726332,0.406113328169454,0.915243401854029,-0.7155871234513942,0
-0.027898384939835492,0.43538001850935615,-0.9342481062589054,0.808857599639133,0.2738449673716192,0.7652909273606712,0.1679299202307369,0.19395302938469,-0.8862123183613727,-1.0626158463416444,0.6262444118050441,0.18087426266531484,1
2.268233287343955,0.9253316370481375,-1.4312258884692735,-0.7781458144726963,-0.6239196586696758,-0.6857808320831449,0.308287175229007,-0.31833773784242647,1.0461230718120367,2.349041721432686,-0.4564342757357312,-0.7484021679590828,0
1.4040894483029178,1.7854387167040264,0.7143910944661329,-0.33718578625945617,1.2517113781107743,1.9901965438795581,0.5709124706498602,-0.45607911707964705,-2.5164870797279293,1.065072294201364,3.487043979991789,-0.6339968103354573,0
-0.5408215126174165,-0.3326835811661888,0.16336186161332558,-0.7824444589996203,0.4230513694209443,-0.3289769568520636,-0.3078529163758352,-0.3689524260815779,-0.5133310019423999,-0.3790886730937181,-0.03225599739813417,-0.4460071996908226,1
-0.3262712170818327,0.010712334453962996,-0.6781905153922545,0.09032759013314887,-0.022926822079164765,-2.028176470787094,0.0420345669520654,-1.3389581785385174,1.6957340906616578,-0.6978735878561,-0.8419711193855653,-0.13897655925879202,0
-1.6805521697252426,-0.6268678795930964,0.2605779820542395,-1.985863683579587,1.0707095007976826,-1.7313287671337558,-0.3258589266107903,0.7547725940205315,1.9236234337815743,1.3143554653597422,-1.0955442295007412,-1.1738802898700573,1
-0.025384985739061137,-0.11327457009920727,-0.09831586678571233,-0.443482210440482,-0.40471353656413583,-0.5763468340484125,0.342482276171452,1.427347351859423,0.025316691997651398,-1.0588813665173098,0.08716973066398448,-0.5869312016118192,0
-0.06648148456487828,-0.48621888141674696,-0.5042960925146733,-0.11740716680812895,-0.022926822079164765,-2.9289412714261047,-0.8154395666261638,0.37733379620869834,0.5834988907222957,-1.0838765412886386,-0.9271832068066066,0.34917038726244215,0
-0.6363100989118391,1.0955913468271725,0.9256201901871102,-1.750463013141387,-2.0984991548144736,0.7579632843528793,-0.3813706950565567,-0.782976805717652,-0.8479780966174532,-0.2372090230719857,0.14685150245858947,-1.0054254270717267,1
-0.12749587068539406,-0.2878508204285753,-0.3270950836437713,-0.12800874893602354,-0.022926822079164765,0.011828849551556254,-0.5161140814395692,-1.4079431033308962,1.7991940938365587,-0.9932196357357783,-1.155254778214475,0.10045701805349341,0
-1.0351856051111685,-1.1787709585991615,0.6350276587172249,-0.12566769630363853,-0.15411540482571168,-1.3641385314483871,-0.20172043064610876,-1.927315844081118,-1.244410816577799,0.35545151802461733,0.6379622287440775,-0.11412224183726823,1
-1.2024250365288167,1.964606911888029,-1.358763787833778,1.6219595638891031,-2.0984991548144736,-0.3834630702826684,0.37777147591053345,-0.02477247598290002,0.03145260486801361,0.603940608921917,0.10716487575113492,0.4753694915779288,0
-0.35578847737363245,0.6612742957561663,0.30849437192452284,-0.818179078721879,-0.7295451588984598,0.6030063910959974,-0.8654684970879712,-1.1386250214418714,-0.5952623304873423,-0.654016005266195,-0.4046920517734869,-0.10274375824447583,0
0.22200908658375207,-1.5204207784744346,-0.8637055470650536,1.2613346015765865,0.4458889675758264,-1.3796570773086982,-0.23751960523219082,-0.47305464774757533,1.7563274208490773,-0.6912962366004577,-1.0027161256319748,0.7413368532866734,0
2.2904868003496666,-1.0919045990383307,-1.839610713893629,0.057892845170773366,-0.022926822079164765,-1.3801992093897424,-0.7636214144125113,-2.554563136600393,0.23122011327723999,2.382106622270881,-0.7518786552978046,0.42505639031775627,0
0.4821010882926807,-0.8883854539350399,-0.8731822178328633,-1.1849585867072756,-0.022926822079164765,-0.07871894784974716,-2.065984621088946,0.09268731605905946,0.08959022908907967,-0.3048441630287077,-1.5559711212403098,0.8916435587581805,1
-0.027898384939835492,-0.0937025436925565,-0.251741897923352,0.29062365791903894,0.2793569371855295,-1.303315197548124,1.2921842920327418,0.7437932506585634,-0.6336942533144745,-1.0626158463416444,1.2871376674796304,-0.6297610294883695,0
-0.027898384939835492,-1.0136992201960058,-0.690068070174452,2.5490151593111063,-0.022926822079164765,-0.8311016263143082,0.9043903539514924,-0.38799150056464354,0.5242729683199046,-1.0626158463416444,0.1525455325133548,0.587727308697862,0
1.8281430965800787,0.79427992976723,-1.0825903191929194,1.2642565701881334,-0.022926822079164765,0.17420814914617108,-0.1416716810995714,0.027981667527932786,-1.322291429777408,1.6951432329677547,0.7691298472891029,0.6635556761767883,1
-0.03599204316579797,0.2788296105157402,0.006071606548335304,0.10312918645964975,-0.9153486235657532,0.1807129205084609,0.4788460234055272,-0.03929766137869458,-1.3288424303786956,-1.074641633307999,1.3438477268329436,-0.36856816881598387,0
0.18325831057823821,-1.1578397989688496,-0.8093793649357262,1.3315140191654644,2.0946289933074675,-0.2931253951472776,0.9459017111753842,-0.9706401360109075,-1.4020183572009814,-0.7488732387437388,1.8669749214503473,-0.005952930375793422,1
-1.6552479815647059,1.1168839602010656,-0.9149385140790726,1.4771943507972116,1.745018731765999,1.218208328433956,0.8946092911134488,0.5004510389437915,-0.9664058003527666,1.2767577848450111,1.3049786055013706,0.08944940808426981,1
0.7643694456888518,0.2303492813092911,0.27261921836499364,-0.17350234636845008,-0.8806996038870779,0.5332828671482339,1.5121083473286636,-2.2905713452722085,1.3261276796848878,0.1145581688489105,0.07747039989194807,-0.9047466354233612,1
-0.05451388007215674,0.7118406777190428,-0.6702767609411878,0.34391967773736554,0.6891928829525396,-1.8022496915205757,0.9220660027473913,-0.07256255485320216,-0.7899676808709243,-1.1016583475014825,1.1482113963768819,-0.45598527970678043,1
0.12080820971463362,-0.26796952435479227,-0.11123394091200761,0.8574066259675233,-0.022926822079164765,-0.6223298853860899,0.6354353968508389,0.35107372232855205,0.634934915810208,-0.8416633699855041,-0.07176106208584429,-0.06986462574907767,1
-0.6230295531076067,-0.8580468893954554,0.0906699384951082,-1.433961286366519,-0.20220905771921346,1.5060245315646665,0.8359599978306617,-0.9479455439428857,-0.10296375729732389,-0.25694163472666415,0.5094540692215427,-1.2642060331437255,0
-0.027898384939835492,-0.19798775854166145,-0.7661878645814818,0.3090579581883362,1.01992859048839,-0.11602856085924204,-0.29277997706281367,0.1779122184060811,-0.22787947078062626,-1.0626158463416444,-0.199438931032365,0.20950821816960538,1
-0.2201549511309148,-0.8700651034028635,-1.254039017813095,0.004012898953127467,-0.8818844908688295,-1.7149450065264413,1.3026465590344694,-0.2703369439773432,1.605126205950457,-0.8555441457624401,-0.16156810860704918,-0.7588552000837124,0
-0.13454323097268087,-0.5330731361709451,1.0355795111790644,-0.3429779542017115,-1.5402806945168404,-0.4258504831137954,-2.0036087264814606,-0.18692668998687434,-1.3804969374720049,-0.9827484679246395,-0.899032121720292,1.6804364396456073,1
0.5373347018813974,0.10875713735581963,0.06739974220507895,-1.1726117303118588,0.2921716806860666,2.054234807266969,-0.6097352889718349,0.5853609023767391,-1.149493518804851,-0.22277649327349583,0.19240067151417775,-0.5175921476438289,0
-1.0994780434569802,-0.43816248252389683,0.6506626008827444,1.582193758950802,1.4082999320837013,2.0935075049868486,-0.8255300419237737,0.8192166066134658,0.6114202859666967,0.4509790465548033,-0.943777255899608,1.548322474076696,1
-0.027898384939835492,0.3077481798555083,-0.3588054245729413,0.6962775911860297,0.33969549115452674,1.025003293500156,-2.7165838118005743,-0.27616057217664836,-0.8756803511323373,-1.0626158463416444,-1.7414089037599847,5.1824321108165545,0
-0.027898384939835492,-0.1200080825117013,1.225085424448038,1.0472644078529403,-1.9433530414473765,1.911593190387677,-0.21037022296707122,-0.11317124352755432,-0.02722901058765914,-1.0626158463416444,-0.256802380609385,0.5907970247773618,1
1.0639511125812413,-0.15258311185095413,1.197531825965642,0.6405104613317489,-1.2641262232098283,1.1298722902845746,-1.7394198755892765,-0.5246393386269494,-0.5280082996725963,0.5596851070629081,-1.1042959366536447,2.162058883566149,0
0.2739640557904396,0.9448405296884659,-1.475822192440096,-0.8892042693003878,-0.022926822079164765,-0.13278893294680497,-1.2825771376984745,0.0719936243102866,0.3938838275162518,-0.614100069665842,-1.1470953616941817,0.19993898243822036,0
-0.027898384939835492,0.5009443181501559,-1.879317964004608,-0.29911113210456625,-0.023589811973002965,-1.9654186121458979,1.161367133736903,1.5253206308844371,-2.1851744077683235,-1.0626158463416444,3.443334062472262,-0.8435977308583965,0
-1.2604915283753177,1.128542004929697,1.839760791208159,1.1299844553505425,1.472861437036729,1.898156800760168,-0.6034154680595543,-0.7023325501034958,-1.407159275419467,0.6902174495462982,0.4255312645374403,0.9956562128369799,0
0.04616007559547953,-0.4134841157501864,-0.5726637402396487,-0.36853295196093017,-0.022926822079164765,-0.79447624093366,-1.2586855574337867,-1.5412391205997447,-1.0587025273808857,-0.9525776850319666,-0.4353213643283852,0.5928617235887892,0
0.0788983712782564,0.41376658550371875,0.35848142103703984,-0.27143202143103146,-0.022926822079164765,0.9170839254353296,0.5535094798073754,0.6121602040133862,-0.023041690852327063,-0.9039341966944324,0.26087943561257,-0.5933861566345046,1
-0.027898384939835492,-1.3009216460434783,2.421224995454256,-0.8231269174737273,2.0946289933074675,0.3515964521202682,1.9535605372517741,0.7068137977291662,-1.4512149841457507,-1.0626158463416444,2.886643097273515,-1.2883749921765681,0
-0.25958499393808704,-0.33530215058749413,1.482446134000024,-0.35864586949063765,0.8409460441700267,-1.5360511018653684,-1.2336779894694643,-1.031322496121974,0.9154822778453541,-0.7969578697380533,-1.2859827600368163,0.5738776855540293,1
1.834353914462995,0.6560526346434248,0.3894643020989876,1.7729047397669533,-0.14570274279422912,-0.4188850793728154,1.8305759775335426,1.268649524681334,-1.7489184726459206,1.704371442346202,3.2874137775487275,-0.22235855274780283,1
0.3121732829852101,-0.1286514077488577,-0.5576148379765212,1.0890203854487126,0.4074645108647291,-2.0024591076268594,0.5051583042879996,1.102235583330045,0.4481590208902347,-0.5573277161064351,-0.05201659934783809,0.11979617544580703,0
-0.5867528031922253,0.4739777351604018,-0.3791498492561897,0.025543671976809897,0.22013255703711873,-0.8771825830683905,-1.9148313679797002,1.0443170110973117,1.8408167283117611,-0.3108426587302087,-1.863810533191124,1.8924741050091245,1
-1.5495968671387874,0.023194126437764556,1.9409865550254826,1.2997423046249679,1.5567043766468764,-0.8725655755519677,-0.3497234534570908,-0.2791808988053177,-2.1654738504268556,1.1197783622684006,1.6241566818606956,0.8629355321760848,0
-0.567543168011374,1.945593744615873,-0.938329232853352,0.23579071992935344,-0.16125182556058368,1.6815987362105307,0.6669776884551953,0.47305786486707463,0.16880209716584071,-0.33938487955753205,0.21410551950576973,-0.3925749491982304,1
-0.3498823565356701,-2.5025606854933793,1.4521297236769506,-1.3865831521623482,-0.5098424560530972,-1.2803164149390704,1.5921152547591324,0.027981667527932786,-1.020436493147609,-0.6627914871326083,1.9532614009889537,-1.4335706535179142,1
0.23335145504101493,1.0468630368311698,0.7919595147638047,1.02234225761011,-0.9914384385726341,0.11822875785227649,-0.7150733732356221,0.7997094321328544,-0.21888525748015705,-0.6744434238237333,-0.503693940313553,1.0375809462379353,0
-0.5717900049908765,-0.5622268167198461,-0.5687494105602846,0.4809397917041995,1.150102110292902,-0.4871181454633283,-1.0065634553688736,0.5435149171078242,-1.2261930431632895,-0.3330748087131138,-0.0968039505361501,0.9679865617574362,0
-0.8126649895587306,-0.18903300624549937,-1.055951199932912,1.1683534133236486,-0.31673566608804443,0.8941678608366339,-0.5663354300613511,-0.7807346756534305,1.1971381619908987,0.02482407570542584,-0.9994581679045306,0.9839915312503427,0
-1.1366085098917524,-1.4498948393033908,-0.4075723211331131,0.228408331171557,2.0946289933074675,-1.580809239350907,-0.6014673453905044,-0.6767182882949137,1.1937988271606712,0.5061485467782753,-1.0176614263447135,0.4000359734690868,1
-2.292877724178539,0.6912811257868188,-0.5711637418102878,-0.643290557215876,-0.022926822079164765,-0.21254021500236428,-0.05559433555618729,-0.37889189988781324,0.8328724543992861,2.224166142599513,-0.5745195000666382,-0.5013246697777792,1
-0.3218434598250712,0.07293083175908402,-0.6897424071242292,0.25797528289019545,0.2586538168814209,0.12507060489448674,0.22336655700967292,-1.7652253562735987,0.6317437938384176,-0.70445247518022,-0.3186456120340469,-0.15198771204801187,0
-1.0046704866517004,-0.4538998336821025,-0.4570241800451965,0.2712202876192848,-0.022926822079164765,1.4764904542305932,0.2884901512779349,0.9920388876812821,-0.8775876823219138,0.310111289465239,0.7173237360066672,-0.18140581068614073,0
-0.36537553111872584,-0.2799400046354238,-0.1952179084109777,0.11750060792511202,-0.022926822079164765,-0.46387530792239007,-0.5850950233481782,1.2282431699429552,-0.1922306147807686,-0.6397712888777941,-0.42610919346931847,0.3136283173368269,1
-0.6401168732478743,-0.6854574655048488,0.04269490619964448,0.3159780749802546,-0.022926822079164765,0.6356604767079402,-0.1612110457557371,-0.9484875874407694,1.5860521065268416,-0.23155280978547774,-0.9105131389151454,0.12065477372603142,0
0.08345043128970209,-0.6645153375440526,1.5261742364538318,-1.0804502565421332,-0.05055776395750496,-0.205001591588361,-0.7948138429428442,-0.3813540295031448,0.44664994669926206,-0.8971706168115919,-0.8614113498734842,-0.33742715400197204,0
-0.027898384939835492,0.4468410927882647,-0.9506724992990137,0.9163638141866624,2.0946289933074675,-0.937278761324719,-1.1949024010418916,-1.3483042894089594,-0.7838393878139606,-1.0626158463416444,-0.5519588003022675,1.5304623542951101,1
0.8430772757838724,-0.6503036437109954,-1.3883770040206753,-1.370514438232459,-0.29499356922301084,-1.5579724654949232,-0.9763573171733089,0.3388740814906379,-0.04090788314235055,0.2315044953283899,-0.7724697204072213,-0.4198652526213447,0
1.2643856297157001,0.09055315009529058,0.3806550308382682,-0.190378472860053,-0.022926822079164765,0.32149464377943826,0.10955839220630263,1.06273270656076,-0.6715022172067848,0.8574963978870235,0.4017505394039685,-0.3338802265230479,1
-0.5580484539939169,-0.7625213398853274,2.1957988734652965,-1.8389932212166902,-0.982114765849827,0.7172667621763551,1.3611896319131729,-0.08912327227474509,-0.3402700040015002,-0.353492394959422,1.0690200142637845,-1.5759036897466132,1
0.6770488880336852,1.849791465992994,1.0510181504609264,1.0544910983857936,-0.022926822079164765,0.18187851546044811,-0.969134688568975,1.7485747341317512,1.7331906979955256,-0.015185192536901137,-1.3660353161432484,1.3455707111020545,1
-2.049350295312069,0.15427670048981487,-1.0146354104730977,-0.11681169874722683,1.2923408769886424,-0.3121626772845791,2.6066837697251266,0.6636840415594778,0.6512751277627644,1.8623261812062923,1.1047213368872053,-1.1749299059788567,0
-0.23303846753076557,-0.6225348578014595,1.1891370890505515,0.5230560133893852,-0.022926822079164765,0.4875492409098724,-0.9323355776978379,-1.2044431843850123,-0.30713713984169666,-0.8364014516584135,-0.6130835502553107,0.9176822385026405,1
1.8587728926309128,1.3799843216193919,-0.18203679034751027,-0.04114914904795318,1.2714998787042369,1.7355369747224798,0.4006359883365503,-0.6683783204156651,0.8569481085998722,1.7406538527451807,-0.31979603244114474,-0.40434196093189895,0
-1.0572107197641396,-0.19584818938664558,-1.1094691728811164,0.9180075489745084,-0.6965688289059829,-0.3500388532220723,1.2960666271024703,0.06696554440773754,-0.2896708482079839,0.3881770581118581,0.9787593504695183,-0.3569041412643382,0
2.2904868003496666,-0.5928792586364641,0.45082693802014406,0.3488466227638981,-0.6739233728443829,-0.5535012426853556,0.9752817646748952,-1.5090182836027801,-0.4361386470005487,2.382106622270881,0.8680863428748649,-0.47662105972224766,0
0.6942999932037256,0.1287579430520313,-1.0289851671830996,-0.2680473665982147,0.7263852818992561,-0.4193451916408215,-0.9672431622113943,-1.4566394466249035,-1.2306898669182373,0.010446988847235454,-0.05826630671808133,0.37828181548826256,0
-1.1817504940360777,0.16479281337786114,1.086230619353258,0.10974162474430989,-0.9250132850525431,0.294202549517692,-1.0459940146380475,1.384451434082773,-0.38368054585419437,0.5732217872589287,-0.6564797663939171,0.7350404612573779,0
0.3373512865664076,-0.5177207304160554,-0.5334156602970496,-0.8795807072870474,-0.022926822079164765,1.8364551757261676,0.17951570357475685,-0.4799315039328247,0.594482439100375,-0.5199175242188746,-0.3272622797473596,-0.7467913049348484,0
0.4125745017209616,-0.2534543259048058,0.0790450077244456,0.9618372815109596,-0.022926822079164765,-0.4283259285443219,-0.4324713692316822,0.45994279679402683,1.2613817880460536,-0.40814873745801156,-0.9476254702120731,0.7263155730172428,0
-0.027898384939835492,-0.18654184541889746,0.5918790418099478,-1.5788231477048726,-0.9882338862488388,1.0100847306370577,0.5871362353590969,-0.13473985128705052,-0.6706369191220725,-1.0626158463416444,0.7735412561389069,-1.26176871735373,0
2.2904868003496666,-0.017694605292797108,-0.8939721608996983,0.07697956020846439,-0.6875969359682768,-0.8719220221370552,1.5391686976049832,1.0433250440324986,-1.0833373378433002,2.382106622270881,1.9862234021041267,-0.8082244164053972,0
0.5168815396351685,-0.6202243430089566,-0.40628537834592604,0.2898426936080424,0.13942867769654133,-0.7020978381213825,-1.5956861729246945,0.6519763720630452,0.2564381616443349,-0.25316638188683444,-1.2997490416378752,1.5916270128673753,0
0.45628131497135976,-0.2126218137538267,1.2904853938476006,-0.8688228928673487,1.0693505285901794,-0.37187615826902576,0.29489073488523276,0.027981667527932786,0.2145827105403594,-0.34320791459975225,-0.05617160343871047,-0.790820971951935,0
1.9624345837400756,-2.5025606854933793,0.6436101637077601,1.3466089899263698,-0.33385745940235784,1.0490718232608947,-0.031749145062704785,-0.4347755738786018,-1.5566110817279826,1.894677333728352,1.1294806386166372,0.6237622632191688,1
-0.644894219363437,-1.158799408640065,-0.034935011133732236,0.6072027636450209,-1.9321497710745028,1.016127024402861,-0.9946392660069282,2.182539458239578,-1.3154459730266908,-0.22445449341896637,-0.015909969713873463,1.0476592064602912,1
0.6600173488394359,-0.09269488444766102,-0.8412890513829328,0.06653017048213931,-0.04197066421378257,0.5055880883762209,-1.0353337009319075,0.06406047439394537,0.1147875857370284,-0.040491136566283566,-0.8801885603552225,0.6916594604496228,0
-0.37122695180494225,-1.400090161173151,0.09221522879500109,0.4136931006054891,1.6914641447607792,-0.4217921661226139,-1.269959642333375,-0.7038399100445599,-0.39816978770940115,-0.6310770820483984,-0.8136272935977262,1.2319201223223941,0
0.7032959218684645,0.07698691077374133,-1.4919228254889656,0.06581557451349102,0.14469706812498714,-1.2326613235448514,-1.5641381679185271,-1.5129792132247315,-0.43630067186742527,0.023813394824157744,-1.013119134310194,1.344015071238629,1
-2.2681481857449826,0.9816183560652204,0.2758401781179048,-0.07306932749623313,-0.022926822079164765,-1.6796306877927645,1.561305817917678,-0.2842745970098356,0.784333277105758,2.1874222929488982,0.39614348430293855,-0.8781586466698198,0
-0.027898384939835492,0.5558662281100482,-0.018771009833412327,0.7414089059987983,-0.022926822079164765,0.5652665004851442,0.4371250083681078,0.45069128027319777,0.3510012551013287,-1.0626158463416444,-0.04138064542765953,-0.018679715589308407,0
-0.027898384939835492,0.31592454880417165,2.1991048961060002,1.0876255062062725,-0.42044247917572297,0.4987516131559376,0.07634657674476673,0.3396669754012961,1.9470497657605028,-1.0626158463416444,-0.9046955358907116,0.39696344836044617,0
-1.5424636956583322,-1.0046143199890702,1.0860477365076115,0.18983508739343882,1.573817899194429,0.9759390849343271,0.2155289338713811,0.19755993182985657,1.380400784886642,1.1091796937524432,-0.6408392916818332,-0.18437124513644473,1
0.16289898466307148,0.8796034050916575,0.20184882912573288,0.28111599906495743,-1.6900473732087615,0.7378631780112567,-1.7524423961795659,0.1776090706484486,-0.699117683019375,-0.7791237026747453,-1.0380506149172164,1.845210997733521,0
1.4550570113536954,2.119646721161983,1.9314736391531495,0.3325399772048407,-1.852856476110568,0.11694677215920053,1.2233746517786848,0.5373522884839511,1.930997080274386,1.1408013450620453,-0.33543798993477614,-0.585022599909051,1
-1.142436838002114,-0.5464795972902073,-0.19458420512016059,-1.218816435264446,-0.898598760405854,1.0265100820002977,-0.5135796270747919,-0.4730510494678756,0.32163364450650334,0.5148084420034513,-0.6311353981951943,-0.6032569369583042,0
-0.3547688403196385,0.1317679437085036,0.21994006569536134,0.9289418748219282,0.6047796608525446,0.3785983674460492,-0.38754562899711,0.8612269183871106,0.22950416907976573,-0.6555310109227223,-0.5072185049797634,0.6664215885572398,0
-1.0232531325848324,-1.5741718683033672,-0.6255446378018421,-0.3927481664106693,-1.0755484494791383,-1.9270260121210092,-0.1456686921893681,1.3966253284365082,1.577376570334081,0.33772191188393685,-0.899653204046274,-0.3060625300451428,0
-0.4507820776343823,-1.0430264892651342,-0.5738382171854266,-1.2567240465526182,-1.5928163020842103,-0.37607403561341696,0.7664972075634876,1.0217654710394197,-0.8267625518864316,-0.5128718195334258,1.058721567239816,-1.1585248140003772,0
0.41431321916927594,0.13126206273502716,-1.1804230773522086,-0.29883398895719904,0.48661430601362893,-0.08686606897063133,1.3995683616790902,-0.8573480401720989,-0.9213972410695601,-0.4055653017551004,1.6753132850299737,-0.922447205822515,0
1.350023460076966,0.2943258460352783,-0.7738514227086482,-2.5411298579174484,-1.5723373460923196,-0.2669186381106128,1.479446047094079,-0.03548933606394946,-2.7356601172715598,0.9847395153294961,5.414922913246512,-1.8970629723155776,1
-0.027898384939835492,0.28359757607021346,0.3480800499423285,0.07163569287513058,-0.13846213209280878,-0.5149593579644057,-1.5395813981469308,0.22685633755660695,0.35850983756736593,-1.0626158463416444,-1.2973762436168144,1.3133700273872042,0
-1.383594070675383,-0.35316931158450254,0.4470062213787153,0.45106688167141257,-0.4833673198245786,0.27388738687746256,1.2281585791343828,-1.087615740341879,-0.16880360134511554,0.8731266986629007,0.8320514688872422,-0.5344240698016712,0
-0.8183062087712769,0.5645781267583785,-1.283368991071289,0.43574078172178893,-0.022926822079164765,2.4590677360349043,0.9769550993340882,-0.40021764323308334,-0.10845683045777284,0.033205959222940055,0.6110074691890308,-0.4370664435774641,1
0.7200134557553816,-2.0127625209998348,-1.2832671878924375,1.5355678062225977,-0.5929618349842375,0.6439329289787586,0.12584219456558757,0.41635299430084866,0.408892134217164,0.048652780861238344,-0.2685356874138663,0.6092198446344448,1
0.526290359093906,0.6277075913300492,-0.06210047418362283,-0.5745873149565605,-0.022926822079164765,1.1935557792715805,-0.1150703142923739,1.094777164642856,1.4858751400481833,-0.23918649105666384,-0.8533910318859191,-0.4297063628515995,1
-0.0474352494179154,0.7565388217953457,-0.37320038798850724,-0.213415669833449,-0.022926822079164765,-0.3700093445141573,0.16328708053201074,0.7472294852548037,-1.09660844389855,-1.0916442737405523,0.8161525194862765,-0.3752360617863149,0
1.758749978598577,0.2372520091974624,-0.5328504971103197,-0.6152608272616817,-0.7269195646166924,-0.39850148879211944,0.850066652750195,-1.4148399549919075,0.026792533672283295,1.5920369699555927,0.4284446665625631,-0.8795773186671098,0
1.8440649078811235,0.9426956583877499,1.0376053662541225,-0.17005527859412573,-0.022926822079164765,-1.854965361718258,-0.16590619434287696,0.1987795427324215,0.8247413404968011,1.7188003118163107,-0.6354694983619369,-0.16286505975142035,1
0.3053331786330235,1.1023993552508158,0.07224905697999773,0.4520453678900611,-0.022926822079164765,-0.5807895267919672,0.019869385988256293,0.027981667527932786,0.8884675841531959,-0.5674909371704487,-0.5541282119458486,0.07859354454395676,1
2.2904868003496666,-1.3792556519940244,-0.3922809394087037,-0.2542065302126451,0.033453820274436726,0.2853878005448764,0.8900576132100011,1.2714426700221089,-1.8572952964828264,2.382106622270881,2.4984794657690745,-0.7237551276540082,0
0.8838650043920379,0.831781481720462,0.48904718728464064,-0.0038561222575657205,-0.022926822079164765,-0.7384635607560548,0.03369102440862,0.25072190227525515,-0.748093632934116,0.2921080594262482,0.4025530179429803,-0.18704371303276512,0
-0.027898384939835492,0.7285679974850303,0.044055932518025406,-0.7939193008909835,-0.022926822079164765,-0.3635409708923237,-0.8447142546908698,2.6150000316625386,-1.2609911155501354,-1.0626158463416444,0.07566787184290401,-0.10132962514878575,0
-0.5109192861413536,0.2679910300157734,-1.7230781828166124,2.5490151593111063,-0.26680408357532975,-0.6976004717585896,0.6340584407599104,0.5244423549081579,1.482663831485634,-0.42351824935965326,-0.45871618619451615,0.7687211810886664,1
1.144252612101085,-1.0773061150613883,-2.1003097730737474,-0.533637604895097,-0.022926822079164765,-1.1143591688017347,1.5236162772891395,1.162278193651888,-0.6175826955404186,0.6789993527777509,1.4498699624564024,-1.0597264981379888,0
-0.4481119061105183,-0.19628558538717744,0.023593529452399835,-0.1282503757617384,-0.022926822079164765,-0.9168748388465161,-0.6448004212464237,0.06606595497598487,-0.7063710204727339,-0.5168392361222077,-0.16383221818706564,0.19926425258536554,0
0.846005608538178,-0.9189568477431516,-0.49095055821594763,-0.045180514532133585,-0.32752971795198493,-1.8653662518388026,-0.5425312496140647,-0.31722808463295676,-0.6162556401971122,0.2358554951960287,-0.14340075527651833,0.17392524530171138,1
-0.027898384939835492,-0.364150075641958,-0.2408761803238229,0.249770726414801,-0.022926822079164765,-1.6661403255256888,-0.40819160253145936,0.027981667527932786,-1.2304465383506489,-1.0626158463416444,0.44037605977095806,0.25900692680177445,0
-0.20957249092480393,-1.7702633565684995,-0.49657660152071637,-1.9400912943371722,-0.022926822079164765,-0.6653304671137485,-1.1093653074028729,1.9947246061492343,0.09243831500762899,-0.8712678653050302,-0.9200358178422081,-0.758076835305649,0
0.6348455578023334,2.5156631681133277,-0.5440090369900369,0.4651929491161815,2.00361283215251,1.0737869436219534,0.07826100439054104,-0.36342184939884997,-0.6733095278920765,-0.07789209767961068,0.3787423584294084,0.048634026591431644,0
-2.2305292974544977,-1.9112536730292355,-0.512738133715523,-0.5181206000371198,1.2496076311406021,-1.034669121112987,0.41194792433653804,0.14086086097932568,-0.39513053158237516,2.1315270816782674,0.42009745061078846,-0.6571701674455586,1
-0.10381967233334331,0.34778273197891924,0.29437566044551017,0.06851520521687829,-0.6291980375056588,0.6105004188018052,0.6774209470571287,0.5715261755887063,1.1898322090645588,-1.028398402815612,-0.3132334770179412,-0.4796072479924415,0
-0.05255991373175444,-0.8695761587649092,-0.1530513414960192,1.93428197575762,-0.022926822079164765,0.36971984627201415,-1.359755715256914,-0.5982746606576158,-0.7998734099646869,-1.0992586453376403,-0.6749948959641241,2.606524303231937,0
-0.027898384939835492,1.9120496112928926,0.7358229307418078,-0.7173961972109569,0.07118867429436761,1.5379368415495571,-0.00615098961209383,0.14298257062148234,-1.6732417543349918,-1.0626158463416444,1.2978070472998688,-0.5690255124308501,1
2.2904868003496666,0.06286778525658684,-1.5987184824231786,-1.0030567297446031,-0.05616624276846103,1.7391916103690341,0.4233444820255922,-2.4156726916649034,0.7713828411974658,2.382106622270881,-0.26633429243503637,-0.912951983494568,0
0.600933649017595,-0.19293914405443816,-0.6256562072435367,-1.0631990097673008,1.9051775716884443,-1.6574516601424591,1.0321524762773728,1.047651041210049,-0.11218688271616932,-0.12827937365322736,0.6520019313481721,-1.1483010258173223,0
-0.920547070204306,-1.2667515485917311,-0.7177276835410349,0.8284177742293216,-0.022926822079164765,1.783025748638238,0.9985478721122086,0.5302596726132381,-1.9183586209342394,0.18511833117189921,2.7226084809631685,-0.26516182570668523,1
-0.7590613539509473,0.028924931591845227,-1.3166954271552789,-1.1586805044310875,2.0946289933074675,-0.19620125344763917,-1.3303684123281647,-0.45333206135406257,1.6007374618247654,-0.054821726531872145,-1.518728853273522,0.026348686677871533,0
-0.16369635086997608,-0.9684254549326639,-1.8363390989316875,-0.6293092754377476,1.24080376466453,0.1854343174490407,-0.9618273241983879,-0.13953988729388198,0.36471146004823124,-0.9394319354616237,-0.933918785741881,0.11010705015484365,0
-0.9973135984876604,0.18317708434799165,-0.5054215932526394,-1.0210174241155714,1.6183653767682897,0.637471116320537,2.2620861454754477,0.027981667527932786,-0.3110034003156468,0.29918021635515385,1.6937883250126653,-1.430454870584962,0
-0.4037611273514909,0.06983069286168055,-0.07149138225555661,0.9962387767950174,-0.32134800840038175,-0.18034385848821752,0.19112913028158543,0.8817890547869079,1.5798220831522423,-0.5827368811990794,-0.7260630390875673,0.2677636825808145,0
0.2666518909672533,-0.5483747146213446,-0.47400891677291696,1.7681471579812564,-0.16823050740038142,-0.7899317692830948,-0.393456879465652,-1.1063890334352438,-1.3196988990489575,-0.6249646915675224,0.5365569070675771,1.1950860719248864,0
0.944663281561603,1.8804965838013705,-0.5867115878167274,-1.9025792812521165,-0.022926822079164765,-1.16429343625593,-1.0523273456512292,-0.7100666551418396,-0.1531663796960084,0.38244386416991955,-0.7733869637923881,-0.7644413191217123,0
-0.5454020063574243,-1.6778421575992473,0.08683162897235308,-0.9123474185465373,0.16045037544308105,1.8103209211041231,0.31780617660510735,-1.1113828867094944,-0.7398655772897268,-0.3722828455704657,0.6210984122694995,-0.8234545829622641,0
-1.4569849535036694,-0.1521485385221612,-0.41707283299352044,0.6422776796549026,-1.5613990066934182,-0.6707944985961802,1.1500693202465857,1.6567537389774747,-0.05594292594258766,0.9821729540798315,0.6913318609525286,-0.4171505237342747,0
0.42986713293136053,-1.3760465601903331,0.13477089378737503,-0.565420949270175,0.3034646634556712,-0.33101092242214925,-0.006216423478727688,-0.12251634429999454,0.37911740281620376,-0.3824548555052363,-0.3366298538583635,-0.4826284258575965,1
1.1845739533604351,0.3093658012351606,0.7892916283150427,-0.5055360413839941,1.3729825088544865,0.9809855411765636,-0.2192982934126921,-1.5369775804893728,-1.8264593949568715,0.7389099453238004,1.2769869653868295,-0.32991147095415124,0
-0.3323112328268712,-1.7462474660832221,0.4445424150479094,0.06913453288878373,-1.2143402091451059,-0.6580327673793746,-0.07158625839389554,0.5235809968362146,-0.5586983376662809,-0.6888991611388635,0.1778066715422823,-0.0818821769418076,0
0.5857781862350783,-1.3542608015190392,2.257366352765898,0.8596680333836308,-1.245098518847301,-0.9096200060998826,-0.9086573758576324,0.075256696867243,-0.9608967299086097,-0.15079779013570566,-0.20546952454125164,1.1338876060395868,1
-0.027898384939835492,-0.8621356707995873,-0.39887493197620577,-1.2697770700801656,0.28767822324829756,-0.9541189213051696,1.5429824910101944,1.322689440446931,2.726057444576487,-1.0626158463416444,-0.4722081764724712,-1.3736638315251735,0
0.7247129019849277,0.5420687981800607,-0.01663272563585113,1.0608092726600566,-0.27607043283105565,0.9955954285990725,0.8430006559835795,0.027981667527932786,1.6393580529436804,0.0556353513674988,-0.4122435829650724,-0.08027570771568254,0
0.053625606078386526,1.3311281517805686,-0.829865914608177,0.9551566621337448,2.0946289933074675,-0.7700287755252143,0.2114127648659895,-0.8421040317048339,-1.7249299007158243,-0.9414851880829016,1.5869473246915082,0.23211518070453688,1
-1.6190031455842886,1.2046443016816848,-1.245277655206773,-0.4304139017229597,1.152951215057297,-0.7148463948022392,-0.37398697119328356,-1.2829721855051313,-0.6574084971975008,1.2229041794712656,0.014746967156028969,-0.18914607225592775,1
-0.42130296537839673,0.2832718780269048,-0.2836632583217104,0.4989378189659327,1.0945164772309943,0.6442711284764631,0.46706020681396393,-0.5943909659466107,-1.986282050402122,-0.5566727206896606,2.259733625037222,-0.1599063300871957,0
1.996495067699694,0.3840573465997437,1.5675808129119146,0.7908195323257957,0.10731512621792219,0.42965914059469484,-1.2706658744983776,-0.987939592408831,0.70561352427839,1.9452853669110965,-1.2434032902991028,1.5351079028320205,1
0.9696772704751994,-1.3711758304706072,-0.688176531891196,2.5490151593111063,-0.14703203438450885,0.041349370635964076,-0.5949311354620506,-0.8752656416198545,-0.0194858803089017,0.4196103584121309,-0.5226912467503309,1.9199803508127395,1
-2.220973705455995,0.6151978983134155,2.1367458330535585,0.23845752630925557,-0.7557470500695289,-0.3569749075932919,-0.9409233452272956,1.3407745208482473,0.5608813483707312,2.1173291120453537,-0.9952482070934242,0.7208613291102739,0
1.814540285617155,-0.9282951366951286,-0.07910748346245974,0.5310956024582519,0.3864678785258091,-1.1487746569709407,0.022743656211163314,-1.003663333851688,1.5080723639954077,1.674931790599337,-0.7887164528188377,0.1213598724923618,1
-0.5121144084746365,0.34253609181607714,-1.3964452027349243,1.6973357709375947,-0.41473058468319546,0.48065640328857356,1.4887248911714117,-0.5115441789489944,0.08398838615395854,-0.4217425026975703,0.8156839321324262,-0.10634546340597634,0
-0.30702517760122106,-0.46830359097263563,1.0368848486462001,-0.7387071709926814,0.31877445146728317,-2.1097721233093276,1.0625758220857378,-1.9943930819644828,1.0991608904661319,-0.7264698992246046,-0.05804946799047669,-1.0093042520924456,0
-2.292877724178539,-0.21843146693234564,-0.3847210780586414,-0.14517658223355384,1.9618992171490086,-0.7758095890577671,0.3028116442623535,1.3229077930607465,1.106860142207298,2.224166142599513,-0.4850736802445759,-0.4102278440360067,0
-0.039020772177152,0.9074154989041704,0.1488082565652606,-0.7732820108195573,-0.41771366226950507,0.397660681664234,-0.183827601592653,0.719881558314838,-0.38388616617075566,-1.0791418047820704,-0.024709383833315997,-0.50914914303008,0
-1.6454335668671447,1.208103853375181,0.7388013195154156,2.3914741219451985,-2.0984991548144736,0.21108029545077295,-0.7585943056177621,1.4733457721206629,-1.38639305261581,1.2621752491044078,0.26176927033723235,2.024444195166177,1
-0.027898384939835492,0.41593482202022236,-0.18850368390146485,-0.6850479912864801,-0.31530118700359017,1.384345674574445,1.8310083821096375,0.4226089514788702,0.3665797291124229,-1.0626158463416444,0.8314249412397219,-1.204249314438856,1
-0.5751073525380647,-0.3654631480538488,0.794582621024407,-0.38132636812046355,0.04585100178650674,0.5282407542160155,-0.9373429282817392,0.027981667527932786,0.4750697393931963,-0.32814579963192053,-0.9610597690033729,0.2689520440735128,0
0.1622417497673212,-0.4443708097666758,0.8508315715140717,0.728651637122485,-0.022926822079164765,-1.4930803314753132,-1.6898576922840916,-1.0518952458681377,0.80153936394522,-0.7801002409251243,-1.5187398014255846,2.1523593616178074,1
1.3020148530137508,-1.615527084664405,-0.49054123611529665,0.7382294734339674,0.2416989096509903,-1.7478285815950227,0.280980936031702,-1.5429446937087719,0.9532159898552284,0.913406965205045,-0.4318994124823626,0.07169573314257889,0
-0.6806393512791044,0.1174341250834167,1.0667579983410047,1.098149306520931,0.47441916424210023,-1.072000340745676,-1.5160929458731385,0.8627940009029454,0.8266936946655585,-0.17134336251858406,-1.423966596631623,2.173699421772091,0
-2.0015530887302204,-0.1320296326835213,0.32248349033912216,0.7341707790978607,-2.0984991548144736,0.5957858693523653,-1.0590017082169385,-0.8114472808199967,1.4565349655524922,1.7913077359133676,-1.3413727123429002,1.2171271205629013,0
-0.027898384939835492,1.0950346005720712,-0.7225453421336444,-0.06206202830161348,-1.1352422891678173,-0.2665312558830764,-0.7431264580480859,-1.0658169864859843,0.6314689366452896,-1.0626158463416444,-0.9015155081775559,0.3249316663266229,0
2.071257472012494,1.146830003890014,-2.1037031800484356,1.8343102886758118,-0.022926822079164765,-1.0906706700347903,1.2409679791939934,1.0497156274242012,0.10191103106858837,2.0563694678525186,0.6376906046173891,0.07126277930817741,0
-0.7322563651287205,-1.4943756244651847,0.20631311782088121,-0.37006172869663034,-0.9793824546456266,-0.42832668586424316,1.0189144281555367,-0.7728354526191278,0.3810816733340832,-0.09464933923950872,0.30893086832790845,-0.8256475022474782,0
0.5544610874573198,0.8667189389988731,0.16677745976458574,-0.7636174076180922,-1.051680012851191,-0.49432667039435796,-0.2641179465844896,-1.4921932838225516,-1.9127902879446759,-0.19732962379993405,1.3458576613405309,-0.4592881249608108,0
0.6688442464713187,-0.29367262989893433,2.6791991612090658,-1.7772180874464019,-1.0424064493799574,0.11771533750892149,-0.09178348022028174,0.027981667527932786,1.692973747823939,-0.027375881692494095,-0.9092008904571973,-1.1395497409450357,0
0.3739696615406985,-0.2576668266594263,1.2857034017778792,-0.23652467067617627,0.9889555714368938,-1.255057302000356,-0.11882069223792585,0.4679943578078943,-0.6129841890333284,-0.46550890401270856,0.18069246946097978,-0.23042556369461936,0
-0.06121448034757344,0.9254679888267697,-0.4837893786845848,0.0857146928485541,1.38757739580626,1.232322763468537,-0.14810778538949265,1.397688252278953,1.558653236955963,-1.0917024055517255,-0.8948091627628544,-0.023565596370185737,1
0.12482440970320632,-0.3932225412326388,1.3152881224130872,0.04557332724422793,-0.3601003265251432,-1.0227931110026083,0.2716551148895296,0.1716278177365006,0.3633495291570027,-0.8356959861241591,-0.15292242650492732,-0.29257450820401115,0
0.3489019030027998,0.840673488996658,-0.8263019876375802,-0.24547434499394166,1.2037128643080726,0.6635618860867789,-1.637951088544405,-0.26176943989478435,0.36569962496089736,-0.5027552906878677,-1.3619268185391384,1.1721094409504509,1
1.2506154378934757,1.2553381207155634,2.1960605111849625,-0.32412386474283444,-0.9532097565889885,-1.8536793800151923,0.09236970456357878,0.43148508046365885,0.3459441353106963,0.8370362562901481,-0.2574016773410457,-0.39885238355307767,1
-2.292877724178539,0.5404027142181449,1.3511935236910093,-1.0069262403034747,-0.8004662937030306,0.4687213643698738,1.1749133987201508,-1.0399059771532724,0.2201920675335346,2.224166142599513,0.5124085530886661,-1.1645378576468453,0
-0.7835701779188841,2.4997099501642723,-0.07028216773220623,1.1687899032994207,-0.022926822079164765,-0.9142186607043993,-0.7590259025646341,1.6810144421364244,1.3874956418273268,-0.0184058206947762,-1.1630221775280813,1.1845868558962191,0
-0.5903230239036197,-1.3520314436063532,0.28933083271411075,0.7021310590137799,1.0562096850937177,-1.646739004548171,-0.5394367095231439,1.6192359204828701,-1.065018594648728,-0.3055379235289655,0.1843628576224625,0.6556372045714576,0
-0.027898384939835492,-1.05186131748512,1.711598623182544,-1.0257739389908325,-1.5485140583873724,1.175212270522689,0.037329257382876034,0.8185620109029197,0.8650653226732412,-1.0626158463416444,-0.534131706607757,-0.7641401401895861,1
-0.027898384939835492,-0.2816080801629942,-0.9791364571700755,0.12970391799321385,-0.022926822079164765,0.9887874634832864,1.178195857584054,0.8496414792708985,1.7391417745622109,-1.0626158463416444,-0.28152630989735444,-0.657910279892959,0
1.777178782978248,0.4882281802780859,0.39110406497857025,-0.5833772802387022,-0.5426804793665675,0.873451429068828,1.7616598195829511,-0.857846673685059,1.3004796557631004,1.619419010230488,0.22492133037870213,-1.1456437474870127,1
0.22693661316661845,0.7179093017557487,0.4358665220216407,1.0535422710361977,-0.022926822079164765,1.5529119768521917,1.0540174309683765,-0.36092133846579466,0.45237590110120396,-0.6839747778358022,0.28741980004007617,-0.18782233941395088,0
1.09315172793978,2.1177711221974884,0.16165315344080128,-0.4613434453672233,1.5794847254128235,1.996807307697964,-0.21129704705763228,1.2913338748478456,1.0045949520188133,0.603072209629434,-0.7329588246617061,-0.30823118464596394,0
-0.027898384939835492,-2.0792995655655853,-0.5128845606446062,-0.5105225324019128,-0.3697380733795189,1.2005739774451432,0.3185786271939889,0.5931205709618494,2.0181014102090793,-1.0626158463416444,-0.8086252518408281,-0.6113064420719105,0
-0.027898384939835492,0.6740815587093841,1.86239411480359,0.7583119887566091,-0.022926822079164765,-0.7473230064337029,0.34997544956872134,-1.9201230213947547,-1.2603204926844245,-1.0626158463416444,1.1493789198466877,0.04083171964027359,0
-0.027898384939835492,-0.7271092195722725,-0.40930944943788666,0.3090362050619055,-1.6123141796938074,-0.25037846091664556,1.807107586270465,0.8337689971558278,0.2671606324039999,-1.0626158463416444,0.8882372371177678,-0.799668524594778,1
0.20516461883259376,-0.9777054883611438,1.2371435090744898,0.2789733031815803,-0.22600117705374426,-0.03037871772880651,0.40051543900544156,0.8102695523039701,-0.40096505540894267,-0.7163242245734693,0.41602003197899556,-0.2379348152314987,0
-0.027898384939835492,0.27687662611499253,0.38561776357185534,-0.9447310213089992,-1.1874371679234172,1.2456440019769177,-0.4150969352014861,0.21547417701875335,1.185805904287596,-1.0626158463416444,-0.9125162317613756,-0.4850345319005449,0
0.5460141752694768,-0.7959670819295265,0.4759944520564597,0.9440283961253197,-0.8367391615038536,0.2570847037015583,0.6508093837833259,-0.3877980635063357,-0.5674977455713888,-0.20988028552279456,0.7347338465110209,-0.03534267629969954,0
-0.027898384939835492,0.3871287125709664,-1.1908065480603192,-0.428806276240034,-0.022926822079164765,-0.2581360963641124,-2.1957481091011415,0.6581381132316431,-0.20638235624766552,-1.0626158463416444,-1.555842397547215,1.9770330945358372,0
0.2058552173342645,1.1104123165485194,0.8547202428292454,0.5217699653287017,1.300327884026384,-0.4781891055239034,-0.12803152524980974,-1.7208847874993611,-0.28600418126915017,-0.7152981137310649,-0.046539171200182854,0.21842134556650888,1
-0.027898384939835492,1.296703999939431,0.003533889614728124,1.1822327426108388,-0.49213010688558034,0.08129102013696904,-0.7950167116682978,-0.41403928165902376,-0.03920658730448138,-1.0626158463416444,-0.649403977121286,1.233740395156248,0
-0.20354546356090725,1.4233279007263526,-1.4838577850697963,-0.4348703154695922,0.14861001701981058,-0.8274651499509315,0.0699335362475638,-1.340293273595574,-2.6468849093335463,-0.8802229935171547,3.130315553268312,-0.4487714795542116,1
2.2904868003496666,-0.8553639763591938,2.5279708423647875,-0.7853274324127717,0.2275961016619372,-1.1332852075866946,0.5538332965389048,-0.4322199298714956,-1.3437793548655608,2.382106622270881,1.4302783003732442,-0.8522212886391165,1
-0.027898384939835492,0.3310884861470158,1.0181955311078812,-1.7139030530175066,0.25455271555565845,-0.425601208221017,0.3937553431385434,0.983382681513468,-1.1123779312541788,-1.0626158463416444,1.0310696920737488,-1.2714044508684577,0
0.37099141349047854,-0.02789332327929646,-0.5111271442297048,-1.1575796534398881,-0.022926822079164765,1.1082814451319936,0.1605062309535198,1.2644872313875353,0.7176634546043574,-0.4699340694428496,-0.3966464496269394,-0.8904938700782085,1
2.133915434469599,-2.5025606854933793,-0.6483796042683989,0.5276413196269717,0.9467044559353064,1.6078286246852846,-0.3285659518857835,0.5838766644326364,-0.21394319658240704,2.1494684457458386,-0.23293263039145437,0.37000621160578967,1
-0.027898384939835492,0.8327454044177667,1.212055243445655,-0.7621500288543692,0.08977488772223302,1.2269935770101554,-1.3507584358857463,0.7135590980681468,0.04233846541892885,-1.0626158463416444,-1.061317791110122,0.37152676796179523,0
0.768482194569649,-0.44485099515853926,-1.2998891827041492,-0.3247254937444493,-0.022926822079164765,-0.003570198978366821,-0.16881837321660964,0.7476039423111697,-1.8035391202994473,0.12066900779290327,1.2996863381732306,-0.2523763886729051,0
1.2761048778869193,2.081024368027603,0.30117759958148765,-1.0987111283986688,-2.0984991548144736,0.8187447053258947,-0.30810981860377196,-1.2315192571731755,2.598722971787896,0.8749091892328256,-1.2610593747659973,-0.6390077101643432,1
-0.027898384939835492,-0.9278082210771451,0.9936881540281159,1.8410220789754157,0.8961576693117399,0.05205445551239005,-1.3114173716849953,1.8589610576932047,-0.8080860713802995,-1.0626158463416444,-0.6315109307920285,2.445596508672363,1
-0.060327616290541584,-1.3729615377325426,-0.1680740404867908,-2.5411298579174484,-0.08025541797228342,0.40071485575748944,0.3695919456638659,0.2247266660153673,-0.3204615584148493,-1.0930201333232998,0.33500532780761777,-1.6965095049721224,1
0.15930496895477012,-1.495739874457051,-0.6874042590176797,-0.3616944968898334,-1.8196600363135376,-0.7431721316420558,0.13718456849479924,-0.2294794035724672,0.8982242921906443,-0.7844637931573311,-0.4905956080087203,-0.44299673954239094,1
2.033021007445821,0.07979987550095087,-0.6522586837327947,0.6605436182779981,1.4582684023424823,-1.0269688297522748,1.863851722345522,0.4643318283924219,-2.0324755364403293,1.999556644233359,3.9102274885382564,-0.6778248787997507,1
-0.5479198736244089,-2.2592288418540467,1.0812827762588368,-0.8970689562637575,-0.022926822079164765,-0.38641746252423864,1.265246484776999,0.4462883433822884,0.5022422582736298,-0.36854172696662035,0.3878944482022815,-1.1417424689080333,0
1.0607817587047657,1.2701055819567346,-0.46643900528708004,-1.51280949436976,0.22780824956971468,-0.05857044772724097,0.317113548521517,0.9517356085666673,-1.2033675848670153,0.5549759911754563,1.0587212596138313,-1.1407655694002357,1
-0.2715465632939399,0.05467267908037036,1.496129033926891,-0.5451315279384552,0.8322740635957815,0.03846665229227766,-0.6391229867849021,0.027981667527932786,-0.2775188810496888,-0.7791850307027538,-0.41807424279649097,-0.08254094575266753,1
0.21057978948973854,0.23600763043367237,-1.5501915183989117,1.507711998683736,2.0946289933074675,-1.2310221878933387,-0.9450646379461185,1.4654596659886094,-0.37267878743662647,-0.7082782104113712,-0.5883256326287296,1.6451719209625901,1
-0.027898384939835492,0.6121013061924409,-0.5504362619710625,-0.9655021234781092,-0.2159367390199371,0.10445476278954462,-0.025612560738416213,-0.4088853443330556,1.9124426744641516,-1.0626158463416444,-0.9442873667994425,-0.7008380796922319,0
-0.027898384939835492,0.6109303556939103,-1.358352163689903,-0.31547391840249933,-0.022926822079164765,-0.614043664393934,-0.32994482593779056,1.0714298531291218,-0.27800880361093866,-1.0626158463416444,-0.19624333864941151,-0.1466177461208303,1
0.19142570159090877,-0.27975020909909937,-0.06511308293454351,0.4283521659980614,-0.022926822079164765,-1.1873829331049444,0.7832837872349081,-0.7211105357925871,0.0668147008200289,-0.7367378975114849,0.35669261870993046,-0.3533738141165657,0
-0.7880579515052983,-0.4818337206424156,-1.1656101636820926,-2.1939164629344985,0.7042355293665464,1.432501968650574,-1.659816127951543,-0.38623148438860766,0.352098281425497,-0.01173775940571267,-1.371521095306474,-0.5835402831392977,0
2.044733750866517,0.0016595782668518268,1.7919387621394502,0.18761589881625315,-2.0984991548144736,1.1745679288407938,-2.6709546561221327,0.7515731165716475,-0.747232774902162,2.0169597706363285,-1.7444997455489488,4.21960130938807,1
-0.5595999617186478,0.5565435361510511,-0.09430796669883464,0.09202480804836191,-0.06233664281869095,0.07707961564918787,0.4875160079306529,-0.08664688306182491,-2.7356601172715598,-0.35118712077395964,3.970113118928281,-0.37850182036914964,0
1.7912699712298559,1.7409994000515565,-0.5447151644026845,-0.5518044338245602,0.40631161850249137,-0.21715032744100116,1.3274087295789523,1.08243832015593,-1.0182565425644816,1.6403560974271099,1.7266230219724616,-1.0092200107026683,0
-0.6733672737550265,-0.8855941290709196,0.24016899912940073,1.523602613196771,-0.49674631043387457,0.8221380668092937,1.4764573710466282,-0.38246218361123246,-0.17061059471657114,-0.182148421574185,1.0075504110815006,-0.17439132825947765,0
-2.280665462536746,1.1611294297329544,1.2012862957282477,-0.07693393984844303,0.4584008611699278,-1.9641237475770053,-1.4081673160955,-0.15790904287118945,-0.09123182244524544,2.206020817854951,-1.047316301998379,1.0072900545845098,0
-0.832242750234585,-1.316332024924557,-1.4118383403114294,-1.1452855975256346,-0.022926822079164765,-0.5160689297838826,0.7030934648663802,-0.01980118092710726,0.375666725589338,0.053913267834995796,0.11288896267925731,-1.0841182390716502,0
0.5307219594564828,-0.4049925268606509,-1.4002404169864209,0.315429838123263,2.0946289933074675,1.3861571422881243,-0.5868671769964262,1.5623912769432184,0.9526444438375858,-0.23260189353691502,-0.9274417243413136,0.44489852427727367,0
1.6515590380107448,-1.2235139178868892,-0.7835223008438194,0.4148158021439343,-0.5482018133228579,-0.03617920472115363,0.4185598051975505,2.6150000316625386,0.5240394818174615,1.4327696299908976,-0.14596266994173498,-0.1771165279390754,1
0.0016920725765232512,0.7599588269833468,0.23775092946800971,-0.5974821313306847,0.25775042044815877,-1.175397440712807,-1.100960471664411,1.55641922371937,1.0180299711195757,-1.018649505239272,-1.2409318349245722,0.25671737241659215,0
-0.027898384939835492,0.3688090418091877,-0.94780756506165,-1.6845624073123495,-0.022926822079164765,0.2646990782281813,2.143865645258807,0.6359472570274896,-0.15913558000753034,-1.0626158463416444,1.4648961111873207,-1.6586915332846328,1
-0.027898384939835492,0.27579285078689597,-1.1232222061114507,-0.04492413609593183,-0.6420454546323238,-0.66109729224399,-0.7422795975569181,-1.1966157130547264,1.3550233263133733,-1.0626158463416444,-1.144439886882599,0.3359354496476236,0
-1.4260957623295627,1.7254694936350434,0.9800906649261538,-0.2536577737045786,-2.0984991548144736,-1.9370686057811974,0.18577218830032047,0.29628123531672945,0.7451822114174614,0.9362769176705814,-0.3942913229940766,-0.40890663145534795,0
-0.027898384939835492,-1.5848817083929199,0.44160350279057553,0.1234161954701406,-0.022926822079164765,0.4507955259224347,-1.8042689917463703,0.18157178475482563,-0.5031968454831003,-1.0626158463416444,-1.1636535546450224,1.7858337757669935,0
-2.292877724178539,0.18781964459950684,-1.443614010640447,2.0672293537861672,-0.650636152672153,1.436691738615257,0.354594542464493,-0.06352234243060882,-0.1636774468254323,2.224166142599513,0.21644821339359657,0.7248918367737892,0
1.5800752482933875,-0.4818049694813388,-0.6163979881466423,-0.059224057255246126,-0.773441332634382,0.7423209295424403,-0.3184747401966931,0.027981667527932786,0.4637323944534527,1.326556987612317,-0.5722255724883182,0.0028737987685942584,1
1.2320238775106793,1.1315055701701429,-1.723730970570132,1.4031448642814521,-0.022926822079164765,-0.1513945287340773,-0.6773112274995208,0.027981667527932786,-0.6228437761394396,0.8094123885292835,-0.2430957732524588,1.2545797104477474,1
-0.22944691887918717,0.5069902056058739,0.03265546645514036,0.7793583104489649,-1.843995138984463,-0.49940047389740067,-0.030185434138583864,0.6538720660828173,0.2718074912586798,-0.8417378765181428,-0.29744970982910773,0.2983970207090117,0
0.2921583061272954,0.6840441299088129,-1.135075632300714,-1.4370048625249536,2.0946289933074675,1.1228187196981145,0.868228453852182,-0.6118859793988566,0.37118437807034244,-0.5870665364408175,0.21983261556023084,-1.2748322333132105,1
-1.1680980586856542,0.08435959687594789,-0.8603468164845386,0.36764553210113093,-1.1173080685583592,0.5121476463983405,-0.07699943575601607,1.8797577158166714,1.5664958486972915,0.5529366115679829,-0.8604799094285156,0.09394346570363817,1
0.06010676447446002,-1.1050640193199504,0.43793412816552607,1.968563300370161,1.0641404162622516,-1.2064041206353806,0.35814839669413273,-0.9684228752969724,0.4092960034438384,-0.9318552991018765,-0.12297590762179554,0.6705377284502991,1
-0.5338430543838328,-0.35020431330299906,-0.38745968337155734,-0.3472334021779149,0.7295653549097545,-0.7567102557181432,0.660512224505288,0.6827260682754405,0.010630752847257341,-0.38945746427907835,0.3113102097570704,-0.6767784709317103,1
0.7451805390193327,0.06985728778376647,1.5572786653701798,1.645773613043716,-0.022926822079164765,-0.9779656701200765,1.4630165367541108,0.43141195023104384,-0.3990556354326734,0.08604674703168251,1.195549207113807,-0.11655335880836558,1
-1.0724645188217645,-1.6713687033021678,0.046861429974215905,1.3688280557112347,1.0890498335559564,0.11522468357614174,-0.822489526347143,-0.8886247996053493,0.22477789765065168,0.4108415854211711,-0.7872868048189989,1.3953211376329453,0
0.5586834082399679,1.2221126426193687,-0.8234466420404617,0.40144259427006357,0.1511966606729441,0.9652025932030299,-0.7346404055393103,-1.0710665192211497,1.5838891146597895,-0.19105597981619665,-1.206541036640448,0.634165532616617,1
0.5849471948071132,2.30078034236474,-0.7071560017702201,0.6777233216109606,-0.022926822079164765,0.7820329742773815,-2.209538767494689,0.7949211236237276,-1.256090338031806,-0.15203250077020197,-1.1542355471673276,3.283148400269823,1
0.2813811682807813,0.5124780348241553,-0.6002414999819888,-1.0748596949936569,1.0328078757928596,-0.854721943266384,-2.481275036955125,-1.2610586875057532,1.3104845743201479,-0.6030795135434924,-2.069186265541225,1.8457361590865005,1
0.8297042982614062,-0.4522727869802875,-0.4310494512961084,-0.25802621640727996,0.062311246735158865,1.7622067556536745,0.2580011907510639,-0.18265802595895392,-1.5343258716846027,0.21163454600496157,1.3837750674566935,-0.4479340930522611,0
0.29690616191940794,-0.6048934742189326,0.34406784634168147,0.9593373704425028,1.1149712476131919,-0.49560720738420705,-0.03768199313827049,-1.1118923159184742,-0.6433274627323806,-0.5800120376333728,0.26569592484993093,0.40671917975954297,0
-1.4287148878373535,-0.7021493882086125,1.4283546710507697,-0.23888024182741183,1.3496518439960061,1.2218471664711639,0.8641435003306004,-1.138989917831052,1.1137534334636445,0.9401684886407763,-0.17555408345621387,-0.7064305183930518,0
0.8885729462006264,0.16071003338502746,0.16635367457300926,1.4282261677464385,-0.016697657944149322,-1.6805523134102005,-0.6854056349910334,-0.16439351524403137,-0.6188421583473936,0.2991032529048247,-0.25185867994769773,1.2803158702966493,1
-0.9025398017727645,0.23624201197993935,1.7871368914422017,0.4820154845218788,-0.15058028435059687,0.48302153174638,-0.08669445440458667,1.9779330804764872,0.5115283136901008,0.15836262096547704,-0.45071604325109615,0.16662945780807087,0
1.2714537233991725,1.0527915364345397,-1.6300517121531615,2.172993329271604,-1.74361596428093,-0.7161335545769173,0.46275928687319423,0.708693632100329,0.7762823072969917,0.8679983719663112,-0.24548114077231573,0.7010625637117464,1
-1.0101163608657087,-0.37082631636710467,-0.5014532203081062,-1.1526568940519302,0.1654658294661129,-0.2276050366893872,0.2813837979584942,-2.2109444258547857,-0.9076840215158467,0.31820292384302223,0.7386137581891253,-0.9363920092392896,0
-0.8070788256597811,0.9573420975286362,-1.1534567336313526,1.6405736794842611,-0.022926822079164765,-0.953197653918593,-0.2022587876223136,0.28291806233033046,-0.006562714112554353,0.01652399493448159,-0.2627101473023853,0.9373610473966686,1
-0.027898384939835492,-1.6841707668731054,-0.2960992110245745,-0.6599189650195513,1.1672065829699958,0.7220640707422266,-0.10619833838140852,-0.1540847416905687,0.18479757852529022,-1.0626158463416444,-0.30152139188824706,-0.48419004228629736,0
-0.40496855879768257,1.0307181689657827,0.0748597432056331,2.5490151593111063,-2.0984991548144736,0.6407378694531793,-1.3077632340030054,0.03095723032516545,0.8229311972666603,-0.5809428453078923,-1.3013027500587662,3.0137468392831144,1
-2.1529282993241465,0.1697521232786819,-0.14869345558952712,-2.5411298579174484,0.24546740707213155,0.09522015901172122,-0.623880323353883,0.20017775890049333,-1.2859516490906866,2.0162253175268545,0.2961237550251832,-1.4156870693381973,1
-0.027898384939835492,0.6885931120660912,-1.218688121552278,-0.15889836659805223,1.8590796091901023,-1.7768420502844364,0.5556045168613265,0.027981667527932786,-0.910427607426419,-1.0626158463416444,0.9671661894407427,-0.5376784740850639,0
-0.8199353851366116,0.8309077637223404,-0.4392499566122792,1.8361504015206882,2.0946289933074675,-1.2938464498704214,0.0077578136145206355,-0.924486571282366,-0.043079628120971804,0.0356266356776595,-0.09891236502664619,0.8704884327595774,1
-0.17980515731782892,-0.6210252915728894,-1.0476503607349208,-0.8468169474227788,1.8892058070130475,0.24127422782674127,0.47201780353379225,2.455922381093005,-1.5053126384323687,-0.9154970139198784,1.553421599223385,-0.8515068001964523,0
-0.66185718132977,-0.9533773720057221,0.9845799323506957,1.2043038149963736,-0.022926822079164765,-0.9450367660039007,0.9547472870906627,0.5905252297018903,-0.3704741822346531,-0.19925044337999492,0.7984785380273943,-0.06972629273308875,0
0.41387356456243674,1.352929163317635,-0.7578227681991574,1.1607649623565708,1.248029647660333,-0.030962396927840887,1.1007293913811185,0.027981667527932786,0.09007442361097662,-0.4062185530406149,0.552747810308422,-0.16121432247412623,1
0.484371776171917,1.3623226812632965,0.87353517432746,2.3037941745466415,-2.0984991548144736,0.1698497158935696,0.6451939990696519,0.027981667527932786,-1.8820962625231568,-0.301470310570349,2.2787324998654683,0.6396928123650527,1
-0.8870739108640963,0.17309613896207038,-0.915976565110847,-0.30162225300708817,-1.3541779592496932,0.5866902317259849,1.1940940811881748,0.7580475395009438,0.6651330378810374,0.13538296156796112,0.24756294061208242,-0.8559675155270794,1
2.2904868003496666,-2.5025606854933793,1.7888633395431468,1.3754317165392846,-2.0984991548144736,0.14956252544377524,0.5791510244889764,-1.5901080263966625,0.5091923615159843,2.382106622270881,-0.03924678222795723,0.22016468698065803,1
-0.027898384939835492,2.5156631681133277,-0.0783192079937532,-1.8211365096207979,-2.0984991548144736,1.2172737392311774,-2.25564108252428,-0.7450692074227904,0.006439729128526119,-1.0626158463416444,-1.659625679704442,0.4716494163866977,0
-0.027898384939835492,-0.36415111702777964,-0.8103559504638729,0.24536447126125585,1.0556445181676364,0.09635450334119731,1.697146442782972,0.5816985028561006,-2.640933909217309,-1.0626158463416444,5.394809561182473,-0.7902025759983594,1
-0.26676998123601076,-0.619293281754045,0.7348578683340251,-0.1106977722695883,-0.022926822079164765,0.348958619054807,0.5374526006861163,-1.685808562023726,-0.2151872297504914,-0.7862822118107607,0.38043543500367094,-0.5051184387578697,0
-0.027898384939835492,-0.7831673037119308,1.996474178937305,0.8007236856805688,1.6421823746550175,-0.3768843472510823,0.8928146835808156,0.4814725365747416,-1.7129292502040534,-1.0626158463416444,2.2647047258261925,-0.2280995703709236,0
-0.027898384939835492,-0.39416921557427564,0.2207103391875929,-1.3769538536168067,-1.7671512221864503,-0.5578644665964573,-1.237594875684157,0.6050407184970314,-0.3337917085753013,-1.0626158463416444,-0.8206488929720995,-0.22946802515791714,1
0.2811327514824958,0.8391589174857396,-0.4159523242337686,-1.2219112749276022,-0.022926822079164765,0.3525490066140594,-0.07607270108648506,2.1266351635962257,-2.4356335883075735,-0.603448618268654,2.4521091721739428,-0.8247432942447163,0
-1.784494587550131,0.2617878386442822,-0.9250887420342171,-0.4761457965597667,-0.022926822079164765,2.5296709660624233,-0.8695320754406638,0.27501535281575723,0.006662301610675074,1.468796058059869,-0.7215826299835333,0.1429094220294138,1
-0.5575060765867089,-0.5387346089927,0.44682904458184847,1.1630920000454967,0.24218857047567208,0.38445999251894875,-0.06405825995106257,0.027981667527932786,2.2328265761746873,-0.3542982746954261,-1.0554530335772874,0.5434921914286363,0
-0.027898384939835492,-0.6229509413533661,0.3449304696780457,-0.46142068318685914,-0.6751888207190292,-0.629560401493058,-1.2813222200781227,-1.0371255583638082,0.8590784759618274,-1.0626158463416444,-1.2967099903604284,0.5428009658486372,1
-0.48590749504856456,-0.764137105801415,-0.6868429960425524,-1.395170595412022,0.20754844423412036,0.09390665293725121,-0.9747993314519775,-0.5050438133618268,0.7566688916959665,-0.4606814780173684,-1.0846881326209776,-0.43897126655614166,0
2.1153222957570397,0.42774287128178445,-1.4873847981699675,0.053422594521575245,0.9370983054364126,-1.2796016785712394,-1.237766935316995,1.707880979748217,-0.16375392614441556,2.1218422328578437,-0.8982821611189737,0.905034863510441,1
0.8131445510533303,0.2556805852679356,-0.5146393993925693,-0.17631646508291432,-1.7958288977354333,-1.0081084046556292,-0.5388450270976306,1.144470970065873,1.4879566521998302,0.1870296038908756,-1.0765649802836088,0.08616535220613056,1
0.38011970351055946,0.5712957582915555,-1.208323652110296,2.487489764328127,2.0504960197315234,-1.3239828746799387,-0.6897317157435366,-0.5221703611539528,-0.5004898842344113,-0.4563709972097695,-0.32758193723261675,1.9994001972107993,1
1.3096711410774335,-2.5025606854933793,0.6745136584414291,-0.6093400925499537,2.0946289933074675,0.21201363039019666,-0.08473449872235332,0.7849884556203337,1.0048039005993796,0.924782895178409,-0.6613513387760047,-0.46631737860299677,0
0.9724274186372449,-1.1614149986468858,-0.2627875492954862,0.35175676954397367,0.3256989948353577,-0.46060130587368675,1.059098236080043,-0.8106947240895866,0.34858854035797343,0.42369660655843655,0.35456538897548495,-0.5105133144316157,0
-0.5692853819724255,0.8235502425003693,-0.3851330252282983,1.1942991702581867,1.935272898687973,1.1076271638626567,0.48654900280529645,-0.6975349969141839,1.3607412467022875,-0.33679624863681856,-0.48836656640345466,0.18456948869708323,1
0.5024356778553607,1.7301662453235953,-0.01675123695403261,-0.5891134171926458,1.929813064095227,-0.892891109009501,0.015693980070829533,0.09007555298424592,0.0865515766495605,-0.27463045307186523,-0.16785781338512587,-0.5074013540965067,1
-0.027898384939835492,-1.1486594193066544,0.5508975029692819,0.04611650758068892,-0.36876578930098886,-0.6846551074359677,-0.8590772405037591,-0.5834845716033947,1.4972928008871287,-1.0626158463416444,-1.2472684156699783,0.5035181993509505,1
-0.027898384939835492,1.29581237440617,0.4865376202343936,-0.02590888188898273,1.2217049144246024,-1.0300929865726571,0.0515725946056527,0.4200933466572229,-0.34392028881644393,-1.0626158463416444,0.12073905112348182,-0.20982078759690034,0
-0.5286844098935036,-1.2038724887605348,-0.7623322286825713,0.31037957983434905,0.27224973407641806,-1.1520027171363618,-1.5352993850840566,-1.8131302700377672,1.9116171079890252,-0.39712232458623326,-1.688809750072833,1.5165318536298706,0
-0.5967169834921647,-1.0502610732177065,0.5331109571011109,-0.6949130890996047,2.0946289933074675,1.0184181591186898,2.7506220042288985,-2.554563136600393,1.378433499659238,-0.29603759700953464,0.7132137230172603,-1.4078531128808953,1
0.6467042802045377,-0.7183943939622025,0.5843370746647321,-0.6783533425436054,0.13032490839463962,-0.9931362540059686,-0.15716232108989373,0.6033828333145229,-1.0013415143123552,-0.06027207156526556,0.4559753334270584,-0.4675092277199429,0
-0.5433880982436091,-0.9682294862515999,-0.1573513676330662,0.31435352813256534,0.6451136949496046,-0.06810722104398641,0.15880106690888043,-1.3005919485444166,-1.6029788111947267,-0.3752751673698797,1.3730738710442019,-0.08392743079178631,0
-0.027898384939835492,-0.9498469378636423,-0.8888423600031553,1.2112826956418263,1.1567831373262873,0.813595240821488,-0.5548326931022906,-0.41219776219403237,-1.4488080333481683,-1.0626158463416444,0.5112551375938567,1.0005989507063628,1
0.5522455576405146,0.13481059849372964,-0.5830570286559665,1.7757587774816723,-0.022926822079164765,1.717511214746683,-0.1468941864380404,-1.2606081929830328,1.4619312437744811,-0.20062152084459053,-0.8620658314515011,0.9681972162612804,1
-0.36297242276707936,0.3525742198232465,0.17944835641480764,-0.5345069758530615,-0.6283396848896544,0.8689295276532739,-0.4262868671295575,0.5957224059913219,0.7495307888032143,-0.6433418954301273,-0.7580519357824013,-0.22050658436256845,0
2.184968650284319,1.3826083126836848,-0.7573128139095832,-1.102784172811441,0.8848624910923532,-0.30743743487047814,0.5664590377195461,-0.32782131701027883,-0.705472226473205,2.2253247619127015,0.7877097418389656,-1.0164900021952008,0
0.5785564118376082,-0.8305589745788035,1.7669783806541641,-0.5748271276551713,0.3861108321538199,1.1129126534841431,0.4873902809024819,0.1757363629907029,0.11906474620629759,-0.16152810737895926,0.1264518408920735,-0.7187400899812088,0
-1.437177969361415,-0.361167724903701,-0.43180150905716486,-1.9267517466380806,-1.8498142650615486,1.2441090987564076,-0.8986358602172126,0.9134541518300997,-0.4411956655209112,0.9527431752220289,-0.5173997899577516,-0.8701179354784966,1
-0.10465555684186395,0.43716876237537855,0.11295106348775581,-0.748932095605313,-0.022926822079164765,0.569981068335663,-0.11370481296752666,-0.1385651463767651,0.2261563882564383,-1.0271564219032352,-0.3278897174561371,-0.5320434945258669,0
2.2904868003496666,0.32937831069349494,-0.6678662968965448,0.68604969703085,1.1298713918115435,1.828851680236802,1.0011254919740293,0.9400211081816191,-0.32633105450732514,2.382106622270881,0.7963201504808115,-0.33203700012882076,1
0.9417662169395157,0.8436962261101086,0.6559811418225032,-0.40865493923740415,0.6030379849644009,-1.3615136434337736,-1.1060319675772756,-0.12780723482206924,-0.6601104660703255,0.3781393233800421,-0.5529584891265504,0.4050874504068991,0
-1.0139417727056281,-1.7141441938719588,0.29720299619701346,1.8405220349540141,-0.4262692303992629,1.043184685178421,2.7506220042288985,0.6999051884981166,-0.17627293649009956,0.32388682926144896,1.9065125085938517,-0.526318051893622,1
-0.027898384939835492,-0.4401320064940685,-0.26291044806468494,1.878191026911488,2.0946289933074675,-0.5498879702848898,1.5883202720031235,0.6743601713094894,0.45761872149229266,-1.0626158463416444,0.6166061273699799,-0.0754905751907445,1
-1.4474188130384715,0.5664608467772884,-0.09287842554867075,1.2932494224346904,-0.022926822079164765,0.5375220841918975,-0.2864403078370439,-0.5161331427725061,1.4791698142537457,0.9679593112358985,-0.9412145989925125,0.802742858362099,0
0.03026270612743677,-0.3261529003304063,1.1295459742404699,-0.46609807844993234,0.04871969607897419,-0.5860082823891116,1.4636448109698812,0.6271211352119793,0.46302282968387604,-0.9761984475117628,0.5355504544876303,-1.0136131411883238,0
2.2904868003496666,-1.88965791437542,1.2860419392354843,0.8224015352866,-1.7910509477921834,-0.14440451780649233,1.4059117905908811,-0.3944929003191944,0.8953812924147028,2.382106622270881,0.24234185648259826,-0.4435704299444657,1
-0.6984210126426479,1.4060383095053886,-0.9660030513278779,-0.7039554313336012,0.05021835881467287,-0.7961418290879012,-0.24895186120264423,-0.3399217080740557,0.20365116679685594,-0.144922865693071,-0.4043986012638559,-0.43184641204153573,0
1.6582586902525915,-0.9541071911462242,1.2393383978686596,0.14568847683248015,-0.022926822079164765,0.8740231484587698,-0.4552247777743488,-0.60657327507439,0.7627967642954502,1.442724163325486,-0.7803532073568987,0.22936839899206973,0
1.5907247113933956,0.8226918510247906,-1.1091156813588652,0.1119657786596115,-0.04919396184446776,-0.9188288685204918,-0.0308866588607244,0.027981667527932786,1.6301553493406264,1.3423802619551766,-0.8577086967221401,-0.08253852440737201,0
-0.638687147955452,1.6691749442290456,-1.0659116845746561,-0.551776028277419,-2.0984991548144736,-1.898204252440053,0.024353103488450864,-0.5529865819820458,-0.5504434028311307,-0.2336771361786933,0.2447737244119382,-0.4907697225514361,0
-0.41048867773569186,0.9411011664359641,-0.5650082197754446,-0.11302820358440754,-0.48983073488176315,0.6976710203175626,1.2969156010402811,0.9214903534331439,-1.393929067811256,-0.5727408960132587,2.183187792934999,-0.8080016017409943,1
0.12987861779236323,0.003111359071363047,2.6037558455985046,-1.1841598104616715,-2.0984991548144736,-1.2845343222329173,-1.8670528138956748,0.20568235791561576,0.7225095676055183,-0.8281863003841737,-1.602851811090418,0.6008232303700698,1
1.6677149293759645,0.5829092249239395,-0.14446564240217502,1.9045410926146171,-0.07755301637782266,0.23861228218169808,-1.0653416756933702,-0.7593408761026053,0.8907996897298416,1.4567745116384165,-1.181459885319292,2.1042440029953093,1
-0.3397175675422217,-0.18003000767315996,-0.2753381819619398,-0.4734006203517073,1.4777556403144843,0.3532101027638854,-2.542133322578313,1.1213963488370604,0.38245064255559813,-0.6778946189403043,-1.9372724596756612,2.8211962206331407,1
-0.7033959830100033,0.4695633802093254,2.0409411864533307,-0.5780485647380862,-0.022926822079164765,0.7478830949654235,-0.7564476023706602,-1.243459297331304,0.7941617818859737,-0.13753091360769285,-0.9692472872109996,-0.018090521323511268,0
-1.0810389083466379,1.0279179015507074,-0.7244792809056932,-1.8933704678417114,1.5643238422915515,-0.23272418908972167,-1.0734904519843578,-0.15691147050163545,-0.48164279556064465,0.4235816565872484,-0.6258595328588512,-0.744683893269077,0
1.490273307093099,0.9308237095778542,-1.752579542130628,1.3617276362206263,-0.4652667364695378,0.393557573192046,-0.04957086686160144,0.928484333365209,-0.9821107145098322,1.1931267161714532,0.5297686912298788,0.646418017629736,1
-0.027898384939835492,0.5195724633691063,-1.141106700490042,1.7157819224310555,0.48396770620805885,-1.783454004230214,-0.5649709308540016,0.5477989938379949,-0.09633489116792537,-1.0626158463416444,-0.46287504519247963,1.3396447588984397,1
-1.2519478053029216,-0.5643404266261294,1.8825626073179158,1.7015623210377722,0.297776042300282,0.4618099836173816,0.17108635385093307,-0.05568297062586407,-0.0666467437953644,0.6775229434651564,0.02713701014726802,0.6662445726072007,1
-0.027898384939835492,-0.1885304779031856,-0.37782102912207594,0.2275277855418168,0.892547255596992,0.540828939271973,-0.1563492738705031,1.556970514245448,0.5490234717255504,-1.0626158463416444,-0.5107346133156117,0.06526444829321099,1
0.22036029346122588,0.2176967029324214,-2.3834170748037873,2.5490151593111063,2.0946289933074675,-0.8245514175638803,0.6936845418444196,-0.7137899296692624,-0.8184307339100271,-0.6937460601894359,0.9919606909864696,0.7271327475495087,1
0.7678899987329333,0.7587121307955879,-0.2005010276091162,0.2124968979669878,0.6642616413797365,-0.7568420043702133,1.6609831468088656,-0.8050225199276781,0.8282479844609503,0.1197891064212516,0.4286121741909369,-0.791912470695824,1
-0.14072308404804226,-1.0384360504462813,2.6506525209590475,-2.5411298579174484,-2.0984991548144736,1.5651572546959232,0.6856066424196441,0.08677981015474429,2.2072009375806387,-0.9735662669355647,-0.6934711845926076,-1.762613948588061,1
0.5093058406627614,0.008345782660922913,0.3444527523132932,-0.3627181873577707,-0.08706131013913446,-0.6829009525620106,-0.672809801951005,-2.554563136600393,1.3799331300185416,-0.26442257030249516,-1.1147783052264464,0.0643338318418119,0
-0.027898384939835492,1.4287177393061425,0.45262291841409846,-1.8408063514147757,1.12537725291839,0.5841419879514368,0.31492457010965785,-1.1500969174898819,0.42802674609967106,-1.0626158463416444,-0.15999020194534114,-1.3135763177031479,0
-0.027898384939835492,1.1358383745697165,-1.3044932779851146,0.2837505186601749,0.00781892196133274,1.4184076666147156,-0.07912311660846096,1.2282900221673616,1.0624513135750404,-1.0626158463416444,-0.6807522863743283,0.04686791559303278,0
-0.027898384939835492,-1.1122598355755313,0.19067076517136355,0.8181736026121393,-0.022926822079164765,0.25986147729178066,-0.13316439468202765,0.2593752589807191,-0.4808757911064996,-1.0626158463416444,0.0770797730923313,0.3955425713362892,1
-0.16634624234860523,0.028653311935176614,0.2069375455389159,0.8204610533879111,-0.022926822079164765,1.2226511626262857,-1.0350184489845287,-0.26804046578912616,-1.4118699191510324,-0.9354946515392892,0.026012440454431438,1.2526857070572268,0
1.1008493142468747,0.645665917382278,0.13262819342536913,0.1888575794687498,-0.022926822079164765,-2.0230233505581348,0.7377401620423847,-1.2709858766914757,-0.3970622237562419,0.614509501704272,0.6608872547109949,-0.4481283904530381,0
-0.027898384939835492,0.4056909845507467,-0.11700612131137392,-0.3352670101049608,-0.6274670981979861,1.7333032496156222,1.1224532687897026,-1.6816742917949348,0.34052818848579486,-1.0626158463416444,0.39989064334472285,-0.8463539398943418,0
-0.6481765779178226,-1.8286516894493139,-0.038241036473478374,2.398042448686472,0.15433583848128296,0.24767748400137804,-0.009484158409320848,-2.226173620714379,-1.81226980575087,-0.21957747197573185,1.4784663737466763,1.2044176082419538,1
1.387945297728735,0.8172797603564296,-0.6159496827237959,-0.6344547822932927,-0.022926822079164765,-0.20634667475815288,0.5377374597701143,0.06943999216779692,-0.5739896284105799,1.0410848573541918,0.6538742524219505,-0.769774286007353,0
-0.13237438271536184,0.06281351808087958,0.5134953993375082,-1.255671522699812,-0.022926822079164765,0.11277462825030303,-1.719073216534886,1.3312692949976646,-0.5301290206315996,-0.9859710041841029,-1.0880007754560654,0.3453612156684054,0
-0.027898384939835492,-0.10901223045777074,-0.4724026295480032,-0.6575984440701098,-0.022926822079164765,1.429612234826962,-1.0839521336023759,0.027981667527932786,-0.12240696304292671,-1.0626158463416444,-0.8095404420170413,0.1956343272332752,0
1.9707289450736558,-0.5935768599720432,1.0185310898412063,-0.46168655588172786,-0.022926822079164765,1.3503161463124362,-0.589635102260138,-1.2866483772859372,0.4425911896709148,1.9070013310648892,-0.7318204359048125,-0.06286037652644653,0
1.5128049877299798,-1.048471733591222,-0.11230606799004395,0.39123981463498675,-0.4213208668025943,-0.010401002943788585,-1.2373960936779915,-0.24261849808679195,-1.1135697813147027,1.2266049263661816,-0.3806500235519326,1.172474453012849,0
-2.292877724178539,-0.28528614864970486,0.14805762180849869,0.019303580942016334,-0.022926822079164765,-0.9585074209066758,-1.2600191828596552,0.08180364908700924,0.65189341772913,2.224166142599513,-1.2199157614507077,0.9040926073146407,0
-0.8958618069445652,-0.9793997596543438,0.9539154432851829,0.8439542015908905,0.018771029180762077,0.8224528022093017,0.7297122840770223,0.21893030941866007,1.5685335992228084,0.14844026683039233,-0.442754624278446,-0.12613332181135747,0
-0.24875315387387653,1.0352528982551064,0.14929490414346883,1.676485255855286,-0.3980500012464092,1.165725652260948,-0.3453011917048589,0.13318478121188915,0.9662940062359252,-0.8130521249473938,-0.7945740843847723,1.0911634179266267,0
0.40876104554500087,0.41936572978593145,0.006184050535468563,1.5457858572740577,-0.022926822079164765,-1.1185835708840113,-1.6491685489600474,-0.16411583517601605,-0.2723908928891546,-0.4138148788118094,-1.1438641823849713,2.825229001974294,0
1.6698736360993127,0.8886195964549797,0.4651398321325613,0.17691154223706856,-1.0135021742606305,0.9419885304132721,0.7938300278917798,-0.4657885590824268,0.8140409513284216,1.4599819793190443,-0.06996011069778348,-0.4789566774593102,0
-0.15004793622750182,-0.38763104011146543,-0.8583311769905314,-0.2277119752341283,1.1802512378905796,0.8664673704358858,0.15541723945720293,0.46768822293978585,-0.6303429170798998,-0.9597111370706525,0.405263652737032,-0.3789218603663622,0
0.7859746246285672,0.13745981418635625,0.6184374587232002,0.09439045669216224,0.3262029287011715,1.2123939432791089,0.5698612724764709,0.0027361496265856295,0.4063691186500717,0.14665975654204355,0.011504231600441459,-0.41699872493028234,0
-0.5218617577307435,-0.1943211469502318,-0.8069268033822768,-1.0098289446107211,-0.022926822079164765,0.23571224344715827,-0.08826147735309009,0.10510380194591987,0.3752623897957712,-0.40725961469217076,-0.3865050984370958,-0.6963970566607677,1
-1.4804547390011054,-0.8555661656591826,0.8433412195779456,2.3027561441817936,-1.1584049550414572,0.4884136072111303,0.5001920164467905,-2.554563136600393,0.40261439100864005,1.0170450270854388,-0.030161913624156645,0.740478738341181,0
-1.5066908294919734,0.7687816895317648,-0.09835566013184245,0.5574745870225682,-2.0984991548144736,-0.6722373611598154,-0.6212891461971596,-1.306598113679687,0.6455077960030763,1.0560273545157097,-0.8335043736258967,0.6346127329754806,0
-1.7126026120367948,0.07434065422191548,0.3418681227297647,0.48965710000942875,0.6197857020771879,1.0541952138054485,1.7330007017436984,-1.4101723351930169,0.8599759935376237,1.3619769216475535,0.4517744709772424,-0.702609322224355,0
-0.2492125435161727,-0.5689559490628158,1.1834818729834802,-0.9489317120888153,-0.022926822079164765,-1.0672110523194016,0.1622273533254213,-0.1329836344667356,1.4657186350137317,-0.8123695507864188,-0.7005104777858991,-0.7770578004802351,1
0.29593202767648014,0.09851672544459678,0.41512204482850573,-1.3794449230400836,0.27243379928284,0.20890091467785668,0.5616750780749579,-1.487878853157459,1.3840713100898032,-0.5814594339225444,-0.45759187898301934,-1.15384944403072,0
-0.027898384939835492,0.3663255881974317,-0.5320755422520803,-2.4451287466267613,1.6773577815276908,2.523248950760673,-1.7891161970069624,0.13631738836562787,-0.07929936372769425,-1.0626158463416444,-1.3143503821839557,-0.7163000004957503,0
-1.2890724123719552,-0.34172383483435,0.5475388445960694,-0.6290440904320488,-0.17828915733507533,1.4304405632073296,0.9528299509233217,-1.234527592728363,1.0649620309183325,0.7326837376768147,-0.10289655916748568,-0.9222341740498138,0
0.08311304789364043,-1.4255657041373762,0.22702811509170337,1.3442135346550654,2.0946289933074675,0.46248016481338594,0.7960516211884588,0.7312132364954687,0.3822306112307585,-0.8976719106312404,0.16769498087637966,0.08002712317266852,0
-2.1903352074506084,-1.6090511402960992,-0.7836312825911379,0.6824221314595298,-0.002858540221640917,-1.0522773159555672,-0.14227215017954475,1.2582424289208523,0.08264389224944833,2.071805562657026,-0.27101747573616686,0.32271103366813814,0
0.24631289527983885,1.4731182259930693,-2.5058650315746616,-1.6111551406396938,0.07230762325150628,-0.8275366675518411,1.8744466039992929,1.3469148011143102,-0.6474762919638909,-0.6551849482694738,1.75236049857411,-1.5823445663152447,0
0.8784775289154013,0.0518616145689704,-0.5082931366780237,0.7349831743255482,1.1269389956998348,-1.6556348759780377,1.144174969936832,-1.4285104192275218,1.837206722888774,0.2841031955489149,-0.3379317971674048,-0.37299376605150214,0
-0.12303769881625005,-2.5025606854933793,1.2987250819195997,-2.5411298579174484,1.0890364023242611,-0.13124891278108808,-0.6567925005894836,-2.110391566566808,1.3970373131080343,-0.9998437139536777,-1.111408228338313,-1.4037993730139362,0
1.0561219972914302,-0.3983638254494448,1.3052595722612708,-2.5411298579174484,0.7794881640556843,2.5256597932467453,0.932918614432082,0.12874058846383035,-1.4494460312056665,0.5480523854947693,1.9186670350289239,-1.808832118609952,0
2.2904868003496666,-0.7302186785972313,-0.70752070127727,-0.988729507308513,-0.8328371367591497,-1.2900184786363997,-1.2750182214389683,0.7930175439655683,0.03351179725789202,2.382106622270881,-1.006867845261862,0.11280588068453569,0
-0.0357636230621841,-1.5307591084844638,-0.07056381247921602,0.14558986076075375,1.6878129541257538,-0.0834985139074968,-0.08444029579512294,-0.9693434289550796,0.9943207799123586,-1.0743022402389808,-0.6570380496060364,-0.029599688397536583,1
-0.704751484510565,0.12903043507786677,-0.5707808514878204,-0.36674627164283763,-0.022926822079164765,-0.2898497908115334,-1.5880885095132125,1.1535318250637452,-1.3096699914614007,-0.13551687102975946,-0.5611027168219433,0.992966301368327,0
-0.307065600722377,0.548522003755962,-0.634171261090073,0.34671840691037314,0.7534051326409492,-0.6838680629231381,0.33731890249038604,-2.2139350164086964,1.498925322536765,-0.7264098374046013,-0.6206791857314736,-0.1683966119927507,0
-0.5768985346448192,-0.14810950208957185,-0.7807445201459974,-1.2819992288675444,0.5084698828677059,1.368707865585524,-0.5760401498189843,-0.909715433568196,0.6908974933989492,-0.3254844104513545,-0.8240341988068354,-0.6090627329039443,0
1.2861362113576882,-0.46901958664083077,-0.5087479026375057,0.010697367534323914,0.7141630663171786,1.255638963678182,0.35283652446252944,-0.3603938124830994,2.2979225292058896,0.8898140290394979,-0.8782626918517976,-0.3532917974345848,0
-1.6013643119549632,-0.31113942885215884,1.2785780879271247,0.2441174514093718,-1.2609103666211086,-0.4356803013804589,-1.1104204457006692,1.2246029877389337,-0.11375387142640406,1.19669590014452,-0.831809522411109,0.906701490327184,0
-2.0481362410950985,0.35031207566747774,-0.07199605711384632,-0.1731628725534381,-0.9297412771291316,0.7517838204345471,-0.23890949358095515,-0.05690709908112719,-0.3097555164268639,1.8605223050144293,-0.11153904069598296,-0.11880233246719846,0
-0.9640912039794265,-1.2046286970833706,0.41127844555562953,0.3928794579936646,1.377351617362783,1.7419904021863575,-0.1970817138157197,0.630301593333001,0.977406414876323,0.2498174402514357,-0.7144066310882807,0.19115216713184746,0
-0.10208567972298013,0.6685782675973702,-0.3269166450362528,-2.5411298579174484,-0.5269513266497925,0.252999693623527,-0.405303061428554,0.6866233035638942,-2.527189674758754,-1.0309748182202765,2.2067790641860108,-1.4896044558993988,1
0.37117580217153423,0.08520572457700926,0.413695442294609,0.5183840823298709,-0.4783447909328351,-0.14121656843470548,1.7821799471214974,-1.1567465532523118,0.6970059417646208,-0.46966009951040666,0.580069668797215,-0.7074616549300301,1
-0.027898384939835492,-1.3115284493370634,0.9557751483415401,-0.8441622004792855,-2.0984991548144736,-1.4395486489837215,-0.11231989704133097,0.7322847540444858,0.18003049651150907,-1.0626158463416444,-0.3030294412928148,-0.5882399087021509,1
0.21696312241760096,-0.6787729442996441,-0.7561887877191972,-0.6211690807530775,1.1716456155607684,1.8803504759374496,-0.718674714423442,0.7740623308619744,0.7182591032896749,-0.6987936732858047,-0.9193647552908055,-0.0758087673067683,0
-0.4894312968275107,-1.976089459264543,0.23238038252871365,-1.2723973547947778,-2.0984991548144736,1.8051813374986243,-1.3533676938229207,1.8617053048346395,0.2799746648013469,-0.4554457133826161,-1.1518144347822905,-0.04601224186228403,0
-1.8936956650147372,1.3742838988445498,0.2606860537268242,1.6989273358941295,0.13385020185734411,1.3161887276561268,-0.7303078330958216,0.18382797680809704,1.3702767414249952,1.6310501164130125,-1.1425882889403178,1.5148894800998718,0
-0.5030678205087407,-0.45466322067115933,1.3063515721734813,-1.1291112933313432,0.8990075958138898,-0.9622792310197806,-2.0366851432918667,0.0023641801092045872,1.8413714453077823,-0.4351841797010877,-1.92462837633954,0.9051222461324322,1
0.014425256475627543,0.005792846780463715,0.9788341871097491,-0.7235779716180344,-0.806037147803974,0.3239349793568394,0.5456105783158551,-2.235916957865444,1.14260926293801,-0.9997301794289915,-0.3653874035013895,-0.8178977947780641,0
-0.13600757407325276,0.4695762060100953,1.5360224146205321,-0.67062953959243,-0.022926822079164765,1.514957351170965,-1.7767516685729132,-2.487167526831243,-0.48147307470997625,-0.9805727054101513,-1.1520424760924308,0.9758063450331893,1
-1.2962043741347549,0.9701067989014807,-0.49238810511124265,-0.5045518660937348,0.7805408913931693,0.7639210584696382,-0.9371271221226372,0.027981667527932786,0.5029640131195287,0.7432806087599662,-0.9714364879818004,0.17964193398129524,1
1.916986813753057,-0.9327097985556184,-0.9562938220810602,0.07742629750409905,1.6140130294427815,-0.7222579751304138,-0.5946350499960514,0.149568720619525,-1.809654979776841,1.8271497479691,0.8612724570163841,0.2950682456894114,1
-0.15154750417113017,-0.8104920877830342,-0.159316476093743,-0.026208780954297226,1.0120256275258386,-0.33318864470977405,-0.08207057480040383,-0.9416513623722562,0.669451246264244,-0.9574830364852087,-0.5196654016284318,-0.13047380644854564,1
-0.3936325621401116,-0.38193867245410623,-1.2810622954033646,-0.1848269871950965,1.4161587465206706,0.032064963692645373,-0.1986971890402969,2.235832785877862,0.7881817193868634,-0.5977861906839002,-0.6395989607903325,-0.15121853095865703,1
1.202749990558393,-1.5173472569584936,0.039881880552113835,-1.060192349423372,1.11998450706587,-0.2536292317509784,0.49358175606743543,0.38573402184442146,1.017028721438497,0.7659164169504398,-0.3392518150179271,-0.9687053158936644,0
1.1328663842030873,-0.5659588471976211,-0.38775348009074445,0.08056242119327903,0.7072730940514923,-1.219378827062295,0.3071780607402126,1.1358671181074846,-1.148443873530301,0.6620813723999226,0.9927699247790962,-0.29276834642965077,0
1.6103770409038367,-1.9979081324428765,2.3472898334284853,-0.31179046286480744,2.0946289933074675,-1.9845524487634527,-1.190460042254341,0.5969772147794934,0.6692787289822656,1.3715802505742984,-1.1838150931376414,0.5650324436404925,0
-0.027898384939835492,1.2363380067677516,0.017606480815778855,-0.6746716940548325,-0.0796255610724952,0.1659638080881901,-0.4662962297086772,0.0458867713682058,0.6703690763367612,-1.0626158463416444,-0.7502832427554615,-0.28354100598457116,0
-0.027898384939835492,1.406194645736239,0.4501049661865758,-0.9094800498618617,0.003159486342859922,-0.5150732915571118,0.07868033838128353,-2.0833435677399095,0.2171089807306477,-1.0626158463416444,-0.19815773217847116,-0.7178571411431758,0
-2.0150822977336422,1.03636593677196,0.49697075119929834,-0.3776334110124457,-1.6343967007803946,1.003973868576135,0.5670928307651145,0.030028663599918348,-0.3101205193983025,1.8114098184026601,0.47013864891925244,-0.6526596959362929,0
0.5723033984397393,0.44353182798298457,2.6791991612090658,-0.5916403698686826,-0.022926822079164765,1.3077884668108952,0.23073127435524463,1.1714763071052283,0.31910707961732465,-0.17081901205038655,-0.15521507747538535,-0.6140146972414611,1
-0.31912678194386535,0.1612855691183351,0.2712856055158661,0.54393695400962,1.1279102509196355,-1.0041441010665118,0.8415950573707849,-0.3217319430421536,-0.7562846095967212,-0.7084889922338794,1.0515646020807228,-0.32532625394205666,1
-1.1120859611645542,0.3606779560947464,1.9903849206000603,-0.36615201361968613,0.8271691938687564,-0.0020934480066964836,1.3841002940429892,-0.321118019000698,-0.8320123283569155,0.4697122483045694,1.5636117525524662,-0.9465001086751043,1
-1.3676509106210448,0.28256298921899686,-1.0438485044576753,-0.009858565725583173,1.0039348407654547,0.9097490953635282,1.9162743595631888,0.7059071990123512,-0.6806706476218378,0.8494378992311504,1.8212091493280083,-0.9592758916602528,0
-0.3858044528967851,0.5699038800380649,-0.07012512847843534,-0.4029938953629012,0.09991912471832703,1.2988786150834304,1.2166082908619453,1.5958198770518348,0.7127306025996594,-0.6094174174396357,0.23379633838848873,-0.9085824708087875,0
-0.5318163917228484,-0.3425269230442949,0.4770076186588502,0.6942705851491465,-0.377355919627116,0.7829917896233131,-1.099741016324347,-0.9449246972899791,0.7563161392181726,-0.39246873714645536,-1.1583325574995884,1.2365326232222449,1
-0.20558494955629444,0.023597676874791865,0.08099110049108157,-1.2473012757789608,2.0839015599401813,-0.06635891657657765,0.5010591187114875,-1.1784449244284925,0.6930382884317676,-0.8771926673757919,-0.18203038130488566,-1.0666646547273884,1
1.2099032410112993,0.6959097434276617,-0.009364302861505655,-0.42266190063078524,-1.8113210818247025,-0.8898641952028808,0.4390318121276021,0.05555801343904645,-1.3235427086720695,0.7765449193731994,1.3012704449442418,-0.6197983045544402,1
-0.6656357074449112,1.396986162113562,-1.8044153368208273,1.597436013249062,2.0946289933074675,-0.9107381232322866,-0.5892143820581649,1.1006947365621464,-0.5433979588779247,-0.1936362021013436,-0.22555794284258998,1.288324201751314,1
-0.8407879507079185,0.5331174822903542,2.3306138440690782,0.5184774619068843,-0.6761082859305232,-0.8751912922952403,0.4042209024514149,-0.7596694404111091,0.41548961673470447,0.06660996908035596,-0.09740810904813735,-0.11553390586069098,0
1.1848740654533343,-1.4156577120566811,0.7535834457881256,-2.217314308801582,-2.0984991548144736,0.502667068932332,0.2677036178967787,0.8618098415135138,-0.9000431203923916,0.7393558603840206,0.720446260841563,-1.5001632479487605,1
-0.42409818091954055,0.8903682609726182,0.5795015491460447,-2.4631675212409894,-0.4637380069345491,-0.5574663589219119,-1.099975358544216,-0.15890138876106102,-0.9358770845100957,-0.5525195101531678,-0.3813431986231423,-1.1610768729685867,1
-0.259523470988648,1.2600401882396879,1.3238742918651327,-1.3807520099402353,-0.07296228656308901,-0.3086186655516173,0.1731975532133594,0.027981667527932786,0.7982131584688701,-0.7970492822814101,-0.4257280999142765,-1.0175052153074822,0
0.050728294013425705,-0.01981775361685067,0.07137978020671504,-0.2964247972778333,-0.022926822079164765,0.702019813227362,-0.5810668053029726,-0.5589717342604228,1.8277643650657005,-0.9457900965304192,-1.195596537044959,0.03926613563507543,1
0.6284034362724378,1.3134262473043734,-0.31486683055840203,-0.8086944983039502,-0.022926822079164765,0.08460401349130686,-1.7102397536090825,0.07198175172233832,-0.3623956963354798,-0.08746398457759953,-1.1517817964464618,0.7528961107439694,0
-0.7983887586231345,-0.05529212677232822,-0.5221485686426739,-1.6957315192938809,2.0946289933074675,-0.26075389641296093,-0.8332295888040708,-1.1630636081086174,0.26185030759194794,0.0036120468402534816,-0.8100028366725645,-0.7429251860415222,1
0.45665588456088857,-0.6994958024632294,1.0699371188826075,0.7025403576432293,-2.013422730429012,0.120053658355005,-1.51001910910479,-0.9453744182735982,-0.09665037767353243,-0.34265136847907485,-1.115475099354176,1.8193738522466396,0
-0.07218338213052213,-0.6657675398489701,1.6155650381827764,-1.0377296966281766,-1.3775785902092421,-0.33202875949283117,-1.2157480496289423,0.01494693446166386,1.6513996345695356,-1.0754045001529686,-1.4716828296661246,0.02010317050371836,1
1.5445281866243707,-1.4208975527981251,0.5440276728012844,0.6288821055485966,-1.2472183699041466,1.4108431087892506,-0.09796029176352972,-1.718326988097917,0.4126213875060713,1.273740155102612,-0.41077574211434464,0.2596163088078761,1
0.8441960650493436,0.1508539790275953,0.3588421381526784,0.48832280149012014,1.7409018937732634,-0.15066824816145133,-0.4362733857909997,-0.9251149802513735,-0.5577187629156618,0.23316682415315335,-0.10027040032913216,0.4310456009008019,0
0.4815782595904496,0.3897322237980263,0.6774740559267479,-0.9555701938058238,-0.030790936033849484,-0.3816493043121264,-0.5447624061886989,0.4516182470683816,1.3422142914250355,-0.30562099674436405,-1.0345722345077657,-0.41490870043314126,0
1.1269409751697153,0.30849273360054014,2.064760963043068,-0.7140086532979001,-1.3611040744736176,-1.021146179047505,0.13277845327227178,0.027981667527932786,-0.7172364973323015,0.6532772315856655,0.4562335656419496,-0.634736306090143,0
-0.6230692573660692,-0.03570983756294097,-1.0152903003048468,0.4893994760273388,-0.022926822079164765,-0.13134487943697376,-2.0625541975098294,0.28136688628869894,-0.4650418133478352,-0.2568826410132409,-1.3718939561871042,2.692532985024369,0
0.5750507117769446,-0.04564820102388865,-0.5158443177547167,0.25246885266143515,-0.022926822079164765,-1.244731852736004,0.5692770313565887,0.8075859040184298,-2.143002876401842,-0.16673697596723774,2.6603368345661416,-0.33739546799023284,1
2.2904868003496666,0.10879898070348537,-1.5362178342012307,1.7342072256184693,2.0946289933074675,0.5702121945015144,-0.035618567087943816,-0.13070769312707078,-0.5101937546817906,2.382106622270881,0.17059133205570814,0.8485515109346633,0
-2.1885701039036345,2.5156631681133277,1.326428214029855,-1.7219944795697295,-0.022926822079164765,0.8245163607276795,-0.26152870457792465,0.3759613493149741,1.353055636971829,2.0691829217402926,-0.8862045137658787,-1.0393618858606033,1
-0.5742668098760041,0.9260505368770704,0.11356833326491327,0.17560556131692506,-0.022926822079164765,-1.2295448315650388,-0.3193207902776516,-0.99327554008645,-1.0950361303478522,-0.32939470176095387,0.3985098875210628,0.14726278710441884,1
1.1951118282007749,-0.059026905740558265,0.2855443878486809,1.1144394263158617,-0.15106360449402909,-1.168291558683085,0.6838657544315458,0.06852351461930921,-0.22095501344331386,0.7545674186652772,0.488209544788287,0.030403494133269284,1
1.1639778867527792,-0.37111091522283157,-0.9958283277192709,-0.3798026738543451,0.4645519138030164,1.6509822958328866,-0.0898524929231659,0.3579626804867838,-1.3846281871101276,0.7083077253568139,0.8815530012035867,-0.3305734012602962,0
-0.027898384939835492,-0.7505119692039257,0.8226571758518331,-1.833814706026936,-2.0984991548144736,1.6344074655903078,2.154734831226575,-0.9628453814378067,-1.3054188170592127,-1.0626158463416444,2.8414522254291437,-1.717160662160077,1
-0.3125479967312536,-0.14601413450938516,-1.3526439060637798,-0.28166944144254397,1.4661581439635585,-0.07956199721862474,-0.6188266977257229,-0.06514749985417263,-1.054437975777833,-0.7182639379080727,0.10809530381081713,0.07724622093170638,1
-1.0859843544313033,-1.3477772003815194,-0.8454537595838413,0.574045880444899,-0.022926822079164765,-0.4933466613928175,-0.022108104128518317,0.6046642919881182,-0.7067628571052832,0.43092974065595835,0.3260503910649899,0.1756063202086933,1
0.2461304400204088,-0.08756723161282115,0.16013555227419485,0.22865645490282363,-0.022926822079164765,0.8466432573808612,0.44854502663426354,0.4518066709346001,0.8983655181879951,-0.6554560454692244,-0.3111743911378347,-0.2889577269385253,0
1.247587285517429,0.9312168028390456,-0.43005930403432613,-1.3987670864563317,-0.40941984785106567,-0.9637628950024218,0.02004974539374718,-0.1197180278660558,-0.12190541074253837,0.8325369415971725,-0.04335482818403811,-0.9669801073223367,0
-0.027898384939835492,0.7898763597082267,-1.1506521352774597,-0.29321213216359415,-0.022926822079164765,-0.4538078553113084,-0.3998769478801268,0.027981667527932786,-0.8904741861265493,-1.0626158463416444,0.1641018818457649,-0.08663032672946532,0
-0.7240106231491599,0.1375388314875362,-1.4571927134368712,1.455054567409219,-0.2624448610051554,0.2803651719502714,-0.5639118174715332,0.4987115571944215,1.2115275159437258,-0.10690109656076979,-1.0028573354819654,1.1685184588839364,0
-1.3126334953461563,-0.9019745178284531,1.5069707964528505,-1.979693343961647,1.3647625001872874,-1.3925973234459514,-1.1718846852033644,0.28433658320066546,0.12681871235032272,0.7676914630630254,-0.9755306491885637,-0.7496618870665074,1
0.49698740183476864,0.8351779881196706,-0.802278653950167,-0.6967403928086319,-0.022926822079164765,0.6767623019485742,-2.294223318426982,1.097343475587232,-0.3856016458898591,-0.2827256561219972,-1.5703415890371544,1.8817124643551415,0
-0.6173538898052093,0.22547668647857771,-0.7262871601231895,0.4075162307879646,0.8642339600940552,0.3111280452320726,0.09879847057771284,0.3009661322017512,0.22712605908840708,-0.2653746962498753,-0.1905031511938826,0.0037147416688498515,1
0.33113417910029813,0.7953090794422142,-0.8157390017043017,-0.2649717429324021,1.0268520337513418,1.9296403476415773,1.0544781368653746,-0.41982153063762906,0.30203665482997655,-0.5291550788384327,0.3811033863131837,-0.7903057625776425,1
0.5305325399018298,0.0010338236493131615,2.4134829061092775,0.1406385709660227,-0.022926822079164765,0.18245196964614852,0.12006990631204342,0.027981667527932786,2.726057444576487,-0.23288333848404807,-1.1012682744263014,-0.15676332226006162,0
0.589711633278723,-0.6887166000391001,-1.3241564401969717,0.35427961962245885,0.526918536192574,0.5482465298726161,0.11000675560187655,-0.3438907061682097,-1.1449035287143106,-0.14495336294719746,0.8169981395870017,-0.032668843018439864,0
1.8543841505162093,0.2727022115378236,-1.552139332700978,-1.3891398989368322,1.660680334331037,-0.43484993281606976,-0.5568512019485814,-0.7934878446965928,-1.0056857885479469,1.7341329352257835,0.12257812317020532,-0.6896111928813249,0
-0.32032685858149945,-0.3084640121817087,1.0608257374090275,0.37679517910914967,-0.022926822079164765,-1.2023659747137456,-0.13942120045633613,1.3275822545467426,-0.6220172933670424,-0.7067058843258641,0.17135028714027586,0.1414572219497451,0
-2.292877724178539,-2.0529054840615237,-0.25541775659413013,0.4088231677616449,-0.8948588387954421,0.35565078912061043,0.790109027463077,0.9901360635070021,0.4077074518552177,2.224166142599513,0.14899421691285006,-0.36593453736229997,0
0.2180860344304166,-0.6480786424415371,-1.4412214704953492,-0.751679497969075,-0.022926822079164765,-0.3201096052280794,0.4165649828202029,-1.8592549934979141,-0.9765265793055805,-0.6971252187660963,0.9153115213251155,-0.7801543457744208,1
-0.027898384939835492,0.18665682252076535,0.23248902853044998,-1.0137638175653882,2.0946289933074675,-0.16388516414379306,-0.14493946544470743,-0.4304356831000022,1.6641242955277913,-1.0626158463416444,-0.9271527345089549,-0.6710344432985751,1
0.6845000431585612,-0.8575636130051926,-0.3103157637919974,0.6188312489943947,2.0946289933074675,-0.9580499399997917,0.27574034959089944,0.11716560137780595,-0.30609426809907536,-0.004114054902551424,0.2571618448865577,0.011174832009159065,0
0.6749607086397358,0.9013014603383341,-0.16969622258693667,0.46253968817129715,-0.7937215446973839,-0.5682006172820455,-0.4899397395670923,0.8120149878645261,0.6065666081346207,-0.01828786871102148,-0.7386533438036512,0.45877038615483157,0
-1.4522917400508872,-1.293828677854859,-0.3294856422589301,-0.5532682705165832,-0.8801574652346891,1.1194238605072326,0.45710724236713335,2.0019562462083824,0.5903070925413841,0.9751996444100774,-0.15659449074341086,-0.6948756663631891,0
-0.7283346482384915,-1.1274788617261726,-0.8220993825440098,0.23633236440054411,-0.880826388803939,-1.247082115893515,-0.598777548518254,0.18395264614124945,-0.6519502226972725,-0.10047633743334938,-0.16361752137292657,0.40299209837313765,0
1.1068391901408527,1.2412104763874552,-0.11299048552008205,0.3249863907200256,1.4156232804331499,-0.11329056336887817,-0.20273663291936483,0.027981667527932786,-0.03157314371948323,0.6234094292086009,-0.24918660504809942,0.15475160261612816,0
0.301280182318362,0.4346922594606775,0.8643632977349386,-0.7634014930542915,0.19034468529141096,0.21364619105529611,0.8060813739062604,1.205917559533628,1.9555113991488406,-0.5735129940568133,-0.5495311737403584,-0.9345502276539128,0
0.17795612141008718,1.0647166769237977,0.3319615408109875,0.1988611224620072,-0.3139045301785369,-0.9737267805239876,-1.455784120815112,-1.0025207780193264,0.010587620482534464,-0.7567513818048035,-1.119852711394607,1.3042671557316463,1
-0.027898384939835492,0.17971465504117481,-1.147502316857881,1.3280125151227073,0.19466984611099467,-0.1394396478386022,-0.059097333867782015,-0.22101705320732876,-1.6669712073158247,-1.0626158463416444,1.2366282924888374,0.6345608688642524,0
0.6248535796617185,0.48098635996783956,1.1927102588998089,0.41888350680592074,-1.3686171362193724,-0.9238341137498504,1.097180119159581,0.7943086340181315,0.17759256310125435,-0.09273846222043804,0.4903932621341993,-0.4957453688215093,0
1.9664191780401865,0.7403933861753116,1.4327825375678522,1.6889033469035744,-2.0984991548144736,-0.7538422533324041,-0.23609237461513238,-0.20883292294568614,0.653377359317843,1.9005977569612944,-0.6050925065064799,0.9966764835507,1
0.8072459101783872,0.2065047005876998,0.6837219107938352,-0.4111126448989881,-0.15475930808705926,0.20808424393779767,-0.006767824362045151,-0.21193526423292602,-0.7877756919150132,0.17826523596568308,0.40205724260494397,-0.39463944551516245,1
-1.357204323690463,-0.7975380565236797,-1.1116047683051782,2.3507928257201103,-1.0256004873744993,0.9142850804253827,-0.6063024213996251,-0.7563088118519166,1.1619160454564985,0.8339160640553465,-1.0098673160461535,1.8034654343168048,0
-0.027898384939835492,1.3701367234056643,0.14808593983495255,0.9784080701768508,0.1686901684191717,0.7391185762383095,0.2806699624798986,1.4587875399940355,0.009237806470276243,-1.0626158463416444,0.05528717002315522,0.19992008848281625,1
0.0068887830364947516,0.319038567161448,-0.0010860161772879278,-0.7843763993549848,-0.022926822079164765,-0.49870701573886705,1.038629892735247,-0.7208436060372664,-0.052661816265745065,-1.0109280854346927,0.6125843577761421,-1.0224921992035607,1
-0.5892426487100573,-0.48770675377802825,-0.5738999303560824,2.5490151593111063,-0.022926822079164765,0.6631312938217702,-1.1076844824104433,0.5402364567754249,0.26688596141307813,-0.3071431756360831,-0.9888930853185585,2.6582175129465666,0
-0.027898384939835492,0.5508953308750864,-1.3737488074895483,1.930528735051925,1.5729259463572398,0.7389583580202487,1.4159600217033832,-0.9492468966429843,-0.9191989424370983,-1.0626158463416444,1.6863645508837433,0.026851337283808903,0
-1.2335820933318202,-0.7951239833859904,0.33517715858386665,-1.8760899418778905,1.0395348737662125,0.7791018446044248,0.2590147918867619,-2.13490879254151,-2.7356601172715598,0.6502346476805113,3.6372864255938673,-1.3150525050299424,1
0.7825792179521596,-1.0813341456391192,-1.320741921442843,0.6226726715429406,2.0946289933074675,0.7376774651528235,0.5300224679804295,0.24452551880008244,0.19883699391177917,0.1416147649925321,0.1061619683467058,-0.13072487728134974,0
-0.969056137456736,0.02018928766531496,-1.036738070791794,-0.9159240542073824,-1.664775504246754,0.21375042693528143,-0.029442015506263804,0.12496926121143102,0.5644337709653768,0.25719447924089034,-0.44024408758801087,-0.6706967396364841,1
-0.11340731568106627,0.84384662474242,-0.4624960378961267,0.5640193217186715,-1.083163542695627,0.013826002396317533,-0.6225901762877338,0.17093609802767362,-1.6507828789447812,-1.0141528103789001,0.6526827926949315,0.640127746144121,0
-0.35310419199713117,-0.44664700223833126,0.3367354921785358,-0.5609348392351111,-0.022926822079164765,-0.16719504764474982,1.0089713582350854,0.7762939214639986,0.5540813210793499,-0.6580043926175605,0.19950690172027588,-0.9100040330488464,0
0.7740459319662549,0.7249693941708487,-0.9473799557410377,-2.1196926603623565,-0.022926822079164765,0.40545901243123733,0.20676744460773597,0.8680005511120147,-0.5790271853302986,0.12893576663054443,0.40510334056595804,-1.4305685050861652,0
1.422507770935362,-2.4112953637082373,0.04322584742976789,1.4427723473183087,-1.5293295456407532,-0.6889743457440705,0.08090315833149697,-0.13277245862142223,0.3681641537461738,1.0924387603989179,-0.2760793879277271,0.5915833971585012,1
-1.4691993682086424,-1.299066808128277,1.5306035334674948,0.004149816266328663,-0.43095425686274513,0.9028463924545842,1.23148913879329,-0.19340050738817965,-0.9382534053301981,1.0003214779067373,1.5550086120718492,-0.7334142298603057,0
0.938323941024079,-1.0203243329245761,0.3001566222156195,0.6940777190372089,-0.022926822079164765,0.029834442767981407,1.5477840433378165,-0.19908627280493488,-0.28828359662531033,0.373024692185749,1.1583618214340163,-0.5527562877821652,1
-1.329074071590517,-0.15398889005777677,0.35220549621527103,-0.06333511977597046,0.10924079163004104,-1.0476861822169496,0.5029014750383196,0.7182922498886575,-1.0105319868901845,0.7921193375789741,1.0212998379551361,-0.46504675622808306,0
-0.027898384939835492,-1.2879035015340372,2.6791991612090658,-2.5411298579174484,0.9849336015213469,-1.3000245735459295,-0.03245983805344168,-1.1578377504048813,-2.54002719693401,-1.0626158463416444,2.7349418316988534,-1.598424921806645,1
1.9134304806299813,1.5242866030145026,-0.33271599726570544,-1.5168415320135975,-0.0996877572484459,-0.5442258710834513,0.1902150583543655,0.027981667527932786,-0.6015277582367761,1.821865647340498,0.40975282828872706,-1.0979892951535535,0
0.2302136969768126,-0.19135453600205965,0.08493160945020194,0.765262694440735,-1.2523308013793126,-0.1726571754034884,-0.2962399495488197,-0.1793995975308543,1.3086316980960515,-0.6791055937571037,-0.8897794117599469,0.4898263243768197,1
1.432229645784275,-1.0043611809661859,-0.18312335815102132,0.3029672531459512,-0.920533697601303,-0.23477416786425798,-1.2483025897456745,1.1965280802644656,0.4193809640759465,1.1068837978075345,-1.1345231044098065,1.1160189378480758,0
-0.027898384939835492,-1.2215544183403582,-0.9459771200124859,-0.6281544396009962,-0.022926822079164765,-1.7124125408342477,-0.33546186662558686,-0.37000258620168247,1.4093507273757586,-1.0626158463416444,-0.9443955378256732,-0.3352984380585048,1
-1.281805597895888,1.1884962437547135,0.5799772413918167,-2.243311694035738,1.1274971014554611,1.7751055424272317,-0.45647841024592367,-1.388867882114983,-0.580992290846738,0.7218864986072326,-0.10043435515472479,-1.2842334597827414,0
0.4730206846703495,-0.22185691720466932,2.6791991612090658,0.711818338711073,-1.4709651080627446,1.7347681784526918,0.21553512841444608,0.32389936976340716,-0.5960884738954573,-0.31833608429372773,0.42497706085479914,0.09785382102501462,1
0.7524861687948668,0.11981341171156369,0.41706718498536305,-0.36326081705045987,-0.6206639190999935,-0.19650812609491944,-0.5651374811636346,-0.41484291677961216,0.5852100252108678,0.09690165897419688,-0.7756180101211363,-0.016057582008529254,0
-2.121996166910253,-2.5025606854933793,2.177936501955167,-0.40020424677869243,-0.022926822079164765,-0.4430136142241201,0.46349534958263966,0.1683933953614294,-0.6037835465724021,1.970265477805514,0.6214728594587542,-0.6191050541830787,0
-1.9768562159059484,-0.13815521906066225,1.0204650433932134,0.19906190356757295,-0.2046202243307565,1.437066191015789,-0.9408623956413622,0.41171108375753834,-0.3414432362374559,1.754612421751579,-0.6015630363749804,0.6922763481476301,0
-1.2104589631380747,-0.7562203347732186,0.7299968204527991,-0.8485816065363809,1.2223865367447833,0.9636736686024536,0.9931452618537316,0.07003429678654309,0.8498264579258581,0.6158776449579023,0.027824358312817238,-1.0374528605904565,1
0.3039971456143912,-0.3384221463098334,1.0594710867415171,0.2973342724921887,-0.022926822079164765,0.6021194950483376,0.25950691144227267,0.43508252480511866,2.272580426928733,-0.5694760529257137,-0.9145101940675369,-0.1512743462942818,1
0.04537971020106933,-0.49301679839525037,-1.4100802188919914,-0.901878606468561,-0.022926822079164765,-0.34571909198545936,0.5119696164324551,0.09772818732518,-0.9028739625519665,-0.9537371740698146,0.9240059122256292,-0.895060325304651,0
0.4191322476868153,1.2732370046878896,-0.8837639550378282,-0.5288278800537236,1.2394979163386124,-0.1390021007355691,-1.1611902020313378,1.2694572079509054,-1.9780259537158802,-0.3984050524934234,0.44668577030722595,0.3666253928285574,1
-0.9324655987771827,0.09562729950884293,0.2711806881371187,1.5002622221660484,-0.022926822079164765,0.008930391702654524,0.5333440071862663,-0.08498136714314605,0.8788219307151625,0.20282721899101352,-0.25311253485991153,0.3111218295339811,0
2.265479077335397,1.6233187970486016,0.8057940784149288,0.25509567387004345,1.884946924904791,-1.7879972579411236,-0.14736654297897722,1.188810103745501,-1.6745951677545434,2.3449494380796203,1.1572609705008843,0.0754409762671206,0
0.1510026886133272,-0.8633816796152659,-0.5191300628375084,1.4660449719979594,1.8984563192099135,-0.6776267943161591,0.30103699929423106,0.942999575622548,-0.35952326484113,-0.7967995567803707,0.3130663429874293,0.44581799700566,0
-2.292877724178539,1.3357130257456702,-1.3664156247686061,0.26712238608129407,0.11753887273123932,1.0084162297875041,-0.1386000977293885,-1.0675511461339335,1.8961116616416565,2.224166142599513,-0.9951810445758377,0.07661045254975263,1
-1.5193566494868196,-0.8906621952573264,-0.4820159708407135,1.6713407177805237,-0.005105506488993701,-0.9271395505536013,0.9209004258760177,0.06865532339325005,1.0144156426595334,1.0748465891262862,-0.09642207040448893,0.16621739939635533,0
0.6862330461408178,-1.2133987423016124,-0.2526600465261288,0.8441794588388404,-1.5911421781572554,0.04305139237661925,1.958201634741783,-0.4013027877421156,0.5340220824696796,-0.0015391099153979069,0.7936082877890196,-0.6369470962609224,1
-0.16348185165677284,-1.17723840044662,-1.0478144142900032,-1.248898289744894,1.265518232808004,1.6243158465944885,-0.6155255035385114,0.23132275475162986,0.5443902264769774,-0.9397506444768078,-0.7898756778922563,-0.5645544781568523,1
0.8386141186072583,1.5293959404185635,-0.44626710719590557,1.4421830531229487,0.5294232401937963,-1.03891077336395,-0.11230240429684867,0.027981667527932786,0.8915905042633058,0.22487300979924477,-0.6317158811361231,0.7435469512065286,0
-1.8157022575379602,0.01656883455688496,0.4818943248396086,1.1207638147270047,-0.022926822079164765,0.4216738606622409,-0.4328110906220588,0.20310084674558854,-0.05270682267805503,1.5151652993241052,-0.3949166043519368,0.8267635103776466,0
-0.21996641268580874,-0.6105584385099156,1.4868260537266509,-2.5411298579174484,1.1251207330837099,-0.4751677128279219,0.9130779342353291,-0.0852457671779594,-0.40933601444796364,-0.8558242815320158,0.7997935659841361,-1.805284463734748,1
-0.027898384939835492,-0.6096525076712721,-0.4736662163086091,0.6941245750441628,0.6447463819605909,1.145457484134923,0.2519771567841057,-0.20768798865436827,-1.03727703849394,-1.0626158463416444,0.8348906406785098,0.06581687769130909,1
0.18463060990816849,-0.35087428446820884,0.30055347255800924,0.08890659316461295,-0.022926822079164765,-1.4580019232996089,0.20399994700539287,0.027981667527932786,-0.09352706014587507,-0.7468342374744641,0.06647672996998144,-0.2325863590719029,1
0.649141899229295,1.5547380850561516,1.2042299001294583,1.6139170105970901,2.0713503176094634,0.5683304806782844,-0.7758073214500858,-2.554563136600393,-0.5427881314063076,-0.05665018807593921,-0.36739568179566234,1.5104549280241528,0
1.1254348262747305,-0.8802455606192697,-1.7262846587404839,0.8558022541103197,0.674236057550609,-0.09975648441120129,1.1146932077159009,-2.1012140486268684,0.2821821729195942,0.6510393528360298,0.43249955179897503,-0.3055930947071375,0
0.6320462308331017,-0.5824125053455239,-0.3675410395526806,-0.9062892864988895,1.0837035950011433,-0.8871536782317624,1.3309077182940003,-0.3051187137741141,-1.4335482689385157,-0.08205141709257571,2.271799745372404,-1.1643350682975269,0
1.596097514111069,-0.109942902540131,2.6791991612090658,-0.5206199348691624,-0.022926822079164765,-0.7737480811871179,-0.014376590872018404,2.094041016112452,-0.40149233552378777,1.350363324631054,0.11130548974307135,-0.45285468786392313,1
-0.7156426572643592,-0.4454328003823973,1.1053316972767853,0.326058056419114,-0.47480952541958527,0.8757721472472955,-0.876514596024163,0.9747879136672298,-2.4228352954408177,-0.11933445762728154,1.395366482422649,0.7187736404610463,1
0.3205934175936816,2.221592080144594,0.5862875663324717,2.1349865351072035,-0.022926822079164765,0.96574492435981,0.5989644622466597,-0.5907911511647889,-1.4070775236021933,-0.5448168412705429,1.5494115132077682,0.5871470040147335,0
-0.0809734947295205,0.32348788747953844,0.2567638663288533,0.36909491665907757,0.7189074581017126,1.5431820389065627,-1.7372518474599457,1.4481140937404553,1.0127174964771906,-1.0623439015244356,-1.5992820249753694,1.9016109673403923,0
-0.027898384939835492,0.2618144570363802,0.32124465087489823,0.42217844220134937,-0.022926822079164765,0.16249934191583754,-0.5201078939109222,2.6150000316625386,0.4435444924865299,-1.0626158463416444,-0.6888652951410631,0.4580250885516961,1
0.77002856835509,0.6897040725813873,1.1087324203555613,-1.0291529220601108,0.026552115796549022,-0.6344762642772201,0.18695411104824775,-0.8891802412722959,0.4297380729632167,0.12296665382574624,-0.24089232435402821,-0.8314556082955042,0
-0.027898384939835492,0.24283896537807964,0.5229539211644564,-0.753930779035419,-0.022926822079164765,0.7371229247674509,1.8702810468356794,0.26801711436055864,-0.8601862597220887,-1.0626158463416444,1.9904081283895696,-1.2413457819975244,0
0.2915774270665308,-2.5025606854933793,0.7601564727912401,-1.5444692309293466,2.0946289933074675,0.5484502418437427,1.2399380950749173,0.6556242522686133,-0.3332696224307191,-0.5879296230257642,0.9750551598453512,-1.420370186700915,0
-0.7449375863790987,-1.7890370345086695,-0.1583726890124122,-0.19465711022773854,0.7491587907061452,0.7495400861116699,0.49058586864734527,-0.8334491373924222,2.3016619192440566,-0.07580722100661051,-0.8149893045803716,-0.5262050027097623,0
-0.6575102943999497,0.19553612998830655,-1.1186236610752354,2.5490151593111063,-0.30712517313895654,-1.0350811137244151,0.12586531312339796,-1.1869608971863823,0.03836742155142733,-0.2057091712784828,-0.06654726363676237,1.1681327060082554,1
-1.4516885005086935,1.3239175261929497,1.5192023425624497,1.1962235470830842,1.2794295926675785,2.8280030422193403,-0.28044543645480086,0.6670651733592182,1.458511149015167,0.9743033339875752,-0.9313386098897504,0.7386589565039544,0
-0.950786610698987,1.4194831828720222,1.1694253522035476,0.11800738957025257,-2.0984991548144736,0.8446610354459518,2.588518031463933,0.3382809877725198,2.505912774363249,0.23004909817450925,0.07863434036669194,-1.0872563025976494,0
-0.027898384939835492,0.6340864064138686,-0.4615440242878489,-0.32117086998179545,0.1452962642908638,0.12771795214047055,0.35621197575198227,1.102894521576473,-1.7621755549761733,-1.0626158463416444,1.7884444124701562,-0.5290845293135672,0
1.0802445099684304,0.775073859316382,0.35702570228199554,-0.5713671702706014,0.252144738533778,-0.4779393601570429,0.5118900021181797,-1.9436242801403778,-0.07419303823518814,0.5838942990581866,0.2661364983638726,-0.7272169887412742,0
-0.2670290146670577,-1.5032188436285825,-0.9905566799950006,0.0022212618519219713,-0.022926822079164765,-0.30273514779952426,1.98813147324803,0.2683722818382912,-0.7446497812163441,-0.7858973325915046,1.949909340510723,-0.9748699886761726,0
-0.8792981404956934,-0.30699375151692915,-0.23782071613170405,-0.31963801882732695,-0.022926822079164765,0.768413919931569,1.6455614409239576,-0.07418049983061023,-0.279199912976095,0.12382950139716374,1.220491273247632,-1.0059853791046303,0
-0.06366909120098381,-0.8451723292119488,-0.27489153332955935,-1.3428594577609376,1.014468287623301,-0.02681287344133212,0.9272870443079902,-1.1173021222761852,0.6455240335399418,-1.088055275121418,0.0983328846952893,-1.2472988630211088,0
-0.15282870702806564,-0.061895020789876035,0.20713037375024204,0.6904913614466349,0.40829043292666223,0.14132822062401013,0.1178820725472751,1.4743930411277657,0.44548257518254003,-0.9555793889394343,-0.2919832498347221,0.14829930284139592,0
-0.027898384939835492,-1.1019075919784043,-1.1940140421585241,-0.25260540512677054,-0.022926822079164765,-0.4215771486899341,-0.900452343411401,0.8205020140820709,0.5157172113346565,-1.0626158463416444,-0.9536297508546867,0.32878213748620655,0
-0.4495330798850415,0.06119132501414816,-0.32967776116153785,0.12258245381071513,0.052917503301465704,-2.1184089584165733,-0.1673684386356743,-0.8604767338311483,-0.8988168188602043,-0.5147276158168478,0.3616639177361006,0.010744035055600181,1
-0.3466630951473468,1.164636202042302,0.4376743104515726,1.709997369736716,-0.022926822079164765,0.7672551128300701,0.035527678378351295,-1.2734182314108269,-2.0948166802150228,-0.6675747570167753,1.9562849385755443,0.7765613569657979,1
0.5891914642838968,-0.637464917965027,-1.1806009079031323,0.6934940892758501,1.3534424476008091,-0.555739422929154,-0.48644241707309965,-0.5751366966099737,-1.4273591218412183,-0.1457262447941498,0.5546638212169342,0.6034206191398226,0
-1.2286068607275973,-0.1768580443198465,1.256562173555158,0.6299354336183189,0.5528244911477752,0.09714157452205606,-0.697975559555981,2.6150000316625386,-2.5356686292312127,0.6428423059561572,1.830893140443489,0.7546348743350442,0
-1.218271342331325,1.3695675351463383,-0.42437452445946006,-1.0007623711335014,2.0120549437011994,1.5333002494450534,-0.44338240691624436,0.8774034933403111,0.2569466182333218,0.6274854995590562,-0.5563790535432716,-0.5040433049207709,1
0.07875834441541917,0.14267329485532093,0.39629919659075546,-1.2154523133030495,-1.5762130383591564,-0.5434319539963415,-0.5626439282727528,-2.554563136600393,-0.39694980592901796,-0.9041422525790566,-0.2945641274331786,-0.5732620752100469,0
-0.027898384939835492,0.6117459086968444,0.002332221034126756,0.219308093563871,-1.575859979480473,-0.7829013591593239,-0.8810257248262592,0.6681628653236354,1.4195114994299634,-1.0626158463416444,-1.2371219113492369,0.6473271349783302,1
-2.292877724178539,-0.1214528338514999,0.3579573774555744,0.411555492283946,1.5655448513886254,0.566936761118189,0.0040909928159735525,-0.6353332076645615,-0.16946758430691483,2.224166142599513,-0.025359404635477825,0.06588604453338132,0
0.2602674939442502,1.4550098099259,-0.19183871342033537,-0.6360125471174601,-0.870098376697563,-0.17581127481251535,-1.2226090959899627,-0.10715836788007543,-0.13758488840456123,-0.6344508097558319,-0.8991847550812574,0.3432173771277024,0
-0.026750359285488117,0.09600106374988233,0.24680541417964716,0.7139108015966571,-0.41935845411650047,-0.1013276652154623,-0.7039397680335536,-0.14612776343379894,0.774801407262999,-1.0609100772610074,-0.9314135531668082,0.8172158251707118,0
1.411081329909219,0.08730314645192791,-0.015890809187255727,-0.7329993696701617,0.5158479515914938,-1.7277633554954437,-0.2660533706626083,0.44345230003681657,2.173442072307036,1.075461030214658,-1.1350458027417563,-0.4396966106566867,0
-2.170315783174041,0.1207392423298093,0.45868859999220446,0.7857099100935047,-0.022926822079164765,-0.16958751323215948,-0.9719908150775471,0.027981667527932786,0.4590574108318072,2.0420601342218596,-0.9765256534013755,1.1526386049002246,0
-0.8412459656790431,-0.5879321181589103,0.6364853396862096,1.1232263095295387,-0.6860003200503114,-0.5210944852895502,-0.10194425664919642,-0.35992949011959047,1.0733723659265162,0.06729050071591199,-0.6977655950855439,0.5496915740529388,0
-0.027898384939835492,-1.8282697001711878,-0.4574476907141378,0.521385096527091,2.0688456153513295,0.7141754709737426,1.0348092834547196,-1.9451944301851272,1.8843491371114518,-1.0626158463416444,-0.4105487172515515,-0.42264867204003154,1
-0.21583032183371775,0.688888791391413,-0.45006192324790867,0.7293556474475514,-0.022926822079164765,-0.8571018443501128,-1.1441411367966656,-0.5774707720495569,0.4633247784204533,-0.8619698026390451,-1.085106164401577,1.318735017060066,1
-0.027898384939835492,2.5156631681133277,2.2707366396827413,-1.0229869933970959,-0.022926822079164765,-0.6461996813174704,-0.09016052760453895,2.0446098134268,0.4487630568830502,-1.0626158463416444,-0.42324033700940383,-0.7031065191916992,1
0.029051372111893174,-0.08961947613871812,-0.3923994225072493,-1.4026034660859155,-0.46428610365109224,-0.7229679962679056,0.17331887200985682,-0.7586613574014622,-0.30604654219661404,-0.9779982819511882,0.18330418849702682,-1.029476661305483,1
-0.9577728669592028,0.36294123258129635,-0.27663711358190457,-0.2695881451520004,-0.022926822079164765,-0.8156227563454801,0.40567343609528145,1.041248920424936,-0.5667715821868251,0.2404294758890284,0.5473062349023099,-0.5254027993229884,1
0.1967434118892984,2.240357527610085,-0.7005871534717195,2.215169624436545,-0.022926822079164765,1.412748460899121,-0.26368837652263394,-0.7469353886656904,0.9681279649030256,-0.7288366927148593,-0.7487566351650464,1.3398741921127562,0
0.7546119136609687,0.3452797808662385,0.5424572668175124,0.9129385525387975,-0.49569028449907965,0.047031637230382554,-1.2796739467591642,-0.1423400806806811,0.9664673734327913,0.10006015099237474,-1.3272223274079555,1.645842843585775,0
-0.08418239075129576,-0.27734151409683994,-0.9756251622391249,0.15917180515023122,-0.09607907047600851,-0.9577267568850643,0.7457307140087575,0.7412745210002065,0.2843292811912504,-1.0575760327958963,0.194233346961732,-0.4661182743573399,0
1.3951443724420802,0.9079517902057798,2.6791991612090658,-0.7122118370364294,-1.1704452561028387,0.2224209200935416,0.6039539528615746,1.1428170051409798,0.7411242845818276,1.051781446762903,-0.14490166375371363,-0.8349840700970622,1
-0.027898384939835492,-0.3721007511043524,1.2227104831553866,0.820577768960044,-1.286721555992229,2.3476576892528365,-1.806208207959285,-0.9510723620552985,1.9561242139981931,-1.0626158463416444,-1.8303592726788729,2.465656783324554,0
-0.9853854646215789,0.08087351989384885,0.4640008058453023,-0.4683337687026126,-0.022926822079164765,0.6943451229983055,-0.8034683641713081,0.8576529179684212,0.4540015360125862,0.2814570567189444,-0.8697239869983971,0.09447644581242891,0
-0.7091497602679168,0.6359962153078504,-1.0802693848155478,1.397286717545512,-0.4980956175673572,-0.22825165140997988,-1.0725948028601018,-2.2739525394832274,-1.3263106404928913,-0.12898178815369668,-0.07844853740578718,1.7329683423799735,0
1.0438553578799972,-0.6597243809054069,-1.1643486869588207,0.2360795760295597,-0.7999025452149828,0.5754986356885164,2.3087133390509265,-0.8919932778767656,1.4280748780517483,0.529826264717667,0.4503377224538817,-0.9736185516009803,0
0.2645650796197829,-0.10795548487222295,-0.9645886707241569,-1.7938944516172082,-0.022926822079164765,0.03291454712465741,1.5619139516233609,0.38002487961431963,-1.6850951372696887,-0.62806533505938,2.897502275303007,-1.596930863312004,1
-0.0940159778997758,0.06066459772480736,-0.5740863643298779,-0.49531424515481787,-1.0794195648929927,0.530349977468624,0.23558405011347078,-0.32556562537348127,0.34423873817768136,-1.0429650100838965,-0.16558724667546001,-0.5644201655544938,1
1.3125594738697073,0.3640911614868318,-0.4563286962044397,-1.4863614419680677,0.024250244526238626,-0.5788021877684196,0.038311454905158436,-1.1549204006712677,-0.05810183708467187,0.929074461967874,-0.06912058272196629,-1.0236713804496007,0
-0.027898384939835492,0.729569520825555,0.06463997200216916,0.12389710854955394,-0.529906172506833,-1.2468427179110977,-0.4535846004318241,0.9405386826423829,0.8697944084917824,-1.0626158463416444,-0.8204769080056434,0.21430975552456363,1
-0.39364070960379727,-0.6179181700653297,-0.3843087282077721,-0.6605957251232955,0.07855591898943041,0.7892604714943935,-0.22615393997961675,1.9854956146709977,0.11526313184131295,-0.5977740849512556,-0.34411312155945956,-0.4187043434769668,0
1.6866843808619187,-0.6550041512944881,1.319031546461299,0.15061772536197252,-0.022926822079164765,0.05222897677642806,-0.9859428836440972,0.23604778265944037,-0.8688276833381189,1.4849598607191226,-0.33083254690903585,0.7028439456809109,1
-1.4231375071948873,-0.4326712772628926,0.20477683339498595,1.289398197985539,-0.23511675261789206,0.21986422181225115,0.2636210771925744,0.15616989134681183,1.101473019033658,0.9318814582814496,-0.5046800750431201,0.37721403069997567,0
-1.7695049089088017,-0.1253098056325214,-0.7979673918471167,-0.6626694659178619,-0.022926822079164765,-1.0378014991786926,-0.9704141337957365,1.4392982980231932,-1.7243502902613954,1.4465239683567852,0.37805551113228364,0.09300704193808784,0
-0.3572885072918311,0.058547507589073094,0.06488049209533246,0.12970740845476728,1.111395498509654,-0.2435324507742666,-2.5040188192235138,2.5314241053730555,-0.36409692547553146,-0.6517872182658309,-1.730231382458415,3.512385764273921,1
-0.9863684907807333,-2.5025606854933793,1.3269532311268726,-0.04129364928478787,-1.1563619466237194,0.9492430035749845,-1.6070339406798062,-1.164763308800578,0.23660969848247818,0.28291766486946196,-1.3005112019476912,1.311636303553072,0
0.6632023518458181,0.5756076080575939,-0.1464093640630749,-0.5913613019401216,-0.6862428994832225,1.0628576333713295,1.0457045295572993,0.26482876190583804,1.086468159895732,-0.03575876875773364,-0.06129950786875292,-0.9364489484524902,0
-0.027898384939835492,1.768216220269367,0.8778962631177778,1.7871196851744278,2.0946289933074675,0.46359355761554366,-0.3207330049040299,1.162667219585192,1.3890957430018138,-1.0626158463416444,-0.9299018291907487,1.1355263809107363,0
-2.292877724178539,-1.387017493779532,2.0031779661454374,-2.3386278352599565,-1.577813569527725,0.18844733618138035,-0.3265530565688299,-0.24960468409575068,-0.5510121314502148,2.224166142599513,-0.021315844551459375,-1.390031900620418,1
1.2029554642298053,0.06809386405068447,0.9920060082595393,0.1341401108568392,-0.022926822079164765,-1.1680994888009621,-0.12408132559690525,1.8424358936824072,1.0182864767541917,0.766221715559624,-0.6889010709736367,-0.010776116434915002,0
-1.0554621382764182,-1.3736595932835887,-0.23256425347687962,1.428456755790473,-0.3277404190427513,2.0863877465326657,0.0328190830365144,-1.0820497939545815,0.8631599358032763,0.3855789661394054,-0.5359361721017653,0.6201712788889214,0
1.737387760521606,1.182149441877467,-0.7360607040935735,-1.5236528647672736,-0.022926822079164765,-1.85845443704946,0.7393469792923092,0.9837480851194768,0.3169874644855448,1.5602963804038381,0.17048884859078794,-1.2795104010531828,0
-0.027898384939835492,-1.2654589304970272,0.5886710848892978,-1.4218807803948565,-1.318825385041965,1.5673433713423204,0.0012281828826985696,-0.8203501795073765,0.9474388734653438,-1.0626158463416444,-0.5893348206459655,-0.972381860467558,1
-0.4885600310022591,1.4863521356042673,-1.112876328136522,-0.20517461326845585,-0.022926822079164765,0.7641035326728886,1.0258684922009411,0.027981667527932786,0.2761539118945584,-0.45674026485897207,0.3793133257666969,-0.7524192112898256,0
-1.4981575697362466,1.451560758862946,-0.9239540461298283,-0.41442299625920415,-0.022926822079164765,0.024736362830138733,0.9150866858627316,-0.31912904928431773,-1.0555860609207939,1.0433483951272642,1.4187343877556553,-0.8085056049160165,1
0.19725879948898006,1.2180974003741467,-0.1618370380457323,0.040205285248077434,-0.022926822079164765,-1.5180807429216088,-0.43960698274472215,1.6077370784653724,-0.1442671198682034,-0.7280709152004357,-0.35024021409777645,0.15088762119505456,0
1.4491591123069534,0.3895551353140986,1.2121522035831187,-0.14085058122152022,-0.40056901014604324,0.26571490356586014,-0.5360890786364244,1.4863930279582465,0.5875329267663592,1.1320380793662357,-0.7588983924135189,0.1070701272218595,1
1.9565613202745924,-2.1009646413040746,-0.1339264937871869,1.457180468654677,-1.3168917045058421,-0.00879438570414201,-0.737732452932714,0.8084266542931295,-1.3238684072163611,1.885950672277958,0.22577239985606198,1.358463112296187,1
-0.027898384939835492,-0.4833522499517299,0.984148189388999,2.0921493764857093,-2.0984991548144736,0.7460967146414244,-0.8922778155360038,0.17139034497153008,-0.2500008811141569,-1.0626158463416444,-0.6134877274020939,1.9952955519263333,1
0.8371268742304322,0.05237689597136528,-1.2092917079804781,-1.1563511567467866,-0.7705898008163607,-0.33196722654717764,-0.3139357875300624,0.9689342925047817,-1.53076145835633,0.2226632199189101,0.8262603361758428,-0.6712134469686021,0
0.32963359238897644,-0.30351228375067946,-1.1869937959531045,-0.7839032586061351,-0.022926822079164765,-0.7977174899590196,-1.077075028831132,-1.072620645286818,-0.6578374157609601,-0.5313846931378122,-0.5317270202426596,0.09419669446642326,0
0.1888188755780689,-0.24424372802878408,0.28354764990429276,-0.17296921714418362,-0.23764090959203746,0.8997355063929289,-0.27429085729003727,-0.018076066315154425,-0.04921860450351063,-0.7406111935432104,-0.2882957083217861,-0.09584999039035158,0
-1.2598972664083,-1.6933750739357702,-2.458359577963178,0.8248865523580129,-0.022926822079164765,0.8577101002949523,0.2748653065216432,-0.3945290774057887,-0.4142103914039834,0.6893344782596382,0.33321242975690357,0.12167934676111264,1
-1.2051670185316843,0.04310051777164635,-1.3819701417586583,0.4891754576420486,-0.022926822079164765,0.9432616933207114,0.9560179341656023,0.7226526121674981,-0.5381431018389211,0.6080147235572855,0.9414297447038843,-0.40308109955281535,0
0.19191799238403812,0.05097160528204573,1.5658030775920009,-1.182079143186632,-1.0515759887331995,0.2519707759356739,-0.574530630873703,-0.22244677230888532,0.3704620523063296,-0.7360064378873706,-0.6914290579513366,-0.5445918663814547,1
-1.0438950752891585,0.6072179861306564,-1.4914940286516594,1.3709059638599077,-1.8738504617065475,-1.081179377571419,-1.0952064633714558,0.40661419031274076,0.49145821057224787,0.36839229585661787,-1.0648503977672783,1.7440947413980323,1
-1.1500595636467776,-0.9803743486674706,0.8403177755704544,-1.0193175045973863,1.167947664594078,0.7557364376953412,0.9121976931525589,0.9067701869225459,2.726057444576487,0.5261345039826489,-0.7510738994938798,-1.0912096720332642,0
-2.292877724178539,0.9950044112273445,-1.036195636014375,-0.576395629522015,-0.4429626676432376,0.8376487371696963,-0.6828209777056409,-0.3258863543783496,1.2548272323589085,2.224166142599513,-1.0816712798423465,-0.07180928057058483,0
0.009159122176459639,-0.7518394961852609,0.4154828394125349,-0.11126768539149615,0.675469843120387,-1.6017323947521145,-0.19367979215308231,0.027981667527932786,-0.9566671602894141,-1.0075547511430354,0.38757622014204984,-0.11066791016391263,0
-0.37610599307272036,0.07107804838910253,1.4181459286747728,1.009216789278971,-1.8545781559983487,0.6117520776879918,0.029436717455624147,0.7736679921346885,0.9195153010757153,-0.6238276641401727,-0.5616165256373712,0.38646740301609833,1
0.3897429387852733,0.0017602741024566623,0.6113206164467923,0.17144070914496662,0.35828176978136633,-1.2254248815382685,-1.7456075777526825,-0.3902133502247528,-2.036932654008054,-0.44207252127838026,-0.1439350881779792,1.7292282381856356,0
1.3909043252858193,-1.510406710158368,1.5364241289173108,-0.9738602869213923,-0.022926822079164765,-0.5014146510342016,-0.7371608685087715,-1.0786805771891388,-0.08075881759657672,1.0454814644304482,-0.5895250324753774,-0.3030911219236608,1
0.16372535996360424,0.012659975062102672,0.025696828476419742,-1.1027575708282116,-0.8999394855260359,0.2948070526102314,0.11965628823973211,0.3564735495518881,0.22030673341191004,-0.777895850813323,-0.1732617801693325,-0.8432258588073812,0
0.7457937205805174,0.6527030936959526,1.9048455498872765,0.0890795319607963,-0.68932467968034,-1.820022029837889,-0.379606875371494,0.8000743796284643,0.5883497052489273,0.08695782958800427,-0.6641247248767155,0.13744803068762387,1
0.24833985062054525,0.5099433903479974,-0.39241823973544404,-0.24783814514232128,0.698091578083513,1.1876405976968392,-0.6665619851532226,-1.369215076717743,1.86676100517991,-0.6521732405302642,-1.2485581447610508,0.13654483829938105,1
-1.5766942244391058,-1.8902753565675805,0.7641732938999796,0.8486304271677159,-0.022926822079164765,-0.5174835348134554,-0.13450679034748036,0.4929355272737404,-0.4596592907599309,1.1600403843537308,0.06170328660202493,0.41437847992785937,0
-0.011212693155232437,-0.5591333436807054,2.0563018762520104,0.9451291270789296,-1.6504755902219113,1.1463470233855464,-1.0602049346024118,0.6235362315370205,-1.3180492436836755,-1.0378237722033739,-0.07366346558683678,1.3768525582493694,1
0.46449555177403407,0.2143721802324554,1.627160882578311,0.36393756891245865,-0.6575585978592254,-0.03554280888257942,1.1644517520183797,1.9530889552892339,0.2507114998497248,-0.33100296856394384,0.48523109923992735,-0.547837889976602,0
-0.35521609151727335,2.40821769657891,1.7866055807921435,0.6401108833566137,2.0946289933074675,-0.946895605768905,0.261045892813538,0.8439051564756361,0.2934220225505621,-0.6548664724071287,-0.12190726116671571,0.03136402256875769,0
2.2863138168476156,0.684627984185802,-0.4279336178324196,0.9875341464782176,0.4952459864206211,-1.136358398044291,1.5760199767694434,1.0761374116605416,0.7545348952618093,2.375906285018092,0.4224686352657184,-0.44097436952202734,1
1.3861252634847083,2.1098813496531887,-0.7516502417092321,-0.4106263216573001,0.6677031519944392,1.6599245860055667,2.369546702854548,-0.3017916729657572,0.0040278219201324225,1.0383805988496846,1.4729339967068984,-1.2272980418233295,1
-0.34116329442490195,0.28577691512674613,-0.25590791580766525,0.037285608014973236,0.3222141913899276,0.0338143158328754,-0.6405332190160682,-0.5702249697667741,-0.00021680041974472103,-0.675746516930403,-0.5632212358393628,0.30602311390712655,0
-0.9242043510073934,-0.1928106051298507,-0.17988123134424797,-0.522872670531677,0.41688575427470753,1.4512213580784372,1.046843007166615,1.1749065092516995,0.16876545949288074,0.19055242272681344,0.4633312295751027,-0.9055032717942558,0
-0.027898384939835492,0.5098206568239234,1.770444233891481,-1.3283753980317927,0.5435771383330831,1.3327280220918016,0.49448711300496023,-2.118698183536944,1.0969271015159365,-1.0626158463416444,-0.3739690149443487,-1.1056936795159245,0
-0.3859874050488919,0.6953407174428559,0.17192477920722968,0.03998495601333573,0.6814763187086099,1.9510933595262865,-1.076465310122579,-1.640763388108469,0.3063077445139353,-0.6091455819426518,-0.9841214211043392,0.7148721993028674,1
-0.027898384939835492,0.4302069420918291,0.589639108641738,-1.794216437246149,-0.1465849373644514,-1.0332276451066151,0.25490475551522307,0.027981667527932786,1.1975017248778426,-1.0626158463416444,-0.5486091385262131,-1.2698825842297174,0
-0.027898384939835492,-1.1705792267861679,2.6791991612090658,-2.1778523914476713,-0.6557571543078965,-0.6295394846142695,0.9065612329498739,1.0334618324686997,-0.14539680062530924,-1.0626158463416444,0.5893252726031845,-1.6335089802960419,0
-0.31900135208076646,1.1401989103563883,-1.4004988451029887,0.782283237286801,-0.9911231610360551,0.3786486141723063,-0.29517940274604393,-0.056179843229644956,-0.6823282029018019,-0.7086753594822527,0.09375605382961794,0.4993406549147772,0
-0.8742513343329926,1.3969458952943343,-0.40892830147087034,-0.6842107914214863,0.543115354602156,0.7941898050499833,-1.6084345491746659,-1.3927428218185212,0.3907215502146659,0.11633081364946038,-1.351141857971408,0.7349428928814383,1
0.9674366529004259,-0.3412985865412497,-1.001162210009032,-1.99558222784269,-0.8079596771019948,0.44413210252836544,0.8952405714845547,-1.1236990017727089,-0.014504498830362205,0.4162811852650784,0.4875314172561167,-1.5453161520678744,0
-0.2260261110232004,0.6295769436680615,1.2026864441989678,1.0296148746626677,0.30856851432196547,1.2214023684198467,1.8418926775482007,-0.36588191040541146,0.48465778421859534,-0.84682060986077,0.7557362230922233,-0.523328028814538,1
-1.254645024785308,-0.05283939660550762,-0.6026641499461719,0.5627000191003175,-0.5392846986666613,-1.1497321372992748,-1.24768866433189,-0.42714000237350597,0.5935891740529881,0.6815305486779182,-1.1934530005371027,1.321894377135125,0
-0.027898384939835492,-0.5771471893854692,1.8672159358650322,-2.0503593609189883,-0.022926822079164765,1.3300499401952874,0.9976377824135741,-0.13671940769938692,1.4677983742659508,-1.0626158463416444,-0.26134594300914743,-1.5936673156594636,1
-0.06595811610961892,0.17976030266409007,-1.162992004968209,0.3473765411474639,-0.022926822079164765,0.7333643523243455,0.545214496438653,-0.2800344851731781,0.23922711637693875,-1.0846541769846543,0.09198028112138538,-0.27767864685512345,1
-1.253030936715676,0.8896902235395888,0.8230083407231983,-0.6828411513762299,-0.022926822079164765,-0.8389777500107913,-0.6175794576299314,0.062343888791271736,1.438815616018555,0.6791322908409285,-1.1032031448188226,-0.18900367410509392,1
0.08076793242016568,-0.3905263816947528,1.0825763688150627,-0.4720189760020721,0.6018796232721553,0.5511137660387577,0.1630489522088292,-0.27276973198085297,-0.24412223615036488,-0.9011563497202354,0.1345402114781498,-0.5165593534390505,0
-0.7974722027355169,-0.29825550469023304,1.0500576936171582,0.10635659477227158,0.16569365383750848,-1.28809902659173,-0.4942573778867373,0.39280775367800497,-0.07621570167766663,0.002250202104594841,-0.4246702411204648,0.2343403587775196,0
-0.10321461296030868,0.2768746290814209,-0.2681526639986937,-0.37971250389686284,-0.022926822079164765,0.5875243202370203,0.4270610400427138,-0.7897544503286859,0.5916138236546982,-1.0292974171943967,-0.1755142167244384,-0.5922672917419081,1
0.5275367513347685,0.1311933341629623,-0.7150032334463999,0.06694893434728547,-0.022926822079164765,1.141264229326432,-0.3082125630776842,0.8493208444321785,-1.932420998595844,-0.2373345661116434,1.325117520022444,0.07294315652019114,1
-0.35066132644698494,-0.5309723009378146,1.56459579823433,0.21151471130299931,-0.022926822079164765,1.2353427047225918,0.5720048469677086,0.9886736225655662,-0.001916877479980938,-0.6616340715431258,0.2596251320089044,-0.3592723099229585,0
-0.027898384939835492,1.1441640756524805,1.2543624324895621,-0.2640034760931344,0.30849281644067084,0.24258340090327152,-0.11371104124365317,-0.8584304403148117,-1.0406759396720024,-1.0626158463416444,0.5270523807389317,-0.24947548809413497,0
-0.7537024499229873,2.087645744588784,-0.5454416121893442,1.4492073733221393,1.4641983071630353,1.0753240515699198,1.9403366060871508,0.6675349815202636,0.13780532905331974,-0.06278413814034142,1.0738136598142156,-0.3934957499000655,1
-0.027898384939835492,-0.9707916013104739,-0.22285555773469054,0.10446517514811945,0.5719353938723364,-0.09564164078872012,1.0679444545062655,-1.303221031679323,-0.702469126152554,-1.0626158463416444,1.1790141032345332,-0.6268452687349908,0
-1.6579329372428,0.12045554443930685,2.6791991612090658,1.312730940665829,0.20494263939240062,-1.449744567429802,1.3704567878327694,-0.16300324603189645,-0.047340625489342675,1.2807471681494964,0.8356795910602596,-0.2176756843356994,0
-0.48036157625081477,0.08131145371346775,0.7720687812305764,-1.6015178718279035,-0.09092495024274555,0.2607300725483565,-0.7975825107843079,0.2564765571851624,-1.3127015974386722,-0.4689217614754098,0.16151339370746556,-0.6975972304603335,1
-0.027898384939835492,-0.16540862160755768,-0.4999551725446417,1.0658944905647671,-0.022926822079164765,-1.289966357551401,1.4632886524749165,-0.2988228790522103,0.2002631425758643,-1.0626158463416444,0.7139303729977864,-0.36292882576500707,0
-0.027898384939835492,2.005626404248278,-0.2696377934126229,1.055933270112329,1.102702306500865,-2.1926516131310874,-0.4476936968269503,-1.1321704291044838,-0.39680677259884545,-1.0626158463416444,-0.21019976210562277,0.7993919794748265,0
-2.0709044181699947,-0.22299545700131418,1.1019587705646068,-0.006269583730574668,-0.022926822079164765,-0.7076232384732931,-0.6971321128938637,-1.0242972856824497,1.5870252235061306,1.8943519083249114,-1.1880166646862211,0.3239273577618904,0
-0.027898384939835492,2.5156631681133277,0.0721855981995138,-0.2185260133234144,0.309661693611203,-0.40292571176309677,0.19206839741330745,0.06043403628276084,0.6058580336525898,-1.0626158463416444,-0.32512548758233517,-0.3930577456073945,0
-0.027898384939835492,0.9379179333043922,-0.39223850604988647,-0.6970686701090836,0.7839204469215862,-0.755306636266628,-1.220589630050113,-0.3247108749591913,-0.7301903877817232,-1.0626158463416444,-0.603166416656627,0.2930670082641313,1
1.5803005468124112,1.8817375412061657,0.5917456531023664,-0.8632366328418617,-1.8627095347497973,0.49503878756942193,-0.578147162534591,1.5310593785812772,-0.29551162690441674,1.3268917425424083,-0.36429042670741824,-0.3338225240170501,0
-0.038788941705829354,0.2095327939086002,-1.10427638048389,-0.17239698476783738,1.4800276156699428,0.09723983867291172,0.07132033690712915,0.13197875695453712,-0.15205312022564432,-1.0787973444919765,0.010885686463971218,-0.30295016000677266,1
0.008170671861777121,-0.1311905548269363,0.43012727859098254,0.1530519194636318,-0.3483120352448289,1.5015724385528642,0.07662349331897876,-0.1332912061658481,0.024593748207252544,-1.0090234186576912,-0.09168801158683357,-0.12439544517718384,0
-0.3787395607797607,0.5158214234904372,-0.30245437286818844,0.5411612852459275,-0.022926822079164765,-0.042598591896844444,-0.5140146543981786,-1.0718934328909464,0.278807772011655,-0.6199146345406839,-0.6119896172415946,0.5294938013091159,1
0.4370362805862201,-0.499394114171205,-1.13305972181293,-1.1001815367560615,-1.182789373406537,0.5208739244961329,0.47519364557197535,-0.2832147988365998,-0.25122095706392006,-0.3718027325688952,0.3616838734076545,-0.9823767953199264,0
1.9830727629098819,2.113616119363904,-0.9886536058757612,-0.35091710007331145,-1.197420716092414,0.429157374457722,-0.6922782836285454,0.6347580627199001,-0.8521781849336632,1.925342125734692,-0.10277638569811676,0.08727213525111441,0
-0.23798165281301767,0.23735828970024117,-0.1883311667176028,-0.6337143205945674,-0.9217806243231914,1.4447956032919693,-0.6886442401126981,0.4144015972869301,1.1519639570094287,-0.8290567267540563,-1.0521283665572154,-0.10619290447033639,1
-0.027898384939835492,0.1351326157071827,-0.12686527754748786,-0.1338238616162721,-2.0984991548144736,0.279377651581118,-1.238957624259528,0.27802372666449987,-0.2122047567710812,-1.0626158463416444,-0.8775861916989195,0.7578801116291488,0
0.45177636941700994,0.46611879938414247,-1.0449673504184651,1.363996090730795,0.4354579956772194,2.1184630939432503,-1.1373790724528083,1.6094169788998034,0.9763401565009105,-0.3499014904858521,-1.2490844938230747,1.7977571711549682,0
-0.6276168181879835,0.576568111326538,0.8846293202512334,0.5889762879327504,1.131219611446694,-1.3401338699604166,-1.2271560010323905,-0.056838179900789654,-0.6254514650514829,-0.2501257461538242,-0.6659640495033308,1.3159003371945708,0
-0.4664004422209389,0.20145986423895074,-0.10625788335631502,-1.0163658924687984,0.15053639842090613,-1.1808295086855223,-0.44634135946374887,0.5753622390218016,-0.5212966989409594,-0.48966561042043266,-0.13147324144705236,-0.5122078984778755,0
-0.5359350726450456,-0.9393534433654142,-0.400167450723705,0.6155852309302,-0.022926822079164765,0.11357643303972276,-0.41702387400380314,0.09422312874441097,-0.04344256671288313,-0.38634908420708997,-0.38902699771029403,0.4953529077555916,0
-1.4022864845938183,1.0729357793621959,-1.1472542887160486,-0.5196771968189725,-0.022926822079164765,-0.3094054396963393,-0.9463477506181215,0.7294552335217173,0.9461288645537649,0.9009004174676986,-1.1307179580909843,0.1766070409882392,1
-0.8385043950601672,2.5156631681133277,-0.7673840813095427,-0.3063394433014602,0.9315205416011766,2.8280030422193403,-0.3459395977252667,1.5243492369634462,-0.40272734731274956,0.06321699732654723,-0.1317490971179647,-0.13058998020817136,1
-0.8856928988907244,-1.5555955841954643,-0.9572315996100854,1.130809679852994,1.9162773311953878,1.3046751686154139,-0.01698165024935975,1.6413948287550169,0.4690148471112113,0.13333101480592946,-0.3874408033849502,0.4893285523530064,1
-0.6815110345380889,-1.7347946455483727,-1.4231061498820725,0.328414639543626,-1.7586220857999373,-0.15903535150894657,0.6593578414829712,-1.0003399182673223,0.8497866895868261,-0.1700481908073472,-0.16613163519740684,-0.3433452270649508,0
-1.2228843815452282,-0.34692313101920264,1.653452871955075,1.62307768203383,0.3049639921619797,-0.995405575362482,-0.08189518516154583,0.027981667527932786,-0.4435026785370518,0.6343396840705652,0.08988373609469856,0.8232855731230834,1
-1.1293511919668142,-1.0099894936358889,-0.03362946817250463,-0.7241573176791135,-0.022926822079164765,0.32304933755492204,-0.2845505764129233,-0.6738401954631024,-1.538237199652502,0.4953654179537277,0.862894565605352,-0.4238193186829998,0
0.03878689082232209,-0.57277723984664,0.4669095298518989,0.23871396374066736,-0.6555533485178824,-1.2963305730893742,0.6503073321907572,0.19164513558690466,-0.7146802867489026,-0.9635329721061271,0.8618463621927944,-0.383274113509974,1
1.5802357764559134,2.4409434798691008,1.9866117735246624,0.5960981608308586,-2.0984991548144736,0.952195829498602,0.5207116472222498,-0.24977657940442044,-0.5460337861192682,1.3267955049095317,0.61812729947989,-0.1391874602565956,1
-0.3403484597134019,-0.6905978944190919,-0.0262024771698479,-0.3416979629557198,-0.783122249931771,2.8280030422193403,-1.5879417567909435,0.1703045818689298,-0.49082013357266296,-0.6769572214572952,-1.0066202855688768,1.0151493187827585,1
1.0892122022394806,1.1713739646680148,-1.6971802961019737,-0.10352597298010247,-2.0413983440660655,-2.0951881580577676,-1.61174629686123,-1.5660963077168506,0.0871581855962959,0.5972187506004489,-1.2525918986669584,1.2625322634733287,1
-2.0022686212793106,0.5122453758747951,1.002027088468282,0.9702280748360927,-0.010048269772006438,-0.5569390772341669,0.4593888677582322,-1.7052147728218743,-1.504742064255806,1.7923708944706753,1.5405652632510058,0.08612717646052476,0
-0.027898384939835492,0.6213572859761477,0.5978134571481228,-0.46833194599693884,2.0946289933074675,1.8021963567513766,1.713235175419271,-1.034130035165079,0.6788206587273682,-1.0626158463416444,0.5503014369016321,-1.0859902970724717,0
-0.027898384939835492,1.1490712302166137,0.6102547236632235,-0.5724491836753459,-1.123787526752855,-0.876919351336285,0.7609098992781397,-0.9622198996088712,0.4005541131392772,-1.0626158463416444,0.13482830776633925,-0.8262768269182521,0
0.22506236910600438,-0.5736686831427594,-1.037197733667852,0.4579921164481099,-0.022926822079164765,-0.6367207267814685,1.170816376623583,-1.6647712109254762,-0.1633899626528645,-0.6867595828234404,0.7876359817863334,-0.5083194393577826,0
0.002042556177814074,0.058648329181024715,-0.6038611905417802,-0.11774781206609357,0.4643374565570431,0.5511370647391993,0.9074509195492887,-0.42338398260301163,-0.9144155544577715,-1.0181287467631104,1.2613368262602196,-0.6663836560832621,1
-0.6840859084583758,-1.4134450313787361,-0.7851870552814554,-0.3228348369763487,1.5277295122596826,-0.4922656822379768,0.7160987128072073,0.19230605414318136,0.30668842340943175,-0.16622237010104854,0.1617952793801943,-0.6876329807918462,0
-0.8467978340980921,0.05542104093087797,-0.0796993585133578,1.2869027712219534,-0.23765412722042464,-1.431629774756369,-0.3750255252805583,0.5243795162749224,1.1922242907587537,0.07553962429003895,-0.8926967977771739,0.8779528540195287,1
-0.9491584036465452,-0.7744464487822412,-1.601219670179355,0.12141758561512374,-0.11549526429433633,0.18509315537507912,-0.88665322072412,1.9179927957348089,0.03648071897039145,0.22762986195238036,-0.7467409773721827,0.5830802601205017,1
0.030506706527645346,0.6164639157811418,-0.2055861706255924,1.5947180244372483,0.4812456750077335,-1.1887796897562055,0.9957141176785482,1.1519667609670154,0.3087486557201221,-0.9758359047961338,0.33926710976342656,0.09002914439402622,0
-1.7059952067610045,-1.144981276129248,-1.94583908749638,0.7478943996761274,0.7534978828336001,-1.031012949528542,-0.016323271617558806,-2.0594529737554303,0.17531819752818736,1.3521594514716897,-0.23765934140397235,0.27072678382682397,1
0.6924066710375794,0.08390282793591286,2.159253334734427,0.12319944920990893,-0.022926822079164765,-1.6617321653002077,-0.005607165498571777,0.1661968118697637,-0.5165386583208139,0.007633837069252693,0.1976950075697385,-0.09167313021320975,0
-0.8082703912415238,-1.8797911659308357,0.7308036464453134,0.1382759132636531,1.76360191109766,-0.04798102696948386,0.33556933856525256,0.17952001293084893,1.0248017107348515,0.018294456874239924,-0.43192860976763336,-0.277248311526324,0
-0.6099731629093893,-0.41723127493051887,1.9970547872764004,0.7250133282678102,-0.022926822079164765,1.2871960638635351,0.4800977251640601,-1.2618230614089065,0.8056925029425567,-0.2763411896238178,-0.24939866086191848,-0.05135369852994427,0
-0.3470875436186992,-0.6282165047325415,0.002961375435526799,-1.5404845304165704,-0.022926822079164765,-1.455844083149161,0.012562827447721607,-0.8709629192875254,-0.054188830684681964,-0.6669440994386847,-0.08908264167840063,-1.0441092337873465,1
-2.092013360200847,-1.014554478415813,0.23662548217892457,0.9468618115234249,-0.022926822079164765,1.483579963465277,-0.13096513474811242,0.31360399577954867,-1.5052551342094698,1.925716173143243,0.9743662398032805,0.4691956919117388,1
0.6063373683645199,0.5556624699319868,0.2319398036391987,0.11261350871330851,0.23212167191169616,-0.20348375671808924,1.6194340460761167,-2.554563136600393,0.07108155013189806,-0.12025037417266704,0.9127369690436995,-0.8195930260752178,0
0.0375538773364997,-0.720306119612106,-0.2938856288524623,-0.3723898030428298,1.219718906077342,-1.6424813227230548,-2.1339733473282685,1.4591398869536127,-0.7435513847334482,-0.9653650185174244,-1.3198409666924613,1.9081633064877686,0
-0.030728760858019174,-0.8736783655976849,0.8780814817003614,-1.1041017804399678,-0.022926822079164765,1.1650480521343953,2.0871761900672086,-0.4720692616477428,-0.43819476489876313,-1.0668212991636568,1.6939071127885286,-1.4264677607428322,0
-0.6639301604257508,-0.8011185792077852,0.3664842663108305,0.7052625909919208,-0.31416783228874984,-0.26958187473705353,-1.0340675445453282,-0.030622264389244508,0.5527310910223482,-0.19617035223974835,-1.049219808667838,1.1657897058686886,0
0.425989564372658,-1.0462349600361391,0.3730994672395765,0.732213359048727,-0.13239459604450546,0.05003367021375551,0.5504157098111024,1.4786832149626647,0.8296270687256256,-0.38821625685584066,-0.2197830288563952,-0.08644186766248692,0
0.05296247987383742,0.19004016253328085,0.1544620680683363,-0.6704918039611818,-1.0012947960408605,-1.560654266418533,1.0211599035844228,-1.5427050326799592,-0.2403725058648761,-0.942470479806999,0.7422570069573117,-0.9645320246313149,0
0.37892954020136577,0.08828859503886387,-1.2215427849293534,-0.13741483343210686,-0.9079713883137137,-2.6973943668570124,1.113591956383436,-0.21577858792401042,-0.35386806842183854,-0.4581393756131994,0.9006037300464449,-0.7538704902542355,0
-0.027898384939835492,0.8614109288122394,-1.527210621205145,0.9312594581141014,-0.022926822079164765,-0.6534200684141311,0.35296732647863993,-0.10490150268716354,-0.6867580802293162,-1.0626158463416444,0.604265030420981,0.12983503927897358,0
-0.14673315688446764,0.030437426418975313,-0.2649468787260966,0.7660014052969171,0.6702484154210484,-0.599283899055108,1.2096036385775562,-0.03194493265004477,0.26603442098534363,-0.9646363302412673,0.5041714439436112,-0.3871894540128739,0
-0.4186210946678127,0.27095369260805174,-0.23426994179255384,-0.49303711681025186,-1.1153697047972146,0.6791119621841895,-0.6427639147874928,1.5034780148921902,1.2065090815601347,-0.560657520261915,-1.044448569912002,-0.04523666957007032,0
-0.06869143713553842,-1.0216157269342612,-0.4900663894670669,-0.4068589028519889,1.2263659039904098,0.8044578260672469,-0.7948874851648049,-1.128400040983022,-0.0055120772350553794,-1.0805929310745015,-0.6653296412800832,0.13029490849796901,0
-0.46182316366819115,-0.6205192862264856,0.5735139006313289,-0.37234072302182053,-0.5434944850215647,0.9584611062738595,2.148258876160738,-0.3913985717633605,-1.1017922851320041,-0.4964666607272562,2.5355679680367897,-1.16090562444444,0
-1.115170419355379,-0.2645135947262231,-0.6662519061133922,0.7631697956284997,-0.022926822079164765,-0.7981452399712181,-0.6641725245437001,0.5506584492143958,0.5505801402908054,0.4742952237742405,-0.8221387371675086,0.8117291057082774,0
0.3724932361204759,0.14234300036566228,-0.3049968929725389,0.38104624909956053,0.5537044731480026,0.2899151558485085,-2.727054451479295,0.5477733412848823,-0.5557095936632707,-0.46770261878044517,-1.8431597299967473,4.754361867603021,0
0.4784203058906268,-0.5434737783889634,-1.0897197456187913,1.8405714454345135,2.0946289933074675,0.5450252539492273,-1.7867284602610978,-0.001653579489785391,-1.2363996510544566,-0.31031317392598246,-0.7861555246554243,3.408094036808031,1
0.0027207188480369744,-1.8761102440756978,0.28536918478038414,-0.9023497353479394,2.0946289933074675,-1.0554233816747258,-1.5728507558169762,1.4292931312949981,2.0333591265842443,-1.0171211134318099,-1.7306770427478495,0.49645216480152404,0
-0.21058765948115588,-0.011611250063927207,0.4117189292381709,0.05465573663711036,-0.6730651280914388,0.09004949207590515,-0.6568674014808213,0.6558445771822037,1.9244668631251816,-0.8697594990690469,-1.258779940524131,0.3311445234615776,0
-0.3392919615092911,0.5175961463251657,0.2017790819784911,-0.32448855110685365,-0.2660069142645015,0.030998072677845642,0.02433766286111392,-2.116610673074555,0.6246756114903509,-0.6785269964562217,-0.43544700244623374,-0.3625010934383301,0
2.2904868003496666,-2.5025606854933793,2.0263617581333273,0.8983073500276483,0.11649412477296617,-0.21053210669318365,0.016406303637416388,-0.8436352885574583,-0.8550461817693765,2.382106622270881,0.47585886571283775,0.3331238731636875,1
-0.16183123873924396,1.1462689751817192,-0.7565254659764873,-0.6225949928048682,-0.022926822079164765,0.13038694363731804,1.1815202580671822,0.9917814494036853,-1.7764994982098403,-0.9422031719688189,2.6661462863645764,-0.9949090058923087,1
-0.9643537755209395,-1.4928349994002466,0.7916330454974891,-1.3074033532106126,-0.022926822079164765,0.46778848843107196,-0.631418471142141,-0.018024860586645618,0.14330062376200758,0.25020757649557973,-0.6258413389907171,-0.5940517431906737,0
-0.027898384939835492,0.19724290470766995,-1.1570177759495643,1.173693058341398,1.0621584142884588,-0.5985792108031787,-0.20768076574787808,-0.4755687116235321,-1.055597799810368,-1.0626158463416444,0.46006508562674925,0.6639683892304222,0
0.009655391141071959,0.30919060209256,-0.9310675875804642,0.6231504592762631,-0.3937777242902759,-0.7175698419183165,0.18993788793224692,0.03134987413040457,2.1723089325572214,-1.006817380638892,-0.9178362404089448,0.0656950232174805,1
0.816665340119115,-0.9278787392566854,-0.920190719763791,2.1179496098457253,-2.0984991548144736,-0.4559140454966165,-0.16036537258165345,-0.3312387816913058,1.2903757366231408,0.19226089215095796,-0.8100120561307502,1.181761076636367,1
2.2904868003496666,1.4216689060251726,-0.37790581427091746,1.068873023017102,-0.022926822079164765,-1.5395245798079502,-0.20033667305374778,0.5772061576452626,1.6142270106071728,2.382106622270881,-0.9397422537019396,0.5955755412607927,0
-1.3852370559457092,-0.3147732578384614,-0.3700732144063361,-0.05806686079417906,-0.022926822079164765,-0.5989094087989447,1.0155112252449021,-0.4749612650468336,0.22308624087685125,0.8755678927803421,0.4069536164714419,-0.6808807867537086,0
1.5492260058905953,0.13105029923961273,0.5721757471016022,-0.18032606390557862,0.18953044930920296,-0.7922034196279322,-0.03911511114883895,1.3403055943983153,1.1020267945658693,1.2807203082206209,-0.6737038467817815,-0.24481865800461192,0
0.6698206621669139,-2.5025606854933793,2.6791991612090658,-1.248357671588179,-0.022926822079164765,-0.7458484143578233,-0.25850006911898726,1.3681806721469636,-2.0305402531752144,-0.02592509555623661,1.5210108129791375,-0.7548795864545652,0
-0.7427224188654952,-0.24855949474893316,0.35228696053187314,-1.756911832925119,-1.1936109780538318,-0.9031122989777518,-2.0283632566350547,0.8880559114173243,0.9932336575177163,-0.0790985797308932,-1.759769236566521,0.22470629645023443,1
-1.005468858360442,-1.6814168096824311,-0.4025195111758253,0.0194256392860626,2.0946289933074675,-0.8439935423817262,1.354039632684322,0.726835846920405,1.8745039648412303,0.3112975327956645,-0.2484698895128068,-0.7701218070837328,1
0.7905753499044118,1.5028730663402863,1.0813043482563427,-1.529043988162035,-1.5262280016031151,-0.11425696939793255,0.18308875743619618,-0.6278232898671547,0.9470872280753676,0.15349564465510396,-0.48520041348861137,-1.1020376777680738,1
-0.027898384939835492,-0.45660109474532284,-0.46164418271901836,1.740228451556925,0.8733632507035652,-0.8480274797912809,1.8097715340462939,-1.0995846540004064,0.2527565219654549,-1.0626158463416444,0.9005993260271836,-0.22691891900753525,0
-1.202876199550798,0.07768638485466345,-1.1953002103295578,-0.5311527479750594,-0.022926822079164765,-0.6250407190427228,-0.7359501271620824,0.505039404518877,-1.009068435050992,0.6046109597370825,-0.02597770227489697,-0.0015509213332331536,1
1.9782550271801975,0.6764305137653263,-0.78181967941154,-2.5411298579174484,-0.022926822079164765,0.8817174421489656,0.1718079671122345,-1.5507446337939588,-0.9626021796450389,1.9181837973338793,0.6976150699582042,-1.6504371425114184,0
-0.4555122822844001,-0.42472053432131135,-1.1928511209243655,1.1817915331498385,2.0946289933074675,-0.530989898190741,0.5716826901987994,1.1067538529009673,-1.3939028612277007,-0.505843547293575,1.507619194138615,0.1275464594534758,1
-1.4439986234823745,0.47698328404249546,0.11054259298307702,-1.142819790202581,-0.5257843568083974,0.6896070530727265,0.0678989615568648,0.7116410811118987,0.4999505429003806,0.9628774965807854,-0.3498625191601908,-0.843277182990795,1
-0.9634060537991089,-0.5123271816796152,-1.0657564793842247,0.507666058669143,2.0946289933074675,-0.15906215415346409,-0.5732133576798345,1.1309328367966667,-1.5860186419700435,0.24879942467943775,0.6327273982546145,0.5589900658180257,1
-0.027898384939835492,-0.44848076331204234,1.0015544471244306,-0.6170889942666632,0.5241842765880743,0.6463902252512967,0.7022593937468633,-0.48509063852377865,0.7240060554453419,-1.0626158463416444,-0.07794412016470732,-0.8257606149888459,1
-0.330136972522458,-0.04581617262600452,1.4497542027703612,0.33143636547816946,-0.022926822079164765,-0.12857419242422197,-0.2562465067708666,-1.177745676600377,-0.4523485163635291,-0.6921297387714105,-0.03372070666669955,0.19659819221626124,0
1.3609494303409997,1.0126795765033818,-0.5903187749445218,0.014646517480478474,-0.41708372125650833,0.3545869644367145,-0.5100664862341533,0.7192501010808707,-0.4111829290970135,1.000973631859709,-0.24739874209443197,0.1876703651573745,0
-0.027898384939835492,0.7743398587671763,0.6204544580660875,0.4872155020605633,-1.8623105297852172,0.5489059827244506,0.4531376948411732,-1.9676516833448672,0.9207628592216703,-1.0626158463416444,-0.31880275778274014,-0.15842497562146854,0
0.2353963231522613,-0.4269882851514881,-0.2997539738724034,0.3312645477073824,-1.1924721498004913,-1.0924777996597421,-1.1519311851458003,1.092952935515042,2.726057444576487,-0.6714051007819649,-1.663611414682941,1.0214046477952092,1
-0.4909624074854251,-0.3376067997327372,-0.5328591546383779,0.13766207427379676,-0.11554685129868794,-1.2575384560522709,-0.7995701580346439,-1.1974955154018492,-0.4240142463120971,-0.4531707457375863,-0.4535758885104896,0.5126498754837288,1
-0.027898384939835492,-0.47226468126426724,-0.29623976922052614,0.13449682219805584,-0.022926822079164765,-1.899049539749053,-0.05477621336252985,-0.6060565949439283,-1.7435585023534639,-1.0626158463416444,1.3390620449486528,-0.05475773620817474,1
-1.041314000812481,0.9540331430069424,0.7574246920800493,0.5746524117108077,-1.2556724127948955,-0.9508096916040942,0.2274818511476367,-2.0019799326213867,1.3864518700424742,0.3645572621877573,-0.6367344280160082,0.016453024479555912,1
0.17362162021774985,0.6607814439853774,1.1731656699367874,1.7608047098640423,1.3582911241392028,-0.023806417300836304,-1.6097979350156413,0.21434452329547998,-0.5991207606314902,-0.7631917066232213,-0.9737271543693622,2.938824616612533,0
-2.292877724178539,1.648132444765372,0.20484887252263498,0.3641570859227635,0.5590386640118911,-0.004181419839332406,1.8660047078583726,-1.780785259064673,-1.6161355621565812,2.224166142599513,3.0809936581320367,-0.7962538759118265,0
1.0928208243009014,0.995965970235488,0.9172185281238007,-0.7622773345470987,-2.0984991548144736,1.116235035714577,0.515432636991803,-0.8546900272954335,0.664041617567221,0.6025805436168045,-0.15887990419769896,-0.8255511597564503,1
0.09931265956387926,-0.6273583955965292,1.502133578800195,-1.2502877057003485,-1.451446777851735,-1.1859541649182672,-1.2028846070167873,0.714816931345372,-0.6131427359197404,-0.8736020681144108,-0.6538701136476543,-0.15791697881585234,0
1.28292228373157,1.8295640800862922,-1.4221197440137932,0.5372079256393552,0.4599358134102935,-1.0358540271979697,-1.932130224228033,0.7695031535383445,1.9980231734959424,0.8850386842105059,-1.8990745583164708,2.4479111997770318,0
0.3139480787404648,-0.6911916190620551,-0.7100656123005539,0.5886021442099244,-0.022926822079164765,-1.5467166828322374,0.9610599856114012,1.579955029648581,-2.173423048217234,-0.5546906742317215,3.1812786784193854,-0.35909440037419943,1
0.10837195676632173,0.5283766000955008,0.1511256820397234,-0.5899368567620155,-0.9206836045650029,2.435520230005543,0.8259413369945406,0.48706311439638716,0.2314929130493619,-0.8601415073667388,0.2785700993280578,-0.8587828278757288,0
1.4201924280132423,-0.8520367314837869,-2.0372952649679865,-0.8542455650121276,1.6656957513168904,0.5467889734459374,0.5785025542487964,-0.2238217813939054,-1.4930561929088857,1.088998558211216,1.6396542769509037,-0.8962380672528881,0
-0.027898384939835492,-1.015631662063088,0.39656401777464917,-1.7606169074942115,0.5284591786007092,-0.17536144447838692,0.35000919981913425,-1.3047019015269525,-0.3218101399312815,-1.0626158463416444,0.32180395271035034,-1.2821798349472524,0
-0.027898384939835492,0.7916220551807636,-1.3647154905914347,0.5836735423980227,0.705652534014536,0.9974094644747669,-0.06542864212683128,-1.631534478846024,-1.0088296587348486,-1.0626158463416444,0.5398543211802167,0.21072533703017635,1
0.004877391652664485,-0.8533073621962399,0.9335835629394516,-1.0702991443435212,0.5227126694886708,-0.9276301162042914,1.4287493320878284,-2.3111864551756973,-0.6284674119553841,-1.0139166678053089,1.3875607164284056,-1.2612434090900742,1
0.386025246883255,-0.1855283108764727,-1.478765316601695,-1.2106042261040248,-0.1329113979003737,1.85533623600664,0.8951803040911882,-0.055249803088246535,2.726057444576487,-0.4475963733576291,-0.7585971729155814,-1.175856851798705,0
0.31433994326421916,0.8797247720042192,-0.4586036684774921,0.9732487911627071,-0.022926822079164765,0.5519570667263913,-0.12947289230179418,0.5418982192643178,-0.5895555003753411,-0.5541084308072061,0.15566556522358949,0.4834907318454321,1
0.7673148503960341,0.4356149986903195,0.4194849603403436,0.8168801081541135,1.619602904353966,-1.3140819005904554,-0.8504433288995038,1.2338176633178857,0.21011121619146012,0.11893453470837441,-0.7991745200057355,1.039124558132279,0
-0.7095708657120233,0.3376427658072533,-1.2223555798831858,1.1354425375832822,-0.5202669574891572,1.2889107129453956,-0.7922762968596582,-1.1511273937865214,0.5060982271701839,-0.1283560977403119,-0.8832864116224685,1.1982104738391204,0
-0.31843693193376044,1.3162097131565733,-1.0487944752975593,0.1487784574843983,-0.0787137142482507,0.2964004937507102,1.6364824212162201,0.4527149277318994,0.49836126766084027,-0.7095139909462846,0.6195343577059855,-0.8101759858530804,0
-1.5974184364430817,-1.5993740245261574,-0.8069428719405245,1.7381561596308204,1.8535872563316302,0.3900730819391899,-1.1665705852080521,-0.897333366372284,0.9313167425702592,1.190833006385376,-1.2522024779523426,2.129537742467486,1
-0.10365686845478975,-1.2511833808522415,1.6263522709640204,0.10970542573300411,1.601281291923711,-0.36192584837394315,1.0930009971832977,0.39041485465152975,0.3547928453249108,-1.0286403014362506,0.37215727407353444,-0.6342406257313241,0
0.2845964721285412,-0.6086558083721988,-0.7101020704292492,-0.15151726106751062,-1.7851305250807277,-0.3250914224197781,-0.9107506238682845,-0.5134283417787023,-0.3421536027971031,-0.5983021238853491,-0.5793260212081517,0.41054640055589836,1
0.2760316853034769,-0.04796662385560393,1.3211191804810258,0.2794042615976551,-0.022926822079164765,1.3186484727454502,0.9331924535281424,-1.7960771204062569,-0.5522865508633467,-0.6110279270876722,0.9365469915346323,-0.490960958903552,1
-0.027898384939835492,-1.9494642382103962,0.9761155725530279,-1.4871384334616744,-2.0984991548144736,-0.4465873573267231,1.440827922010463,0.027981667527932786,-0.171039057437125,-1.0626158463416444,0.9829241967448099,-1.4420501908468493,1
2.2904868003496666,-0.2818174694638566,-0.9734466134733374,-0.22982324598378356,-0.022926822079164765,-0.20546813775515024,0.26511067707339625,0.5332201469389658,-0.5723192433228468,2.382106622270881,0.4444786999058198,-0.4363943794418401,0
1.1831618665912826,0.7318648979520379,1.0307827016014584,0.09845524668286133,0.22409745712391826,0.6699067596195338,-1.5614901988224752,-1.0336088531691265,-1.3981428612227724,0.7368118267487705,-0.4764001536378285,1.3690176939956762,0
-1.6365875623640453,-0.4971414327106821,-0.9640317274034442,1.1923884171793522,-0.3696480362214463,1.9787300803594656,-0.5706223921374551,-0.2686187077335074,0.5727562822427016,1.2490316046994039,-0.7739200578702775,1.0039231927382077,0
-0.027898384939835492,0.5388271317319482,0.7495340495385319,-2.2300224412405796,-0.022926822079164765,0.694021190832151,0.44780050626174367,0.8148426614071494,0.4358431740793744,-1.0626158463416444,-0.08112174874274233,-1.553609673904617,0
1.4620462576810473,0.18790293869554994,0.33151943246714594,-0.9854494812226662,0.02883336236935043,0.4870828353676623,-0.40722540498087695,-1.2429937997607396,0.6673826232513085,1.1511861655031277,-0.7136701104348803,-0.5150471560655259,1
-1.263403312972636,0.24106848718032947,0.06504533433116039,0.6009435479229381,-0.5911666915902951,-0.3560839619395601,-0.09115220641720542,1.095487182830628,-1.3492130895009713,0.6945438616929016,0.8431266408176584,0.2386131266683081,0
-0.027898384939835492,0.2557819803389912,-1.0435114511869026,-1.3086259793187272,-0.28655516929154057,-0.3126771625250751,0.7223546834461423,-0.08665696846888643,0.10968332690987843,-1.0626158463416444,0.28809141272133154,-1.1699367425561786,1
0.6225730519802547,0.01571910237069575,-1.2894801346281664,0.25663629068400035,1.6055741462551236,-0.2693046268163868,0.5988179967021652,0.5437492668690641,-1.266280170955166,-0.09612693493604942,1.3800282013023852,-0.34971509268470174,0
0.37428718271161515,0.33286416857334084,-0.9722549917152575,-0.590552319549624,-0.17608546042403214,0.30522170198944326,0.163883378686158,1.4093936880638525,-0.734271479977856,-0.46503712205056663,0.49458599933358516,-0.5817944690936973,0
0.3896459668702541,0.5625234169519281,0.9302491603044212,-0.38810149926711623,-1.1162553527224734,0.8322624087943385,-0.2935418562765212,0.24912773198047766,-0.2229678886325875,-0.4422166049002954,-0.2028684252922142,-0.21416915786272142,1
-0.22647454256434263,-0.13890207258007736,-0.3194693159131237,-1.7610758638737578,0.3532124558577202,0.3685795132785802,-0.30503466349656366,0.027981667527932786,1.199530610102665,-0.8461543175573131,-0.856803268171393,-1.0448168475612314,0
-1.3916770454144394,-2.5025606854933793,-1.2282419596615082,-0.8152350220023845,1.7452104090264644,-1.3963974968835393,-0.39346158849003127,0.9664506582363914,0.6911201388257704,0.885136611801376,-0.7151180675783289,-0.4166266147520701,1
-0.7936399117043049,-0.31771535960561453,0.15052342103630573,-0.0655919481984194,-0.022926822079164765,0.22800809946835998,0.6653213551369048,-0.09685292879406376,1.5335525024706638,-0.003443924611380329,-0.4624627496806682,-0.5401397071585652,0
-0.20152063181854207,-0.27626485457109146,-0.7608615582827664,0.237929722111851,-0.530412145663794,0.8783990472244891,1.6241372114415795,-0.6964517153339519,1.5311622724090508,-0.8832315459537138,0.03856393105801783,-0.7693280566981362,1
-1.9727004385697415,-1.2830646911604713,-0.9879494569649977,0.9533334671872264,-0.3783224974571709,-0.4999009622829685,-1.9705506071074268,0.7546979360392919,-1.7511397281281185,1.7484376499080492,-0.624932705000439,2.963374535960382,0
0.2238317312819904,-0.15645382519922865,0.5264736081858095,0.8395135514769537,-0.022926822079164765,0.9592785014674399,1.4184264624011234,0.41708319752335915,-0.23478624761604752,-0.6885880994090379,1.0200506662121382,-0.4412500751148463,1
0.5163099049394926,1.925355686900236,-0.5165189349207713,0.7403242209528466,-2.0984991548144736,0.14718130182629408,-1.4377683324956212,-0.7717060919766148,-0.7524535504590062,-0.25401573293191854,-0.7630947105736233,1.7380822313772535,0
0.8795131070016707,-0.4076189914384735,-0.1765972570266337,-0.003961274350152162,-0.36859627160846625,-1.6391562142578342,-0.23471071528980206,-0.25558130687181585,0.3417738670803979,0.28564188684335967,-0.46301863200828597,-0.019995607416301242,1
-0.32422713536844316,-0.35100484566604817,-0.637414213748983,1.509685005757379,-0.4079359709882062,0.3855583711342483,-0.5442090230591695,-1.6287479459892877,-0.5497827473092353,-0.7009107424456269,-0.1873980688234944,1.1836709905046232,0
0.48517704093883257,1.037836045205498,0.01894716009429567,0.4058899876265922,-0.4207152984199469,-0.3632054059490819,1.1980808940624001,-1.6220162425669702,0.442147050561136,-0.30027382533856917,0.3834748418092036,-0.542516704316016,1
-0.8884720864782685,-1.2183714740246228,-0.6692504490361225,1.5001803113025003,-1.7715718100112,1.5166978026878428,-0.7325027387607892,-0.9000717379069129,1.3848817696813356,0.13746041055433553,-1.1481072731111859,1.381865673463008,0
-0.16859841516063018,-0.9412772990953707,0.7491902434570825,0.0004600209394631288,-0.47268560977692486,1.2940664735878387,2.1939536007406346,0.77719836938106,1.4401127386863632,-0.9321483092929675,0.3831728232611424,-1.0313593210849548,0
1.3289597021700768,2.5156631681133277,0.015267010278529919,0.6342891138841972,0.00793637853601065,-0.5203258564832429,-1.6675029449243712,0.027981667527932786,2.3792222758706596,0.9534423863641829,-1.8366350588658535,2.0247085376640617,1
-0.2954504628106143,0.7000766734565312,-0.6238100224254509,0.1344618919443917,-1.069190572462077,-0.1925199504869295,0.8900944700064866,-1.6238534312769326,0.6802544036202615,-0.7436679387738463,0.05705341546958988,-0.5406672881681873,0
0.03127120329865529,-1.1213255933215536,1.245938621187623,-1.2971245435811636,-1.3071994384806849,0.15482369421239753,-1.3002380094229031,-0.2911098885158058,1.770776549016304,-0.9746999938090427,-1.5420629820751144,-0.1131108638258391,1
-1.6608243597830241,1.8872994987580942,2.6791991612090658,-0.8591390813063944,-0.022926822079164765,2.016361452184891,0.6915878439744295,-1.371895284212105,-0.10346458678149224,1.2850433257741056,0.40995611322046127,-0.9402069620179413,1
-0.027898384939835492,0.5565903642387934,-0.3268402845390807,0.3327717265645259,-0.022926822079164765,-0.08299799095790313,0.778224540845168,0.5448969293332687,0.016913271275935424,-1.0626158463416444,0.38666896502758313,-0.3970199538072845,0
0.5276913752338568,-0.09445700735295712,-0.5245082270342233,0.6059397262431881,-0.022926822079164765,-0.4387918853046771,1.7164499825396384,0.027981667527932786,-1.5133428587712743,-0.23710482153651707,2.761326604122048,-0.6497039299001245,1
-0.5191650361193745,0.9667262738852607,-0.6590967382311055,0.28967733574777543,2.0946289933074675,-0.8966656828232169,-1.3119585111437115,1.0525299145766143,1.2378307510252744,-0.41126648015405304,-1.4196169957622016,1.1861926352886938,1
-0.330675965071716,-0.049481558700951514,-0.10639768576199397,-0.6265955607414088,-0.022926822079164765,-0.554462667343277,-1.398944837418434,-1.6043577189840588,0.8522137818462673,-0.6913288883533588,-1.3629882077588076,0.5358456427147944,0
-0.275592180300123,0.12140946376189535,1.7707289313705332,-1.5289415196313982,-1.6675196294347785,-0.6344400967658176,-0.5450473860958032,-0.5403902119806675,-1.328121171059728,-0.7731739382022383,0.4058448943083286,-0.7866938520598747,1
1.0060626753732178,-0.42705705547125733,1.6984279929850703,-0.6212839003280669,-0.022926822079164765,-0.16772452158801698,-0.005401658139542511,-0.6103260925824606,-0.62558502540453,0.4736728250708442,0.2774067028086148,-0.5147932842027878,1
-2.292877724178539,1.1725198554650402,0.7987906289385078,0.3902101573789839,-0.022926822079164765,-0.21634632571593446,0.4081520216371912,-0.7675736337988721,1.3385350940864547,2.224166142599513,-0.5215662347519409,-0.18425551776244165,0
2.2904868003496666,0.5459031971816096,-0.5877477727824809,-0.31423438746474414,-0.022926822079164765,-0.2060570236021545,0.7066393201827922,0.10048260820773207,-0.6033612234291813,2.382106622270881,0.8079300276586794,-0.6795770716971741,0
0.5161259511057523,-0.2721859434201185,-0.08602587872168893,2.2220974042658383,1.7824736090407924,0.4363454451471515,-0.8567536754733173,0.9510960325826442,0.09479906116053197,-0.25428905675588587,-0.7529403831842203,2.0388762143099033,1
0.9871774437409176,-1.0272013541484484,-0.26202722477239504,-0.43655125082489415,0.026898440362181777,1.4780863016651642,1.2089937876325496,-1.3247849686106128,1.6022512335100048,0.4456126122375686,-0.20864925699181905,-0.9209628156704605,1
0.212655577659121,0.5654299695102941,0.44241654116579315,-1.717442092912971,0.06149004158385604,0.5218526864414125,-0.5377589339991146,-0.21896747909075667,-1.819671901216437,-0.705193945470186,0.9330657267740177,-0.912497558280378,0
1.630256065864134,1.0674627681197375,-0.416835815334409,-0.6409352305664019,-0.022926822079164765,-1.6524392545228443,-0.41593668620899077,1.6570499983953617,0.8046795413217466,1.4011170697229656,-0.77360199933283,-0.2939370436472639,0
-0.3076323051785473,-0.14838031294799459,-0.7753701155649636,-0.9305414300603502,-0.022926822079164765,0.5358977974774016,0.3552353993090195,-0.6234184948815622,-0.18533591688157472,-0.7255678118492194,0.23137093792507596,-0.8483218247923283,0
-0.027898384939835492,1.4000035240291335,-1.2118674136686407,-1.0238208478522821,-2.0820349621320733,-1.2980840485499994,-1.7093283195948858,1.451931178973449,-0.220555111587657,-1.0626158463416444,-1.206950890598139,0.5506310070376333,0
0.0611244220998226,-0.4241548020046006,-1.7577212333933023,-2.1205838514926243,-1.7697250349985876,0.002520253228747357,-1.3638093734477843,1.539479326243271,-0.11439045792755323,-0.9303432345365555,-1.0071654202675364,-0.7375961078212832,0
0.5927416747652499,-0.2788600494502937,1.20897652196735,-1.3562637120046128,-0.41782784797041583,-0.34330123517011524,1.7074195300186856,-1.2444082883949734,0.610776383776394,-0.14045124136028614,0.5898936837599863,-1.4462696972065356,0
-0.7396344139533457,-0.6020195475694863,0.7922963993689871,0.6783058773304173,-0.022926822079164765,-0.5105736273749352,0.37860130598693376,-2.300391371044031,-1.7816050447392526,-0.08368682501971006,1.8400831965235576,-0.017826084694767826,0
0.2157406412610256,-0.0530279014529817,0.8078956548520702,-1.3067170600512361,0.5095944274332683,0.8333974792359865,-0.00774129597377911,0.7040206084509827,1.4852107908609182,-0.7006100704635604,-0.7967982380586134,-0.9032428004958942,0
-1.05510945308932,0.6166641431996617,-0.8161829985457422,-0.07248495977048154,0.6741662129247448,-1.2120810398971735,-1.3699393380172635,-1.6100258206961893,-0.964352841337683,0.3850549364846038,-0.5882898172881811,0.9627970861912843,1
0.25155020463388594,0.2500233978967855,-0.37550175266382957,0.20456746431428627,-0.4917960387392779,-1.102423831947129,0.6011013526312698,1.834506985377761,-1.8216369949291662,-0.6474032054765014,2.1340129905889995,-0.3767828772307362,1
1.2843969333247511,-0.08847382129808085,0.26241574970305775,-0.5966690379733973,-0.022926822079164765,1.2261111592165073,-1.332803452358506,0.9780776528252693,0.906290047608955,0.8872297604040535,-1.3403124035415495,0.48832546382429287,1
0.2118916138144904,1.2579817681852017,-0.33013997371294984,0.18532176483629995,0.8227561332656632,-0.8775818000271431,1.1424167814807533,-0.5111599075249466,-0.6564361440767592,-0.7063290646201463,1.1929660391141188,-0.6192860599731329,1
-0.569384359241014,-0.20585592794539975,-1.1212990069265094,0.5094809392023462,-0.022926822079164765,-0.40392662156206155,-0.3130790241262193,-0.4687793368029209,-0.7680797832771632,-0.33664918540368893,0.14204206748912976,0.34693604336936623,0
1.408245543213378,-1.2693177449940747,0.3570572044608092,0.3359153900639662,2.0946289933074675,-1.055166411515933,-0.2053312871189137,-0.2380230868361557,-0.4475122175457377,1.0712475379057274,0.0009367685106464079,0.16307851058034048,0
1.210035393933564,-0.3507391066615631,1.0726915265754358,0.9154524758734436,-0.022926822079164765,-0.244762846006498,1.2079294855680098,0.3944909082898165,-0.21235917223630926,0.7767412759335788,0.8524813419401475,-0.3200965592357846,1
0.1376259269386822,-0.5763893943460583,0.6565667252818305,-0.6857642047974015,-0.6112208724246182,-0.3374085003379902,-0.18528210380192997,1.352034087427821,-0.06941380206782351,-0.8166751287044427,-0.21598289938155074,-0.4564946135659191,1
-0.23509436013664262,-0.9502897184497507,0.07486511184249389,1.1399720191201037,-0.509522423581695,1.2354704105324859,-0.4432177130300261,-0.6877266482460445,-0.8512710465893336,-0.8333467481098163,0.09906343055008265,0.8484242240118336,1
-0.24204107344136105,-1.262477006641546,1.0621837609591789,-0.36618060356314824,0.9250635693297611,-0.03155164078526459,-0.7986359341865202,0.269724555311567,1.5973293768917998,-0.8230251244401995,-1.2433369335661322,0.1616066164932786,0
-2.292877724178539,-1.3182789758617646,0.000847910770054568,-1.3761385328094573,-0.022926822079164765,0.11835613896465774,0.12690910661084553,-0.6261499786469327,2.5803503546958915,2.224166142599513,-1.060761701161151,-0.9970524540580274,1
1.741333574556134,-0.33626971626286684,-0.43614465811216885,0.2640383737233358,1.7308197257067452,-0.2279569791207276,-0.5717395904183556,-0.18269429510481894,0.25078124793952966,1.5661591828181867,-0.6364012354237175,0.3985363864419865,1
1.7177383166238616,0.9089533638242746,-1.1192087865044997,-2.5411298579174484,1.6782361967006414,0.717574526372533,-0.3258059509090257,-0.25121942719133156,-1.446474042228616,1.531100679309911,0.725359646945595,-1.5144977806311413,0
0.6188989540517225,0.32975689694593074,-0.2533154307001628,0.9537036036828086,-0.6756781627768984,-0.8554732626230045,2.1203695505194657,-0.1560517732059375,-0.4558611963136527,-0.10158601385296256,1.7366929803793296,-0.6481109836302653,1
-1.1437448601290214,-0.31052640336124976,-0.6049544915833598,1.7241371496136948,-0.022926822079164765,-0.8915177155244393,-0.6154702693159385,0.027981667527932786,0.7517943734643112,0.516751938381271,-0.8707247830646063,1.4004499295408963,0
-0.9022193847842007,0.7427832172019148,2.1174688298196696,-0.3093581471458526,-0.022926822079164765,0.8096033727821271,-0.5646879089033708,-1.101349555703479,-0.08438396099507492,0.15788653631533592,-0.4688918063054679,0.01876716301590849,0
-0.027898384939835492,-0.11282093907152198,-1.2472520500939497,-1.3830530207801492,-0.28476376303280887,-1.1765691872099024,0.27178931748200175,0.8441342218534064,0.9338502989643306,-1.0626158463416444,-0.42869606291020806,-1.055683883100888,0
1.1632494471464487,-0.044342498583105794,0.3289462206501566,0.7151321368764807,-0.022926822079164765,-0.36567748209051376,-0.5769018311110149,-1.1458029312473084,0.6491276573218885,0.707225389127754,-0.8082207389163252,0.6979479560097036,0
-2.0105040370256395,-0.2447392083661935,0.058017653545744965,-0.10072895882284585,-0.27208544743798807,-1.5022669877872075,0.6102783386601855,1.0591553904500974,0.5116420982689424,1.8046073087816996,-0.021393406998974414,-0.5331091731996673,0
0.7919377635429278,0.15762330817146694,0.0028623287547070264,-1.1998532127297425,-0.4264003338307725,0.4584683357573113,0.4129632589862032,-0.292727546932793,0.17840505908105764,0.15551995748367045,0.04179640212011084,-1.0109444884922478,0
0.003360814037118811,-0.3379354865060074,2.050066617864343,1.0829685268012086,-1.4981451291326993,-0.8915776733165565,-1.9790720090739895,-1.7150068862232961,-2.7356601172715598,-1.0161700418437616,0.3773692914282225,3.11883028183836,1
-0.0009146474805073474,0.38973312168383273,-0.5932995282508546,0.47795241162921137,-0.022926822079164765,1.1302789288530182,-1.6435635124920964,0.7895465299429019,1.1653548441193262,-1.0225226438388506,-1.5835073607794525,1.8399314979995125,1
-1.041381387807846,-0.13265958508747602,0.11932339579996644,0.41598803243826776,0.2908848185908173,0.13915981604788563,0.28256073008389776,-1.0302939023359843,0.11316239313456138,0.3646573876968826,-0.005734090196820032,-0.10097733684509422,1
-0.06491954884283596,0.7258008898480849,-0.6245553950543549,-0.42865725276230804,0.16538748438875975,0.8069331344616933,0.46686634063264015,0.2848075679912038,-1.1482922586136282,-1.0861973096882933,1.1321508543573087,-0.635177643910755,1
0.19249415234833891,0.062376452935274385,-0.9080810843635589,-0.8494282232181548,-0.022926822079164765,0.6375159435251418,-0.9703018014916037,-0.3285254011283025,1.6920480512223852,-0.7351503630698057,-1.356283110109845,-0.04348055432441629,0
-0.09908872448807121,-0.5978013100621192,-1.0724296344843152,0.170242168779012,-0.022926822079164765,0.14623136442306653,-1.5014181865911516,1.0958257653254986,-0.32140650587071307,-1.035427779316052,-1.0172513257689875,1.344390936644975,0
-0.027898384939835492,1.1752296251671124,-0.0810920091524167,-0.2721952109631599,-0.022926822079164765,-1.1792814324429053,-1.3803766903162697,0.7321493444819995,-0.8534007404881419,-1.0626158463416444,-0.6615891166889495,0.8098578677245617,0
-1.7999533561860754,-1.9645241042696302,0.0801450863006211,0.6894739870444933,2.0946289933074675,-0.6899055793458332,-0.918309915936949,0.18451466570848266,-1.1422402901954876,1.4917651349825507,-0.08279268483289483,1.0223948056538237,1
-0.4911808031684111,-1.1778409677783772,-0.07167127444659033,-1.1628258659722284,-0.5209702466455035,-1.5202348707751665,0.7903319872552376,-0.2604718991691644,-0.9042783909041581,-0.45284624723707684,1.1544821657371307,-1.1208091109047449,1
-0.027898384939835492,0.29886138152777664,-1.5335514792533,-0.5026485727750942,0.6211934741434089,2.1294149517800083,2.0870814471742243,-0.662157570677594,0.1995489390641277,-1.0626158463416444,1.1212964102000549,-1.1957801929085925,0
0.16732105444038478,2.4624811519180785,-0.842439190252188,0.6343943717818242,1.5984489147758738,-0.15161283460149044,0.7586781192634748,0.17741760204493576,-0.3574149331856479,-0.7725532659689132,0.6449887673164506,-0.2422700241612249,0
-0.7022197480114045,1.3034544671745099,-0.16490002483801136,0.8597909814428971,-0.022926822079164765,-1.6955699467836658,1.5234167504077158,1.7397804016268876,-1.0311506262248968,-0.13927859693216837,1.908151107876799,-0.47399024434386383,0
0.14164168997796714,1.02515004262056,-0.6322661630612326,0.30397800444571704,-1.9373118649795902,1.125719406077179,1.0993159834137267,0.05909441005594032,0.02939982233164453,-0.8107083940747435,0.594611750439734,-0.5486830402592096,0
0.4452337848972749,-0.3691104269746746,0.09792325750033168,-0.9053138950521278,-0.022926822079164765,0.14633093130358674,-1.6509699062451877,-0.07834021531303899,2.2316432956420833,-0.35962264814374734,-1.8038988626529884,0.5876611124731183,1
-0.6735466582068017,1.2641984809957394,-1.601843999929075,-0.5533229602626528,-0.022926822079164765,-0.14378106062499793,-0.4561001612677126,2.572532419720891,-0.9177085707376128,-0.18188188706755035,0.13870514820442667,-0.21307314470312533,1
1.4988273796851834,-0.3112403452009822,-0.7030603372615432,0.6633848600340064,0.0003341815945426646,-0.025807725652002508,-0.6373058115605709,2.6150000316625386,0.7099914664935799,1.2058365998625091,-0.8678799589926004,0.7196224962502951,1
1.8386272017150185,-1.3765466449456916,0.21076310503380694,-0.12119880809409833,-0.02057237870904919,-0.1322697858483333,0.7308007960106396,1.537039055528558,1.218327603231757,1.710720813755786,-0.2964555027766505,-0.595631291733043,0
-1.9848400611990435,0.9125851830999823,0.6210112952761533,-0.1452544999580365,-0.24774935639601853,0.22952058984210022,0.8779790820359357,-1.472133214991781,0.13457507601152108,1.7664750455474678,0.374891666136377,-0.667628324745082,0
-0.399851877016482,-0.41984802892072237,-0.8792373058940899,0.8157698690624192,1.2371744751504874,0.8381208544579458,-0.8032037563037299,-0.4859568449058312,-0.9030589298989357,-0.5885453562315639,-0.1581262543422125,0.9879025536105357,0
-0.128229257739625,0.46660654576729876,0.4447996413951282,-0.22344918197556116,-0.022926822079164765,-0.5557988383283026,-0.1031324879576929,1.5709809769446386,1.3505340340599579,-0.9921299484482953,-0.8004279235439863,-0.2321305273830725,0
0.38148645326074504,0.43545349424221336,-1.426848063022054,0.8928119463152808,1.1861669872010623,-1.266756920796405,-0.7596716547880111,1.3121112887572675,2.0345186702844824,-0.45434024166349174,-1.3366256292375132,0.995562442014879,1
-0.027898384939835492,1.0904563873500854,-1.0455751841511376,-0.0883444038299339,0.3352275811913665,-0.4379570210958608,-0.3218948388492745,0.9533594263568834,-0.8567020601125915,-1.0626158463416444,0.2018694417038335,-0.012634423848497932,1
1.6386232941727632,0.34388224748669,0.20107724117986292,-0.3906225338205609,0.4003705747625452,-0.0897650587648314,-1.0019140261621822,0.027981667527932786,-0.7408745770959643,1.4135493348778805,-0.4238368260854666,0.3203010091393205,1
-1.1340804218778913,1.06364142862321,-0.9236990064796426,1.603633384482889,0.5756912907473236,0.17775485668279126,0.14259042748381948,0.027981667527932786,2.4114085559860308,0.502392241898812,-1.0082624876695843,0.6340994835573679,0
-0.08008668734532406,0.5108542598035941,0.9464524306433449,0.35867975678330893,-0.3952023630395551,-0.6169205399048395,-0.349189322964776,0.38089096088487,0.021490288513943797,-1.0636615450899034,-0.37723796819509825,0.281838934255997,1
-0.39103740155471756,-1.0446462488173245,-1.58328180576435,-0.3031426525648879,2.0946289933074675,2.1478548037634666,1.1045512941718172,-0.7209003196726148,0.8053715725062159,-0.6016421538926403,0.11637071295295823,-0.8255682548457478,0
-0.439251889060802,1.4089502773353135,2.577481324226249,0.19538718811962066,-0.8747856820634624,1.448035364290315,1.9803924318182817,1.514374662637503,-0.23587911633876774,-0.5300037007664367,1.4202046366275922,-0.8973692709262998,0
-2.292877724178539,-0.35314649718495267,0.09992803719260895,0.6633039958632858,-0.7741093395035594,-0.36537102257249826,-1.2920662592988164,-0.6611893297407343,1.822658387824456,2.224166142599513,-1.5494653319023077,1.4621624683089056,0
-0.6694777126475454,0.031192951204458884,2.076411863020415,1.783286196810626,-1.4372464646051213,-1.3442590550446292,-0.8187815535853432,2.6150000316625386,0.8073821250183257,-0.1879276417939296,-1.0104381015041093,1.680673049242494,0
-0.9611461269747321,-0.21183805916474735,-0.699750874450651,0.6371715606373924,-0.6532041390545973,-0.03492570439569995,0.19087950206303583,0.9803092385504605,-1.610762626061648,0.2454415613016235,1.4146874952967847,0.07273344675800547,0
-0.08269331972947572,0.16271979957898944,-1.2212477695848232,-1.803738780084132,-0.022926822079164765,0.5054441171791211,-1.1531569251487797,1.5169370061413303,1.293935437579386,-1.059788536757175,-1.3482425502686826,-0.6255264660537864,1
-0.978102990540105,-0.38823602768585225,-0.2841122127334891,-1.1626425057028684,-1.3705361499685504,0.932067662697784,1.6373889004371722,0.13217144597237468,-0.6959813199348639,0.2706365501634691,1.6194277029117987,-1.3511894053276468,1
-0.6655579083595163,-0.8553916483556279,0.23979126363595457,0.14147904862942207,1.3224938497759786,-0.6731880681043343,0.4363412452379944,-1.1549206038687811,1.1248996951992223,-0.19375179818917124,-0.41839074722543645,-0.3276458858232957,1
-0.027898384939835492,-0.09731768565894043,-0.38596000840089295,0.5806111896231295,-0.022926822079164765,-0.6636433353306035,-0.1596625880760675,-1.4489702557268898,-1.6699543662212137,-1.0626158463416444,1.1391859874144041,0.27548467060462656,0
1.504809217921244,-0.3778969775975783,-0.011117229810583988,2.5490151593111063,-0.921762239228297,-1.367209192240325,0.7641478922981354,-0.977204734399717,1.8738405276037866,1.2147245847867185,-0.540785124852434,0.6792352991526727,1
-0.10443326344107257,-0.20044474926577183,0.45985959576679547,-0.5478518857619175,-0.08726676543198786,0.6684700286391102,-0.06816583362480627,0.28388295654369083,-0.35268202740524557,-1.0274867117434177,0.03947174828088613,-0.4397040778506307,0
0.27604657070743605,0.6663668334710456,-0.2790992326581059,-1.5852583448070854,0.5864006773116086,0.8217066833774809,0.05707739371407264,-0.5805645702216947,-0.17082885548139826,-0.6110058099322496,0.012628777351484677,-1.0864147390482284,0
-0.027898384939835492,-0.8273919736833244,-0.8482779467400645,0.4689465084841646,1.9426511445882393,0.7258884068136042,-0.14496344968746872,-0.9537298885759741,-0.23136108526918225,-1.0626158463416444,-0.09247123132963224,0.19936203499127786,0
-0.5848188788561778,0.3257520975342343,1.116216887688938,-1.6563548981018614,0.5017040463845127,1.7261493814406363,0.5153679686411172,0.44116292137208,0.0499160933276666,-0.31371613836389933,0.18812427369818832,-1.2791576557872442,0
-0.4603865085991694,0.5726156719983937,-1.4524590735245329,1.8456906018554204,-1.899959523320477,0.9984319675514608,-0.41071890503378916,0.3382559020781791,1.225083820194787,-0.49860128357910444,-0.9235368725414824,1.260957668748099,1
-0.6635623443080008,1.2788750203884374,0.02558317610540797,0.6245923672408024,-0.867896439440462,0.7101489081301985,0.8542961152985793,-0.521682823487459,0.0728574921383264,-0.19671686386049667,0.40013973439350564,-0.2929843120584277,0
0.20638148510809157,0.6013695345359671,0.7491328044600254,-0.4072490691126022,-0.022926822079164765,-0.12679918175803662,0.694935925334568,-0.6320073867237693,-0.051727578668627976,-0.7145161701452831,0.3766128351828289,-0.7202889559317133,0
-0.2461166607599129,0.031873289328730646,0.6521121622810566,-0.6914450740699029,-0.9403671601129273,-0.373867515431111,1.5612119081669618,-0.753933676380778,-1.0244383270298218,-0.8169695011994674,1.9319965696968173,-1.1363800350384559,0
-1.2749199849076442,1.0860124752674845,-1.7656033710315993,-0.6498412893201267,1.7318710634865906,0.4712067755868225,0.07870792562534284,0.7410632894108831,0.06536914856379139,0.7116556595209266,-0.11379586944040784,-0.5731511663229314,1
-0.49996724057897823,2.188690138219727,-0.06773659768756339,-1.4474579848583953,0.7380670221258827,-0.8637017160971882,2.7506220042288985,-0.40357160438839434,0.7187238230283707,-0.43979110930776044,1.1418941823455835,-1.6695023675925524,0
-1.4343232149310217,-0.15073568345442845,-0.47681772003488687,1.2784649102960846,-0.7561652433433033,-0.1819784858605264,-0.5993589553616943,1.4657008483961056,1.3937843254061038,0.9485015001150863,-1.0798378586505382,1.089323623775781,0
1.0412633357058576,0.36492460210642924,-0.6274238536896742,-0.24664939253757429,1.2186677479369519,-1.0101686016303453,-0.6923225646055972,0.9405871896097883,-0.7923445751132309,0.5259749646493889,-0.14398787562079104,0.1576699862783732,0
-0.027898384939835492,1.9502321657217156,0.42704100885274876,-1.4040262450160665,0.227910367893987,-0.02524965869762581,1.439154116489237,0.0782202240192021,-0.3627875190462067,-1.0626158463416444,1.145533973689317,-1.406230437497819,1
0.3721301125406586,-0.6134703714799282,-0.8061309860366854,-0.6875670261875284,0.4861473226217559,-0.8996774507203628,0.8807291870910299,-1.5541647594483767,-0.8140471716137054,-0.4682421580952306,1.138554616742477,-0.9246642294844366,0
0.19667675692062492,0.8417034793127236,-1.2014013590759394,1.1362180653674774,-0.022926822079164765,0.8225015300382797,1.180538375990759,0.4858964891546646,1.1678408681946413,-0.7289357305579629,-0.0259754911006069,-0.20952181283304588,0
-2.2644906669852567,-0.15391955841019803,-0.5246993520311359,0.36971149077754795,-0.8603273233065368,-0.26969116440480817,-1.4311918694570136,-1.3368948211442468,1.3995226813316701,2.181987847831261,-1.5242197675906521,1.4145911172168089,0
0.06366596919358744,0.2278201412083012,1.4437330517718125,1.4707492735666274,-0.42643819269553035,-0.1519819526319247,0.593872556682523,1.5490878551403753,-0.7974454372696659,-0.9265669317744089,0.8920518074126148,0.2589163203256187,0
-0.3093219358538203,-0.8280760387290702,0.18634770032847392,-0.03100953115107333,-0.022926822079164765,1.060681849248057,1.826645329407392,0.8206552064042099,0.25350601161101194,-0.7230573106660249,0.9109389548925122,-0.9417480870406203,0
-0.32921575657168306,1.1692837558645617,-0.2601862927076498,-1.5456035291986503,2.0946289933074675,-0.3244518748453644,-0.764280818739489,0.4520936351248061,0.5972910853876342,-0.6934985075610895,-0.9013314757907734,-0.6781626826986351,1
